name,affiliation,homepage,scholarid
B. Aditya Prakash,Georgia Institute of Technology,http://www.cc.gatech.edu/~badityap,C-NftTgAAAAJ
B. Berk Ustundag,Istanbul Technical University,http://akademi.itu.edu.tr/bustundag,JJY3eIEAAAAJ
B. Chandrasekaran 0002,VU Amsterdam,https://balakrishnanc.github.io,wDjUEMMAAAAJ
B. David Saunders,University of Delaware,https://www.eecis.udel.edu/~saunders,U-0PM_cAAAAJ
B. G. Kim,University of Massachusetts Lowell,http://www.cs.uml.edu/~kim,ujXxdMIAAAAJ
B. John Oommen,Carleton University,http://www.scs.carleton.ca/~oommen,E5TiDR4AAAAJ
B. Prabhakaran,University of Texas at Dallas,http://www.utdallas.edu/~praba,BENEK78AAAAJ
B. Prabhakaran 0001,University of Texas at Dallas,http://www.utdallas.edu/~praba,BENEK78AAAAJ
B. R. Badrinath,Rutgers University,http://www.cs.rutgers.edu/~badri,ZuCDNqwAAAAJ
B. S. Manjunath,Univ. of California - Santa Barbara,https://vision.ece.ucsb.edu/people/bs-manjunath,wRYM4qgAAAAJ
B. Srivathsan,CMI,http://www.cmi.ac.in/~sri,2SMNivQAAAAJ
B. V. Raghavendra Rao,IIT Madras,http://www.cse.iitm.ac.in/~bvrr,jFu4ljYAAAAJ
Baba C. Vemuri,University of Florida,https://www.cise.ufl.edu/~vemuri,1fEZ_osAAAAJ
Babak A. Farshchian,NTNU,https://www.ntnu.edu/employees/babak.farshchian,fGgCWqgAAAAJ
Babak Falsafi,EPFL,http://parsa.epfl.ch/~falsafi,LaNEuBUAAAAJ
Babak Salimi,Univ. of California - San Diego,https://bsalimi.github.io,C8hpXkAAAAJ
Babis Tsourakakis,Boston University,http://people.seas.harvard.edu/~babis,IkEXPUEAAAAJ
Badri Nath,Rutgers University,http://www.cs.rutgers.edu/~badri,ZuCDNqwAAAAJ
Badrinath Roysam,University of Houston,http://www.ee.uh.edu/faculty/roysam,JL4E0ZoAAAAJ
Baek-Young Choi,University of Missouri - Kansas City,http://umkc.academia.edu/baekyoungchoi,Ce0nO6wAAAAJ
Baharak Rastegari,University of Southampton,https://www.ecs.soton.ac.uk/people/br1e18,C2wWMqsAAAAJ
Baharan Mirzasoleiman,Univ. of California - Los Angeles,https://cs.stanford.edu/~baharanm,x63j7HEAAAAJ
Bahareh Afshari,Chalmers/GU,https://www.chalmers.se/en/staff/Pages/bahareh-afshari.aspx,NOSCHOLARPAGE
Bahman Kalantari,Rutgers University,http://www.cs.rutgers.edu/~kalantar,NOSCHOLARPAGE
Baihua Li,Loughborough University,https://www.lboro.ac.uk/departments/compsci/staff/academic-teaching/baihua-li,sQT_ID0AAAAJ
Baihua Zheng,Singapore Management University,https://sis.smu.edu.sg/faculty/profile/9643/ZHENG-Baihua,o5k9wxUAAAAJ
Bailin Deng,Cardiff University,https://www.cardiff.ac.uk/people/view/598849-deng-bailin,zNXnH-UAAAAJ
Baishakhi Ray,Columbia University,http://rayb.info,VaAEb5YAAAAJ
Bakh Khoussainov,University of Auckland,https://www.cs.auckland.ac.nz/~bmk,qQv6KckAAAAJ
Bakhadyr Khoussainov,University of Auckland,https://www.cs.auckland.ac.nz/~bmk,qQv6KckAAAAJ
Bala Kalyanasundaram,Georgetown University,http://people.cs.georgetown.edu/~kalyan,NOSCHOLARPAGE
Bala Kameshwar Poolla,Univ. of California - Berkeley,https://www2.eecs.berkeley.edu/Faculty/Homepages/poolla.html,_Bjrr5AAAAAJ
Bala Srinivasan,Monash University,http://monash.edu/research/explore/en/persons/balasubramaniam-srinivasan(6a75b48c-6276-4090-90c9-0d784c16c78d).html,NOSCHOLARPAGE
Balagopal Komarath,IIT Gandhinagar,https://iitgn.ac.in/faculty/cse/balagopal,NOSCHOLARPAGE
Balajee Vamanan,University of Illinois at Chicago,https://www.cs.uic.edu/~balajee,GKvAsQMAAAAJ
Balaji Palanisamy,University of Pittsburgh,http://www.sis.pitt.edu/bpalan,aA2WomkAAAAJ
Balaji Parthasarathy,IIIT Bangalore,http://citapp.iiitb.ac.in/staff-members/balaji-parthasarathy,cbrHE1YAAAAJ
Balaji Prabhakar,Stanford University,http://web.stanford.edu/~balaji,NOSCHOLARPAGE
Balaji Raghavachari,University of Texas at Dallas,https://www.utdallas.edu/~rbk,NOSCHOLARPAGE
Balakrishnan Chandrasekaran 0002,VU Amsterdam,https://balakrishnanc.github.io,wDjUEMMAAAAJ
Balakrishnan Prabhakaran,University of Texas at Dallas,http://www.utdallas.edu/~praba,BENEK78AAAAJ
Balaraman Ravindran,IIT Madras,http://www.cse.iitm.ac.in/~ravi,nGUcGrYAAAAJ
Balasubramaniam Srinivasan,Monash University,http://monash.edu/research/explore/en/persons/balasubramaniam-srinivasan(6a75b48c-6276-4090-90c9-0d784c16c78d).html,NOSCHOLARPAGE
Balasubramanian Raman,IIT Roorkee,http://www.iitr.ac.in/departments/CSE/pages/Home+Departments_and_Centres+Mathematics+People+Faculty+Balasubramanian_R_.html,QU2O6JMAAAAJ
Balbir Barn,Middlesex University,http://www.cs.mdx.ac.uk/people/balbir-barn,2Sw7gb4AAAAJ
Balbir S. Barn,Middlesex University,http://www.cs.mdx.ac.uk/people/balbir-barn,2Sw7gb4AAAAJ
Balwinder Sodhi,IIT Ropar,http://www.iitrpr.ac.in/sodhi,NOSCHOLARPAGE
Bamshad Mobasher,DePaul University,http://facweb.cs.depaul.edu/mobasher,VxhX6sAAAAAJ
Bangalore S. Manjunath,Univ. of California - Santa Barbara,https://vision.ece.ucsb.edu/people/bs-manjunath,wRYM4qgAAAAJ
Bangti Jin,University College London,http://www0.cs.ucl.ac.uk/staff/B.Jin,8Axgx3wAAAAJ
Banu Diri,Yıldız Technical University,https://www.ce.yildiz.edu.tr/personal/banud?lang=en,GUQMy2UAAAAJ
Bao-Gang Hu,Chinese Academy of Sciences,http://people.ucas.ac.cn/~hubaogang,Npo7kokAAAAJ
Bao-Shuh Paul Lin,National Chiao Tung University,http://bplin.eic.nctu.edu.tw,lS1WwSwAAAAJ
Baobao Chang,Peking University,http://icl.pku.edu.cn/members/chbb,NOSCHOLARPAGE
Baochun Li,University of Toronto,http://iqua.ece.toronto.edu/bli,rkb3_FgAAAAJ
Baogang Wei,Zhejiang University,http://mypage.zju.edu.cn/wbg,NOSCHOLARPAGE
Baoliang Lu,Shanghai Jiao Tong University,http://bcmi.sjtu.edu.cn/~blu,709il6EAAAAJ
Baolin Yin,Beihang University,http://scse.buaa.edu.cn/info/1037/2909.htm,NOSCHOLARPAGE
Baoliu Ye,Nanjing University,https://cs.nju.edu.cn/yebl,BlbNI_sAAAAJ
Baoquan Chen,Peking University,https://cfcs.pku.edu.cn/baoquan,iHWtrEAAAAAJ
Baotian Hu,Harbin Institute of Technology,http://faculty.hitsz.edu.cn/hubaotian,5NiJ1VoAAAAJ
Baowen Xu,Nanjing University,https://cs.nju.edu.cn/xubaowen,NOSCHOLARPAGE
Baoxin Li,Arizona State University,http://www.public.asu.edu/~bli24,swnPphoAAAAJ
Bapi Raju Surampudi,IIIT Hyderabad,https://www.iiit.ac.in/people/faculty/rajubapi,bbSYyiAAAAAJ
Baptiste Jeudy,Université Jean Monnet,http://perso.univ-st-etienne.fr/jeudbapt,NOSCHOLARPAGE
Bara Buhnova,Masaryk University,https://www.muni.cz/en/people/39394,3J7jHK4AAAAJ
Barath Raghavan,University of Southern California,https://raghavan.usc.edu,Ikz6_Y0AAAAJ
Barbara Cutler,Rensselaer Polytechnic Institute,http://www.cs.rpi.edu/~cutler,NOSCHOLARPAGE
Barbara Di Eugenio,University of Illinois at Chicago,https://www.cs.uic.edu/DiEugenio,I4TkqC0AAAAJ
Barbara Dunin-Keplicz,University of Warsaw,https://www.mimuw.edu.pl/~keplicz,F5KWrrkAAAAJ
Barbara E. Engelhardt,Princeton University,https://www.cs.princeton.edu/~bee,VEGtG7YAAAAJ
Barbara Engelhardt,Princeton University,https://www.cs.princeton.edu/~bee,VEGtG7YAAAAJ
Barbara G. Ryder,Virginia Tech,http://people.cs.vt.edu/ryder,OdWimfcAAAAJ
Barbara H. Liskov,Massachusetts Institute of Technology,https://www.csail.mit.edu/user/971,NOSCHOLARPAGE
Barbara Hammer,Bielefeld University,https://www.techfak.uni-bielefeld.de/~bhammer,1d3OxaUAAAAJ
Barbara J. Grosz,Harvard University,http://grosz.seas.harvard.edu,NOSCHOLARPAGE
Barbara König 0001,University of Duisburg-Essen,http://www.ti.inf.uni-due.de/en/people/koenig,bcM7IuEAAAAJ
Barbara Liskov,Massachusetts Institute of Technology,https://www.csail.mit.edu/user/971,NOSCHOLARPAGE
Barbara M. Chapman,Stony Brook University,https://www.cs.stonybrook.edu/people/faculty/BarbaraChapman,2ZHGNCUAAAAJ
Barbara Mary Chapman,Stony Brook University,https://www.cs.stonybrook.edu/people/faculty/BarbaraChapman,2ZHGNCUAAAAJ
Barbara Masucci,University of Salerno,http://www.di.unisa.it/~masucci,Fd3T9wsAAAAJ
Barbara Paech,Heidelberg University,https://se.ifi.uni-heidelberg.de/people/barbara_paech.html,NOSCHOLARPAGE
Barbara Pernici,Politecnico di Milano,http://home.deib.polimi.it/pernici,r-f9TQEAAAAJ
Barbara Plank,IT University of Copenhagen,https://pure.itu.dk/portal/en/persons/barbara-plank(f073ebac-704d-4236-9206-d1d2ef2be9c3).html,5nGlwIQAAAAJ
Barbara Poblete,Universidad de Chile,https://www.dcc.uchile.cl/barbara_poblete,eZBFWGEAAAAJ
Bárbara Poblete,Universidad de Chile,https://www.dcc.uchile.cl/barbara_poblete,eZBFWGEAAAAJ
Barbara Sabitzer,JKU Linz,https://www.jku.at/linz-school-of-education/ueber-uns/team/mint/sabitzer-barbara,woWR6uAAAAAJ
Barbara Webb,University of Edinburgh,http://homepages.inf.ed.ac.uk/bwebb,UwCeZUMAAAAJ
Barbara Weber,DTU,https://www.compute.dtu.dk/english,NOSCHOLARPAGE
Barbora Buhnova,Masaryk University,https://www.muni.cz/en/people/39394,3J7jHK4AAAAJ
Barbora Kozlíková,Masaryk University,https://www.muni.cz/en/people/60850,0hMZracAAAAJ
Barbora Zimmerova,Masaryk University,https://www.muni.cz/en/people/39394,3J7jHK4AAAAJ
Baris Akgun,Koç University,https://mysite.ku.edu.tr/baakgun,5sL0xZ4AAAAJ
Baris Akgün,Koç University,https://mysite.ku.edu.tr/baakgun,5sL0xZ4AAAAJ
Baris Kasikci,University of Michigan,http://www.bariskasikci.org,y5J0h7gAAAAJ
Barnaby Martin,Durham University,https://www.dur.ac.uk/computer.science/staff/profile/?id=15258,NOSCHOLARPAGE
Barrett R. Bryant,University of North Texas,http://www.cse.unt.edu/~bryant,hMCK39sAAAAJ
Barry Devereux,Queen's University Belfast,https://www.qub.ac.uk/schools/eeecs/Connect/Staff/BusinessCard/?name=b.devereux,AuyNOI4AAAAJ
Barry J. Devereux,Queen's University Belfast,https://www.qub.ac.uk/schools/eeecs/Connect/Staff/BusinessCard/?name=b.devereux,AuyNOI4AAAAJ
Barry Jay,University of Technology Sydney,https://www.uts.edu.au/staff/barry.jay,Ml9nDYQAAAAJ
Barry McCollum,Queen's University Belfast,https://www.qub.ac.uk/schools/eeecs/Connect/Staff/BusinessCard/?name=b.mccollum,LJCwMOEAAAAJ
Barry Porter,Lancaster University,https://www.lancaster.ac.uk/scc/about-us/people/barry-porter,bzBKAYwAAAAJ
Barry Smith 0001,University at Buffalo,http://ontology.buffalo.edu/smith,icGNWj4AAAAJ
Barry W. Boehm,University of Southern California,http://csse.usc.edu/new/barry-w-boehm,EyAD66UAAAAJ
Bart De Decker,KU Leuven,https://people.cs.kuleuven.be/~bart.dedecker/index.html,6_505coAAAAJ
Bart Demoen,KU Leuven,https://people.cs.kuleuven.be/~bart.demoen,NFqnq4wAAAAJ
Bart Jacobs 0001,Radboud University,http://www.cs.ru.nl/B.Jacobs,c2b9xloAAAAJ
Bart Jacobs 0002,KU Leuven,https://distrinet.cs.kuleuven.be/people/bartj,kCLViEMAAAAJ
Bart M. P. Jansen,TU Eindhoven,https://www.win.tue.nl/~bjansen,h8FEAYMAAAAJ
Bart Mennink,Radboud University,http://www.cs.ru.nl/~bmennink/index.php,GGXH-b0AAAAJ
Bart P. F. Jacobs,Radboud University,http://www.cs.ru.nl/B.Jacobs,c2b9xloAAAAJ
Bart P. Knijnenburg,Clemson University,http://www.usabart.nl,6z6j91UAAAAJ
Bart Piet Knijnenburg,Clemson University,http://www.usabart.nl,6z6j91UAAAAJ
Bart Preneel,KU Leuven,https://homes.esat.kuleuven.be/~preneel,omio-RsAAAAJ
Bart Selman,Cornell University,http://www.cs.cornell.edu/selman,pJ28HA0AAAAJ
Bart de Keijzer,King's College London,https://www.kcl.ac.uk/people/bart-de-keijzer,JnVqd-oAAAAJ
Bartek Blaszczyszyn,Ecole Normale Superieure,http://www.di.ens.fr/~blaszczy,NOSCHOLARPAGE
Bartek Klin,University of Warsaw,http://www.mimuw.edu.pl/~klin,0-UFxOQAAAAJ
Bartlomiej Blaszczyszyn,Ecole Normale Superieure,http://www.di.ens.fr/~blaszczy,NOSCHOLARPAGE
Barton P. Miller,University of Wisconsin - Madison,http://pages.cs.wisc.edu/~bart,dywFuRMAAAAJ
Bartosz Krawczyk,Virginia Commonwealth University,http://computer-science.egr.vcu.edu/faculty/bartosz-krawczyk-ph-d,0GrFcZsAAAAJ
Bartosz Wilczynski,University of Warsaw,http://regulomics.mimuw.edu.pl/~bartek,3mwGEMIAAAAJ
Baruch Awerbuch,Johns Hopkins University,http://www.cs.jhu.edu/~baruch/home.html,NOSCHOLARPAGE
Baruch Schieber,NJIT,https://cs.njit.edu/faculty/sbar,58Yv3zUAAAAJ
Barzan Mozafari,University of Michigan,http://web.eecs.umich.edu/~mozafari,HHd7uewAAAAJ
Bas Luttik,TU Eindhoven,http://www.win.tue.nl/~luttik,mwYLD4QAAAAJ
Bas Spitters,Aarhus University,http://users-cs.au.dk/spitters,Pm70TvUAAAAJ
Basel A. Mahafzah,University of Jordan,http://eacademic.ju.edu.jo/b.mahafzah,cjUfPpUAAAAJ
Basel Halak,University of Southampton,https://www.ecs.soton.ac.uk/people/bh1m10,2PifIaUAAAAJ
Basem Shihada,KAUST,https://www.kaust.edu.sa/en/study/faculty/basem-shihada,337BjqEAAAAJ
Bashar Ahmad Nuseibeh,Open University UK,http://stem.open.ac.uk/people/ban25,aUQ8O9gAAAAJ
Bashar Nuseibeh,Open University UK,http://stem.open.ac.uk/people/ban25,aUQ8O9gAAAAJ
Bashir M. Al-Hashimi,University of Southampton,https://www.ecs.soton.ac.uk/people/bmah,lD6SIMIAAAAJ
Basima Elshqeirat,University of Jordan,http://eacademic.ju.edu.jo/b.shoqurat,jDBrG0oAAAAJ
Basit Shafiq,LUMS,http://web.lums.edu.pk/~basit,ImR86jUAAAAJ
Bassam H. Hammo,University of Jordan,http://www.springer.com/cda/content/document/cda_downloaddocument/Special_Issue_ANLP_IJST+mj.docx?SGWID=0-0-45-1487362-p35682019,a5nuQFEAAAAJ
Bassam Hammo,University of Jordan,http://www.springer.com/cda/content/document/cda_downloaddocument/Special_Issue_ANLP_IJST+mj.docx?SGWID=0-0-45-1487362-p35682019,a5nuQFEAAAAJ
Bassem Alhalabi,Florida Atlantic University,http://www.eng.fau.edu/directory/faculty/alhalabi,O72412cAAAAJ
Bastiaan Heeren,Utrecht University,http://www.open.ou.nl/bhr,A_vVgqgAAAAJ
Bastiaan Kleijn,Victoria University of Wellington,http://ecs.victoria.ac.nz/Main/BastiaanKleijn,zvVsKLgAAAAJ
Bastian Goldlücke,University of Konstanz,https://www.cvia.uni-konstanz.de/personen/prof-dr-bastian-goldluecke,r6HOvnoAAAAJ
Bastian Goldluecke,University of Konstanz,https://www.cvia.uni-konstanz.de/personen/prof-dr-bastian-goldluecke,r6HOvnoAAAAJ
Bastian Leibe,RWTH Aachen,http://www.vision.rwth-aachen.de/persons,ZcULDB0AAAAJ
Beat D. Brüderlin,TU Ilmenau,https://www.tu-ilmenau.de/gdv/mitarbeiter/prof-beat-bruederlin,NOSCHOLARPAGE
Beata Konikowska,IPI PAN,https://ipipan.waw.pl/instytut/pracownicy/beata-konikowska,EIJSiIIAAAAJ
Beata Stahre,Chalmers/GU,https://www.chalmers.se/en/staff/Pages/beata-wastberg.aspx,NOSCHOLARPAGE
Beata Stahre Wästberg,Chalmers/GU,https://www.chalmers.se/en/staff/Pages/beata-wastberg.aspx,NOSCHOLARPAGE
Beate Bollig,TU Dortmund,https://ls2-www.cs.tu-dortmund.de/grav/de/grav_files/people/bollig,NOSCHOLARPAGE
Beatriz Otero,Polytechnic University of Catalonia,http://directori.upc.edu/directori/dadesPersona.jsp?id=1003427,DYV7AzEAAAAJ
Beatriz Pérez-Sánchez,University of A Coruña,https://pdi.udc.es/en/File/Pdi/TS32G,NOSCHOLARPAGE
Beatriz Vicoso,IST Austria,https://ist.ac.at/research/research-groups/vicoso-group,4Wqy1IcAAAAJ
Bechir Hamdaoui,Oregon State University,http://eecs.oregonstate.edu/~hamdaoui,GRjhMD8AAAAJ
Beddhu Murali,University of Southern Mississippi,https://www.usm.edu/computing/faculty/beddhu-murali,NOSCHOLARPAGE
Bedrich Benes,Purdue University,http://hpcg.purdue.edu/bbenes,2VvQrz0AAAAJ
Beena Ahmed,Texas A&M at Qatar,https://www.qatar.tamu.edu/programs/ecen/faculty-and-staff/dr.-beena-ahmed,giTayZwAAAAJ
Begüm Demir,TU Berlin,https://www.rsim.tu-berlin.de/menue/team/prof_dr_beguem_demir,zq4kgCAAAAAJ
Behnam Malakooti,Case Western Reserve University,http://engineering.case.edu/eecs/faculty-staff,ICngR3sAAAAJ
Behnaz Ghoraani,Florida Atlantic University,http://www.eng.fau.edu/directory/faculty/ghoraani,ssLvFH8AAAAJ
Behrooz A. Shirazi,Washington State University,https://school.eecs.wsu.edu/people/faculty/behrooz-a-shirazi,NOSCHOLARPAGE
Behrooz Minaei,IUST,http://ce.iust.ac.ir/content/544/Dr.-Behrouz-Minaei,M8tgU-wAAAAJ
Behrooz Minaei-Bidgoli,IUST,http://ce.iust.ac.ir/content/544/Dr.-Behrouz-Minaei,M8tgU-wAAAAJ
Behrooz Shirazi,Washington State University,https://school.eecs.wsu.edu/people/faculty/behrooz-a-shirazi,NOSCHOLARPAGE
Behrouz Minaei,IUST,http://ce.iust.ac.ir/content/544/Dr.-Behrouz-Minaei,M8tgU-wAAAAJ
Behrouz Minaei-Bidgoli,IUST,http://ce.iust.ac.ir/content/544/Dr.-Behrouz-Minaei,M8tgU-wAAAAJ
Behrouz Touri,Univ. of California - San Diego,http://eceweb.ucsd.edu/~btouri,W1BHaOwAAAAJ
Bei Wang 0001,University of Utah,http://www.sci.utah.edu/~beiwang,x-P4MtQAAAAJ
Bei Yu 0001,Chinese University of Hong Kong,http://www.cse.cuhk.edu.hk/~byu,dK-URsEAAAAJ
Beichuan Zhang,University of Arizona,https://www.cs.arizona.edu/~bzhang,NOSCHOLARPAGE
Beijun Shen,Shanghai Jiao Tong University,http://www.physics.sjtu.edu.cn/en/people/1/wzShen,wnq7SiQAAAAJ
Beinat Paul,University of Technology Sydney,https://www.uts.edu.au/staff/paul.beinat,NOSCHOLARPAGE
Beki Grinter,Georgia Institute of Technology,http://www.cc.gatech.edu/~beki/Beki.html,PNalJ58AAAAJ
Bela Gipp,University of Wuppertal,https://www.gipp.com,No2ot2YAAAAJ
Béla Gipp,University of Wuppertal,https://www.gipp.com,No2ot2YAAAAJ
Belén Masiá,Universidad de Zaragoza,http://webdiis.unizar.es/~bmasia,d10sXc8AAAAJ
Belgin Ergenc,Izmir Institute of Technology,http://ceng.iyte.edu.tr/people/belgin-ergenc,e00LSrIAAAAJ
Belgin Ergenç,Izmir Institute of Technology,http://ceng.iyte.edu.tr/people/belgin-ergenc,e00LSrIAAAAJ
Belgin Ergenç Bostanoglu,Izmir Institute of Technology,http://ceng.iyte.edu.tr/people/belgin-ergenc,e00LSrIAAAAJ
Belgin Ozakar,Izmir Institute of Technology,http://ceng.iyte.edu.tr/people/belgin-ergenc,e00LSrIAAAAJ
Bella Bose,Oregon State University,http://eecs.oregonstate.edu/people/bose-bella,NOSCHOLARPAGE
Ben Bederson,University of Maryland - College Park,https://www.cs.umd.edu/people/bederson,IcW1vJEAAAAJ
Ben Carterette,University of Delaware,http://ir.cis.udel.edu/~carteret,2Y4R04EAAAAJ
Ben Choi,Louisiana Tech University,http://www2.latech.edu/~choi,NOSCHOLARPAGE
Ben Glocker,Imperial College London,http://wp.doc.ic.ac.uk/bglocker,g_HtjLIAAAAJ
Ben H. H. Juurlink,TU Berlin,https://www.aes.tu-berlin.de/menue/mitarbeiterinnen/prof_dr_ben_juurlink,i27KRcYAAAAJ
Ben Hardekopf,Univ. of California - Santa Barbara,http://www.cs.ucsb.edu/~benh,NOSCHOLARPAGE
Ben He,Chinese Academy of Sciences,http://www.icip.org.cn/team/heben,EmTFUdQAAAAJ
Ben Kao,University of Hong Kong,https://www.cs.hku.hk/index.php/people/academic-staff/kao,TwSParMAAAAJ
Ben Kenwright,Heriot-Watt University,https://researchportal.hw.ac.uk/en/persons/benjamin-kenwright,n2Rwo-EAAAAJ
Ben Langmead,Johns Hopkins University,http://www.cs.jhu.edu/~langmea,2JMaTKsAAAAJ
Ben Lee,Oregon State University,http://web.engr.oregonstate.edu/~benl/Ben_Lee/Welcome.html,Rsx5uzAAAAAJ
Ben Leong,National University of Singapore,https://www.comp.nus.edu.sg/~bleong,kLMAXGgAAAAJ
Ben Li,University of Manitoba,http://www.cs.umanitoba.ca/~lipakc,NOSCHOLARPAGE
Ben Matthews,University of Queensland,http://researchers.uq.edu.au/researcher/646,A-fovxUAAAAJ
Ben Recht,Univ. of California - Berkeley,http://www.eecs.berkeley.edu/~brecht,a_dbdxAAAAAJ
Ben Reichardt,University of Southern California,http://www-bcf.usc.edu/~breichar,BEGRf_EAAAAJ
Ben Samuel,University of New Orleans,https://www.uno.edu/profile/faculty/ben_samuel,hFboSPEAAAAJ
Ben Shneiderman,University of Maryland - College Park,https://www.cs.umd.edu/users/ben,h4i4fh8AAAAJ
Ben Stephenson,University of Calgary,http://www.ucalgary.ca/~bdstephe,oIsadHAAAAAJ
Ben Stock,CISPA Helmholtz Center,https://people.cispa.io/ben.stock,_hDa-5wAAAAJ
Ben Swift,Australian National University,https://cs.anu.edu.au/people/ben-swift,OQdYgLEAAAAJ
Ben W. Reichardt,University of Southern California,http://www-bcf.usc.edu/~breichar,BEGRf_EAAAAJ
Ben Y. Zhao,University of Chicago,http://people.cs.uchicago.edu/~ravenben,cYReSuEAAAAJ
Benedikt Bollig,Ecole Normale Superieure de Cachan,http://www.lsv.ens-cachan.fr/~bollig,dhayPjwAAAAJ
Benedikt Schmidt,IMDEA Software Institute,http://software.imdea.org/people/benedikt.schmidt,wvIA190AAAAJ
Beng Chin Ooi,National University of Singapore,http://www.comp.nus.edu.sg/~ooibc,9560QjYAAAAJ
Bengt Carlsson,Uppsala University,http://www.it.uu.se/katalog/bc,WY1FerUAAAAJ
Bengt Jonsson,Uppsala University,http://user.it.uu.se/~bengt,idIfuU4AAAAJ
Bengt L. Sandblad,Uppsala University,http://user.it.uu.se/~bengts,NOSCHOLARPAGE
Benjamin A. Carterette,University of Delaware,http://ir.cis.udel.edu/~carteret,2Y4R04EAAAAJ
Benjamin Adam Raichel,University of Texas at Dallas,http://www.utdallas.edu/~bar150630,6Qyzi1cAAAAJ
Benjamin B. Bederson,University of Maryland - College Park,https://www.cs.umd.edu/people/bederson,IcW1vJEAAAAJ
Benjamin Bach,University of Edinburgh,https://www.inf.ed.ac.uk/people/staff/Benjamin_Bach.html,dXbz4FgAAAAJ
Benjamin Belzer,Washington State University,http://www.eecs.wsu.edu/~belzer,NOSCHOLARPAGE
Benjamin Blankertz,TU Berlin,http://www.user.tu-berlin.de/blanker,BQitzAIAAAAJ
Benjamin C. Lee,University of Pennsylvania,https://www.cis.upenn.edu/~leebcc/index.html,4Tnj6PcAAAAJ
Benjamin C. M. Kao,University of Hong Kong,https://www.cs.hku.hk/index.php/people/academic-staff/kao,TwSParMAAAAJ
Benjamin C. Pierce,University of Pennsylvania,http://www.cis.upenn.edu/~bcpierce,2kkddh0AAAAJ
Benjamin David Van Durme,Johns Hopkins University,http://www.cs.jhu.edu/~vandurme,wIujAJoAAAAJ
Benjamin Delaware,Purdue University,https://www.cs.purdue.edu/homes/bendy,VS21MfgAAAAJ
Benjamin E. Ujcich,Georgetown University,https://personal.benujcich.georgetown.domains,cb0qEdoAAAAJ
Benjamin Eugenio Bustos Cárdenas,Universidad de Chile,http://www.uchile.cl/portafolio-academico/impresion.jsf?username=bustos,NOSCHOLARPAGE
Benjamin Fuller,University of Connecticut,http://benjamin-fuller.uconn.edu,7wXWIdUAAAAJ
Benjamin Fuller 0001,University of Connecticut,http://benjamin-fuller.uconn.edu,7wXWIdUAAAAJ
Benjamin Goldberg,New York University,http://cs.nyu.edu/goldberg,eTVTXOgAAAAJ
Benjamin I. P. Rubinstein,University of Melbourne,http://www.bipr.net,hMG_gR4AAAAJ
Benjamin J. Belzer,Washington State University,http://www.eecs.wsu.edu/~belzer,NOSCHOLARPAGE
Benjamin J. Blalock,University of Tennessee,http://web.eecs.utk.edu/~bblalock,NOSCHOLARPAGE
Benjamin J. Raphael,Princeton University,http://compbio.cs.brown.edu,GhvZjJUAAAAJ
Benjamin Johnston,University of Technology Sydney,https://www.uts.edu.au/staff/benjamin.johnston,NOSCHOLARPAGE
Benjamin Kenwright,Heriot-Watt University,https://researchportal.hw.ac.uk/en/persons/benjamin-kenwright,n2Rwo-EAAAAJ
Benjamin Kuipers,University of Michigan,http://web.eecs.umich.edu/~kuipers,H1XVLwsAAAAJ
Benjamin Lok,University of Florida,http://www.lokben.com,QclQnxIAAAAJ
Benjamin M. Glocker,Imperial College London,http://wp.doc.ic.ac.uk/bglocker,g_HtjLIAAAAJ
Benjamin M. Marlin,University of Massachusetts Amherst,http://openscholar.cs.umass.edu/marlin,ey960FIAAAAJ
Benjamin Marlin,University of Massachusetts Amherst,http://openscholar.cs.umass.edu/marlin,ey960FIAAAAJ
Benjamin Moseley,Carnegie Mellon University,http://www.andrew.cmu.edu/user/moseleyb,qq-SXN8AAAAJ
Benjamin Peherstorfer,New York University,https://cims.nyu.edu/~pehersto,C81WhlkAAAAJ
Benjamin Raichel,University of Texas at Dallas,http://www.utdallas.edu/~bar150630,6Qyzi1cAAAAJ
Benjamin Recht,Univ. of California - Berkeley,http://www.eecs.berkeley.edu/~brecht,a_dbdxAAAAAJ
Benjamin Risse,University of Münster,https://www.uni-muenster.de/Informatik.AGRisse/people/risse.shtml,NOSCHOLARPAGE
Benjamin Rossman,University of Toronto,http://www.math.toronto.edu/rossman,pWJ0SocAAAAJ
Benjamin Roth 0001,University of Vienna,https://informatik.univie.ac.at/Benjamin.Roth,hz5AsE0AAAAJ
Benjamin Ruddell,Northern Arizona University,https://nau.edu/siccs/faculty/benjamin-ruddell,W1fB5OcAAAAJ
Benjamin Stock,CISPA Helmholtz Center,https://people.cispa.io/ben.stock,_hDa-5wAAAAJ
Benjamin Swift,Australian National University,https://cs.anu.edu.au/people/ben-swift,OQdYgLEAAAAJ
Benjamin Thomas Langmead,Johns Hopkins University,http://www.cs.jhu.edu/~langmea,2JMaTKsAAAAJ
Benjamin Ujcich,Georgetown University,https://personal.benujcich.georgetown.domains,cb0qEdoAAAAJ
Benjamin Van Durme,Johns Hopkins University,http://www.cs.jhu.edu/~vandurme,wIujAJoAAAAJ
Benjamin W. Fuller,University of Connecticut,http://benjamin-fuller.uconn.edu,7wXWIdUAAAAJ
Benjamin W. Wah,Chinese University of Hong Kong,https://wah.cse.cuhk.edu.hk,WL8igVEAAAAJ
Benjamin Wan-Sang Wah,Chinese University of Hong Kong,https://wah.cse.cuhk.edu.hk,WL8igVEAAAAJ
Benjamin Watson,North Carolina State University,https://www.csc.ncsu.edu/people/bwatson,yfYYAMQAAAAJ
Benjamin Weyers,University of Trier,https://www.uni-trier.de/index.php?id=68465,L7JClToAAAAJ
Bennett A. Landman,Vanderbilt University,http://engineering.vanderbilt.edu/bio/bennett-landman,tmTcH0QAAAAJ
Benno Stabernack,University of Potsdam,https://www.uni-potsdam.de/de/aess/mitarbeiter/mitarbeiter,NOSCHOLARPAGE
Benno Stein 0001,Bauhaus University Weimar,https://www.uni-weimar.de/en/media/chairs/computer-science-department/webis/people/stein,NOSCHOLARPAGE
Benny Chor,Tel Aviv University,http://www.tau.ac.il/~bchor,cXTKzbMAAAAJ
Benny George Kenkireth,IIT Guwahati,http://www.iitg.ernet.in/ben,NOSCHOLARPAGE
Benny Kimelfeld,Technion,http://www.cs.technion.ac.il/people/bennyk,bxSK7o8AAAAJ
Benny Pinkas,Bar-Ilan University,http://www.pinkas.net,tpMNnPwAAAAJ
Benoit Baudry,KTH Royal Institute of Technology,https://www.kth.se/profile/baudry,oP4UxPkAAAAJ
Benoît Baudry,KTH Royal Institute of Technology,https://www.kth.se/profile/baudry,oP4UxPkAAAAJ
Benoît Libert,Ecole Normale Superieure de Lyon,http://perso.ens-lyon.fr/benoit.libert,kRpKU4IAAAAJ
Benoit M. Dawant,Vanderbilt University,http://engineering.vanderbilt.edu/bio/benoit-dawant,I_N__-QAAAAJ
Bent Thomsen,Aalborg University,http://people.cs.aau.dk/~bt,mhyMmZoAAAAJ
Benyuan Liu,University of Massachusetts Lowell,http://www.cs.uml.edu/~bliu,s2n1-HMAAAAJ
Berk Burak Ustundag,Istanbul Technical University,http://akademi.itu.edu.tr/bustundag,JJY3eIEAAAAJ
Berk Canberk,Istanbul Technical University,http://bcrg.itu.edu.tr,q3ueClIAAAAJ
Berk Ustun,Univ. of California - San Diego,https://www.berkustun.com,6z_XWYcAAAAJ
Berk Ustundag,Istanbul Technical University,http://akademi.itu.edu.tr/bustundag,JJY3eIEAAAAJ
Berkay Çelik,Purdue University,https://beerkay.github.io,g1I269gAAAAJ
Bernard Carré,CRIStAL,https://www.cristal.univ-lille.fr/profil/carre,NOSCHOLARPAGE
Bernard Chazelle,Princeton University,https://www.cs.princeton.edu/~chazelle,C1VwgssAAAAJ
Bernard D. Frischer,Indiana University,http://frischer.org,NOSCHOLARPAGE
Bernard F. Schutz,Cardiff University,https://www.cardiff.ac.uk/people/view/102415-schutz-bernard,NOSCHOLARPAGE
Bernard Fortz,Université libre de Bruxelles,http://homepages.ulb.ac.be/~bfortz,YaOdoooAAAAJ
Bernard Frischer,Indiana University,http://frischer.org,NOSCHOLARPAGE
Bernard Gendron,University of Montreal,https://www.iro.umontreal.ca/~gendron,GZ8UOVsAAAAJ
Bernard Ghanem,KAUST,https://www.kaust.edu.sa/en/study/faculty/bernard-ghanem,rVsGTeEAAAAJ
Bernard L. Menezes,IIT Bombay,https://www.cse.iitb.ac.in/~bernard,NOSCHOLARPAGE
Bernard Mans,Macquarie University,https://researchers.mq.edu.au/en/persons/bernard-mans,SAbvfFYAAAAJ
Bernard Marie Chazelle,Princeton University,https://www.cs.princeton.edu/~chazelle,C1VwgssAAAAJ
Bernard Menezes,IIT Bombay,https://www.cse.iitb.ac.in/~bernard,NOSCHOLARPAGE
Bernard Merialdo,EURECOM,http://www.eurecom.fr/en/people/merialdo-bernard,GhCcwsoAAAAJ
Bernard Paul Tiddeman,Aberystwyth University,https://www.aber.ac.uk/en/cs/staff-profiles/listing/profile/bpt,pQHTi7UAAAAJ
Bernard Steenis,University of Luxembourg,https://wwwen.uni.lu/recherche/fstm/dcs/members/bernard_steenis,NOSCHOLARPAGE
Bernard Tiddeman,Aberystwyth University,https://www.aber.ac.uk/en/cs/staff-profiles/listing/profile/bpt,pQHTi7UAAAAJ
Bernard Wong 0001,University of Waterloo,https://cs.uwaterloo.ca/~bernard,1MgxnKcAAAAJ
Bernardino Arcay Varela,University of A Coruña,https://pdi.udc.es/en/File/Pdi/FY79E,NOSCHOLARPAGE
Bernardo Cuenca Grau,University of Oxford,http://www.cs.ox.ac.uk/people/bernardo.cuencagrau,THu1uZMAAAAJ
Bernardo David,IT University of Copenhagen,http://www.bmdavid.com,NOSCHOLARPAGE
Bernardo Machado David,IT University of Copenhagen,http://www.bmdavid.com,NOSCHOLARPAGE
Bernardo Toninho,Universidade NOVA de Lisboa,http://ctp.di.fct.unl.pt/~btoninho,LqQoVtgAAAAJ
Bernardo Wagner,University of Hannover,https://www.rts.uni-hannover.de/wagner2.html,na17zFkAAAAJ
Bernardus Juurlink,TU Berlin,https://www.aes.tu-berlin.de/menue/mitarbeiterinnen/prof_dr_ben_juurlink,i27KRcYAAAAJ
Bernd Becker 0001,University of Freiburg,http://www2.informatik.uni-freiburg.de/~becker,blhIc7MAAAAJ
Bernd Bickel,IST Austria,https://ist.ac.at/research/research-groups/bickel-group,Bt-QKXYAAAAJ
Bernd Bischl,LMU Munich,https://www.slds.stat.uni-muenchen.de,s34UckkAAAAJ
Bernd Bruegge,TU Munich,https://wwwbruegge.informatik.tu-muenchen.de/lehrstuhl_1/people/52-professor,io5O8OUAAAAJ
Bernd Brügge,TU Munich,https://wwwbruegge.informatik.tu-muenchen.de/lehrstuhl_1/people/52-professor,io5O8OUAAAAJ
Bernd Burgstaller,Yonsei University,https://elc.yonsei.ac.kr/people.htm,NOSCHOLARPAGE
Bernd Dammann,DTU,https://www.compute.dtu.dk/english,NOSCHOLARPAGE
Bernd E. Wolfinger,University of Hamburg,http://www.informatik.uni-hamburg.de/TKRN/world/staff/bew/bew.htm,NOSCHOLARPAGE
Bernd Finkbeiner,CISPA Helmholtz Center,https://www.react.uni-saarland.de/people/finkbeiner.html,mSwHrYMAAAAJ
Bernd Fischer 0002,Stellenbosch University,http://www.cs.sun.ac.za/~bfischer,m51BXiwAAAAJ
Bernd Freisleben,University of Marburg,https://www.uni-marburg.de/fb12/arbeitsgruppen/verteilte_systeme/mitarbeiter/freisleb,C2B7s-EAAAAJ
Bernd Froehlich 0001,Bauhaus University Weimar,https://www.uni-weimar.de/en/media/chairs/computer-science-department/vr/people/17882,xkrZ7MYAAAAJ
Bernd Fröhlich 0001,Bauhaus University Weimar,https://www.uni-weimar.de/en/media/chairs/computer-science-department/vr/people/17882,xkrZ7MYAAAAJ
Bernd Gärtner,ETH Zurich,http://people.inf.ethz.ch/gaertner,NOSCHOLARPAGE
Bernd Hamann,Univ. of California - Davis,http://graphics.cs.ucdavis.edu/~hamann,aNRlTa8AAAAJ
Bernd Hellingrath,University of Münster,https://www.wi.uni-muenster.de/de/institut/logistik/personen/bernd-hellingrath,NOSCHOLARPAGE
Bernd Meyer 0001,Monash University,https://research.monash.edu/en/persons/bernd-meyer,9rl-K3IAAAAJ
Bernd Sturmfels,Univ. of California - Berkeley,https://math.berkeley.edu/~bernd,5zTUNsQAAAAJ
Bernd-Christian Renner,Hamburg University of Technology,https://www.tuhh.de/smartport/team/christian-renner.html,ONg4SKoAAAAJ
Bernd-Holger Schlingloff,Humboldt University of Berlin,http://www2.informatik.hu-berlin.de/svt,NOSCHOLARPAGE
Bernhard Bauer,University of Augsburg,https://www.uni-augsburg.de/de/fakultaet/fai/informatik/prof/swtpvs/team/bernhard-bauer,d9b5tgMAAAAJ
Bernhard Beckert,Karlsruhe Institute of Technology,http://formal.iti.kit.edu/~beckert,5BPKfQIAAAAJ
Bernhard E. Boser,Univ. of California - Berkeley,https://people.eecs.berkeley.edu/~boser,NHIpV98AAAAJ
Bernhard Egger,Seoul National University,https://csap.snu.ac.kr/bernhard,g-ZpvTIAAAAJ
Bernhard Haeupler,Carnegie Mellon University,http://www.cs.cmu.edu/~haeupler,hIq09eUAAAAJ
Bernhard Hengst,UNSW,http://www.cse.unsw.com/~bernhardh,NOSCHOLARPAGE
Bernhard Jung 0001,TU Freiberg,https://tu-freiberg.de/user/645,NOSCHOLARPAGE
Bernhard K. Aichernig,Graz University of Technology,http://aichernig.blogspot.com,O6dEPWYAAAAJ
Bernhard Kainz,Imperial College London,http://www.imperial.ac.uk/people/b.kainz,Igxq-YEAAAAJ
Bernhard Mitschang,University of Stuttgart,https://www.ipvs.uni-stuttgart.de/abteilungen/as/abteilung/mitarbeiter/bernhard.mitschang,zRbR5b8AAAAJ
Bernhard Nebel,University of Freiburg,http://www2.informatik.uni-freiburg.de/~nebel,4MhUHPcAAAAJ
Bernhard Neumair,Karlsruhe Institute of Technology,http://www.scc.kit.edu/personen/bernhard.neumair.php,MHlS1MEAAAAJ
Bernhard Pfahringer,University of Waikato,http://www.cs.waikato.ac.nz/~bernhard,PEv3OQUAAAAJ
Bernhard Preim,University of Magdeburg,http://isgwww.cs.uni-magdeburg.de/visualisierung/wiki,iz7UUN4AAAAJ
Bernhard Renard,Hasso Plattner Institute,https://hpi.de/forschung/fachgebiete/data-analytics-and-computational-statistics.html,YeSos8AAAAAJ
Bernhard Reus,University of Sussex,http://www.sussex.ac.uk/informatics/people/peoplelists/person/115097,NOSCHOLARPAGE
Bernhard Rumpe,RWTH Aachen,http://www.se-rwth.de/~rumpe,nED1C7QAAAAJ
Bernhard Schölkopf [IS],Max Planck Society,https://is.mpg.de/~bs,DZ-fHPgAAAAJ
Bernhard Scholz,University of Sydney,http://web.it.usyd.edu.au/~scholz,0z6_oNEAAAAJ
Bernhard Seeger,University of Marburg,https://www.uni-marburg.de/de/fb12/arbeitsgruppen/dbs/team/personenseiten/bernhard-seeger,Nc_AL5UAAAAJ
Bernhard Sick,University of Kassel,https://www.uni-kassel.de/eecs/de/fachgebiete/ies/personen/bernhard-sick.html,sGAKnroAAAAJ
Bernhard Steffen,TU Dortmund,http://ls5-www.cs.tu-dortmund.de/cms/de/mitarbeiter/prof/Bernhard_Steffen.html,YFGsf1YAAAAJ
Bernhard Thalheim,University of Kiel,https://www.is.informatik.uni-kiel.de/thalheim,lkH3h9gAAAAJ
Bernhard Thomaszewski,University of Montreal,http://www-labs.iro.umontreal.ca/~bernhard,Qtzmow0AAAAJ
Bernhard Westfechtel,University of Bayreuth,http://www.ai1.uni-bayreuth.de/en/team/Westfechtel_Bernhard/index.php,8eJ_bFcAAAAJ
Bernhard Wicht,University of Hannover,https://www.ims.uni-hannover.de/wicht.html?&no_cache=1,xfI3NpoAAAAJ
Bernie Tiddeman,Aberystwyth University,https://www.aber.ac.uk/en/cs/staff-profiles/listing/profile/bpt,pQHTi7UAAAAJ
Bernt Schiele [INF],Max Planck Society,https://www.mpi-inf.mpg.de/departments/computer-vision-and-multimodal-computing/people/bernt-schiele,z76PBfYAAAAJ
Berrin A. Yanikoglu,Sabancı University,http://people.sabanciuniv.edu/berrin,CyWTeecAAAAJ
Bert Arnrich,Hasso Plattner Institute,https://hpi.de/en/the-hpi/people/professors/prof-dr-bert-arnrich.html,GGtsB6kAAAAJ
Bert C. Huang,Tufts University,http://berthuang.com,TrqegZIAAAAJ
Bert Huang,Tufts University,http://berthuang.com,TrqegZIAAAAJ
Bert Kappen,Radboud University,http://www.snn.ru.nl/~bertk,JSkBINwAAAAJ
Bertha Guijarro-Berdiñas,University of A Coruña,https://pdi.udc.es/en/File/Pdi/L249E,4uEW-IoAAAAJ
Berthe Y. Choueiry,University of Nebraska,http://cse.unl.edu/~choueiry,NOSCHOLARPAGE
Berthier A. Ribeiro-Neto,UFMG,http://homepages.dcc.ufmg.br/~berthier,JMkfK0sAAAAJ
Berthold K. P. Horn,Massachusetts Institute of Technology,http://people.csail.mit.edu/bkph,NOSCHOLARPAGE
Berthold Klaus Paul Horn,Massachusetts Institute of Technology,http://people.csail.mit.edu/bkph,NOSCHOLARPAGE
Bertil Gustafsson,Uppsala University,http://www.it.uu.se/katalog/bertil,NOSCHOLARPAGE
Bertil Schmidt,University of Mainz,https://www.staff.uni-mainz.de/schmi033,fUxQceoAAAAJ
Bertram Ludäscher,Univ. of Illinois at Urbana-Champaign,https://ischool.illinois.edu/people/bertram-ludascher,nYx9xasAAAAJ
Bertrand Cambou,Northern Arizona University,https://nau.edu/siccs/faculty/bertrand-cambou,NOSCHOLARPAGE
Beryl Plimmer,University of Auckland,https://www.cs.auckland.ac.nz/people/b-plimmer,16CrO58AAAAJ
Bessam Abdulrazak,Université de Sherbrooke,https://www.usherbrooke.ca/informatique/personnel/corps-professoral/professeurs/bessam-abdulrazak,moRsZ2kAAAAJ
Beta Ziliani,Universidad Nacional de Córdoba,https://people.mpi-sws.org/~beta,zPeBksEAAAAJ
Beth A. Plale,Indiana University,http://www.cs.indiana.edu/~plale,CyGvFJkAAAAJ
Beth Mynatt,Georgia Institute of Technology,http://ipat.gatech.edu/people/beth-mynatt,NOSCHOLARPAGE
Beth Plale,Indiana University,http://www.cs.indiana.edu/~plale,CyGvFJkAAAAJ
Betsy DiSalvo,Georgia Institute of Technology,http://betsydisalvo.com,NOSCHOLARPAGE
Betsy James DiSalvo,Georgia Institute of Technology,http://betsydisalvo.com,NOSCHOLARPAGE
Bettina Berendt,KU Leuven,https://people.cs.kuleuven.be/~bettina.berendt,NOSCHOLARPAGE
Bettina Grün,JKU Linz,https://www.jku.at/institut-fuer-angewandte-statistik/ueber-uns/team/assoz-univ-profin-dipl-ingin-drin-bettina-gruen,Tl-eVmoAAAAJ
Bettina Kemme,McGill University,http://www.cs.mcgill.ca/~kemme,vLbmweYAAAAJ
Bettina Rolke,University of Tübingen,https://fit.uni-tuebingen.de/Portfolio/Details?id=495,NOSCHOLARPAGE
Bettina Schnor,University of Potsdam,https://www.cs.uni-potsdam.de/~schnor,NOSCHOLARPAGE
Bettina Speckmann,TU Eindhoven,http://www.win.tue.nl/~speckman,NOSCHOLARPAGE
Betty H. C. Cheng,Michigan State University,http://www.cse.msu.edu/~chengb,qABYFOIAAAAJ
Beverly A. Sanders,University of Florida,https://www.cise.ufl.edu/people/faculty/sanders,NOSCHOLARPAGE
Beverly Sanders,University of Florida,https://www.cise.ufl.edu/people/faculty/sanders,NOSCHOLARPAGE
Bhagirath Narahari,George Washington University,https://www.seas.gwu.edu/~narahari,NOSCHOLARPAGE
Bharat Adsul,IIT Bombay,https://www.cse.iitb.ac.in/page14,bZhCDxIAAAAJ
Bharat Jayaraman,University at Buffalo,https://www.cse.buffalo.edu/faculty/bharat,MwIL3roAAAAJ
Bharat K. Bhargava,Purdue University,https://www.cs.purdue.edu/people/bb,rhLst94AAAAJ
Bharat Kumar Bhargava,Purdue University,https://www.cs.purdue.edu/people/bb,rhLst94AAAAJ
Bharat L. Bhuva,Vanderbilt University,http://engineering.vanderbilt.edu/bio/bharat-bhuva,NOSCHOLARPAGE
Bharath Hariharan,Cornell University,http://home.bharathh.info,TpglobcAAAAJ
Bhargab B. Bhattacharya,IIT Kharagpur,https://www.isical.ac.in/~bhargab,udxFQnwAAAAJ
Bhaskar DasGupta,University of Illinois at Chicago,https://www.cs.uic.edu/~dasgupta,V6ddZSkAAAAJ
Bhaskar Krishnamachari,University of Southern California,http://ceng.usc.edu/~bkrishna,JHJozAYAAAAJ
Bhaskaran Raman,IIT Bombay,http://www.cse.iitk.ac.in/users/braman,qj3IRU8AAAAJ
Bhavana Kanukurthi,IISc Bangalore,http://www.csa.iisc.ac.in/~bhavana,QYNU5jMAAAAJ
Bhavani M. Thuraisingham,University of Texas at Dallas,http://www.utdallas.edu/~bhavani.thuraisingham,o_xUNWkAAAAJ
Bheemarjuna Reddy Tamma,IIT Hyderabad,http://www.iith.ac.in/~tbr,FYHCD2kAAAAJ
Bhiksha Raj,Carnegie Mellon University,http://www.cs.cmu.edu/~bhiksha,IWcGY98AAAAJ
Bhiksha Ramakrishnan,Carnegie Mellon University,https://www.cs.cmu.edu/directory/bhikshar,NOSCHOLARPAGE
Bhojan Anand,National University of Singapore,http://www.comp.nus.edu.sg/~bhojan,FDxsgEgAAAAJ
Bhubaneswar Mishra,New York University,https://cs.nyu.edu/mishra,kXVBr20AAAAJ
Bhujanga Chakrabarti,Victoria University of Wellington,http://sms.victoria.ac.nz/Main/BhujangaChakrabarti,3VT_IZEAAAAJ
Bhuvan Urgaonkar,Pennsylvania State University,http://www.cse.psu.edu/~buu1,ZoI6hPwAAAAJ
Biagio Cosenza,University of Salerno,http://cosenza.eu,gQCXas8AAAAJ
Bianca Schröder,University of Toronto,http://www.cs.toronto.edu/~bianca,TW4Th98AAAAJ
Bianca Schroeder,University of Toronto,http://www.cs.toronto.edu/~bianca,TW4Th98AAAAJ
Biao Chen,Syracuse University,http://comlab.ecs.syr.edu/people/bchen,653GqXUAAAAJ
Biao Leng,Beihang University,http://scse.buaa.edu.cn/info/1024/2975.htm,zQqJW3gAAAAJ
Biao Qin,Renmin University of China,http://info.ruc.edu.cn/academic_professor.php?teacher_id=31,NOSCHOLARPAGE
Bihuan Chen 0001,Fudan University,https://chenbihuan.github.io,Cz-4wl0AAAAJ
Biing-Feng Wang,National Tsing Hua University,http://clark.cs.nthu.edu.tw/advisor.php,NOSCHOLARPAGE
Bijan Parsia,University of Manchester,http://www.cs.man.ac.uk/~bparsia,UBcjZigAAAAJ
Bijaya Adhikari,University of Iowa,https://cs.uiowa.edu/people/bijaya-adhikari,lfRiJ8YAAAAJ
Bijaya Karki,Louisiana State University,https://www.lsu.edu/science/geology/people/faculty/karki.php,PVKPY-IAAAAJ
Bikramjit Banerjee,University of Southern Mississippi,https://www.usm.edu/computing/faculty/bikramjit-banerjee,WHs9gMMAAAAJ
Bilal Khan,CUNY,https://www.gc.cuny.edu/Page-Elements/Academics-Research-Centers-Initiatives/Doctoral-Programs/Computer-Science/Faculty-Bios/Bilal-Khan,uOBB1tEAAAAJ
Bilel Derbel,CRIStAL,https://www.cristal.univ-lille.fr/profil/derbel,NOSCHOLARPAGE
Bilge Mutlu,University of Wisconsin - Madison,http://pages.cs.wisc.edu/~bilge,VGr54BoAAAAJ
Bill Aiello,University of British Columbia,https://www.cs.ubc.ca/people/bill-aiello,7gbCeoEAAAAJ
Bill Barrett,Brigham Young University,https://cs.byu.edu/faculty/barrett,yLWfq68AAAAJ
Bill Campbell,University of Massachusetts Boston,https://www.umb.edu/academics/csm/faculty_staff/bill_campbell,ekic9BkAAAAJ
Bill Carroll,University of Texas at Arlington,http://ranger.uta.edu/~carroll,b77CHHoAAAAJ
Bill Dally,Stanford University,http://csl.stanford.edu/~billd,YZHj-Y4AAAAJ
Bill Fefferman,University of Chicago,http://www.billfefferman.com,EBIByAIAAAAJ
Bill Freeman,Massachusetts Institute of Technology,https://billf.mit.edu,0zZnyMEAAAAJ
Bill Gropp,Univ. of Illinois at Urbana-Champaign,http://wgropp.cs.illinois.edu,vB96fX8AAAAJ
Bill Hamilton 0001,New Mexico State University,https://www.cs.nmsu.edu/plexlab/people/bill,W7jbeOwAAAAJ
Bill Hoff,Colorado School of Mines,http://inside.mines.edu/~whoff,XvoGQx4AAAAJ
Bill Keller,University of Sussex,http://www.sussex.ac.uk/informatics/people/peoplelists/person/1463,go6vIr0AAAAJ
Bill Lin,Univ. of California - San Diego,http://cwcserv.ucsd.edu/~billlin,j3geh3QAAAAJ
Bill P. Buckles,University of North Texas,http://www.cse.unt.edu/~bbuckles,4TYgrZ8AAAAJ
Bill Rogers,University of Waikato,http://www.cms.waikato.ac.nz/people/coms0108,RP4Z1UQAAAAJ
Bill Roscoe,University of Oxford,http://www.cs.ox.ac.uk/bill.roscoe,miixtKcAAAAJ
Bill Scherlis,Carnegie Mellon University,http://www.cs.cmu.edu/~wls,F6LzqwMAAAAJ
Bill Smart,Oregon State University,http://people.oregonstate.edu/~smartw,sWCpXFgAAAAJ
Bill Stackpole,Rochester Institute of Technology,https://www.rit.edu/gccis/computingsecurity/people/bill-stackpole,z-ALk7QAAAAJ
Bill Tomlinson,Univ. of California - Irvine,http://www.ics.uci.edu/~wmt,NOSCHOLARPAGE
Bill Wang,Massey University,http://www.massey.ac.nz/massey/learning/colleges/college-of-sciences/staff-list.cfm?stref=059250,u9TbFb0AAAAJ
Bimal Viswanath,Virginia Tech,https://people.cs.vt.edu/vbimal,bu1SCOuD_CMC
Bin Cui 0001,Peking University,http://net.pku.edu.cn/~cuibin,IJAU8KoAAAAJ
Bin Guo 0001,NWPU,http://www.guob.org,VC6N2iQAAAAJ
Bin Li 0015,Fudan University,http://homepage.fudan.edu.cn/binli/zh,8t97oL8AAAAJ
Bin Liang 0002,Renmin University of China,http://info.ruc.edu.cn/academic_professor.php?teacher_id=27,NOSCHOLARPAGE
Bin Liu 0001,Tsinghua University,http://s-router.cs.tsinghua.edu.cn/~liubin,NOSCHOLARPAGE
Bin Luo 0003,Nanjing University,https://cs.nju.edu.cn/58/1c/c2639a153628/page.htm,NOSCHOLARPAGE
Bin Ma,University of Waterloo,https://cs.uwaterloo.ca/~binma,f-eL6DYAAAAJ
Bin Mu,Tongji University,https://sse.tongji.edu.cn/Data/View/2814,NOSCHOLARPAGE
Bin Ren,College of William and Mary,http://www.wm.edu/as/computerscience/faculty/ren_bin.php,9Uqwy4UAAAAJ
Bin Sheng 0001,Shanghai Jiao Tong University,http://english.seiee.sjtu.edu.cn/english/detail/841_963.htm,unORJQ8AAAAJ
Bin Sun,Peking University,http://icl.pku.edu.cn/members/bswen/index.html,NOSCHOLARPAGE
Bin Wang 0004,Chinese Academy of Sciences,http://people.ucas.ac.cn/~wangbin,tDajnHEAAAAJ
Bin Xiao 0001,The Hong Kong Polytechnic University,https://www4.comp.polyu.edu.hk/~csbxiao,yFLW6jgAAAAJ
Bin Xu 0001,Tsinghua University,http://keg.cs.tsinghua.edu.cn/persons/xubin,h-BY2wgAAAAJ
Bin Yang 0002,Aalborg University,http://people.cs.aau.dk/~byang,qjBQhoUAAAAJ
Bin Yao 0002,Shanghai Jiao Tong University,http://www.cs.sjtu.edu.cn/~yaobin,XIIa8VMAAAAJ
Bin Yu 0001,Univ. of California - Berkeley,https://www.stat.berkeley.edu/~binyu/Site/Welcome.html,xT19Jc0AAAAJ
Binay Bhattacharya,Simon Fraser University,http://www.cs.sfu.ca/~anoop,NOSCHOLARPAGE
Binay K. Bhattacharya,Simon Fraser University,http://www.cs.sfu.ca/~anoop,NOSCHOLARPAGE
Binbin Chen,SUTD,https://istd.sutd.edu.sg/people/faculty/binbin-chen,42U2zXcAAAAJ
Bing Bing Zhou,University of Sydney,http://www.it.usyd.edu.au/~bzho9612,YVvMM_MAAAAJ
Bing Chu,University of Southampton,https://www.ecs.soton.ac.uk/people/bc1d11,NOSCHOLARPAGE
Bing Li 0010,Wuhan University,http://cs.whu.edu.cn/teacherinfo.aspx?id=354,TgB8tuYAAAAJ
Bing Liu 0001,University of Illinois at Chicago,https://www.cs.uic.edu/~liub,Kt1bjZoAAAAJ
Bing Mao,Nanjing University,https://www.usenix.org/conference/usenixsecurity17/speaker-or-organizer/bing-mao-nanjing-university,4HAkmwcAAAAJ
Bing Qin 0001,Harbin Institute of Technology,http://ir.hit.edu.cn/~qinb,LKnCub0AAAAJ
Bing Su 0001,Renmin University of China,http://ai.ruc.edu.cn/academicfaculty/fea218174a6e493a99cfcebdc7dfe6c4.htm,d3g2VJQAAAAJ
Bing Wang 0001,University of Connecticut,http://www.engr.uconn.edu/~bing,HvNdFJcAAAAJ
Bing Xie,Peking University,http://sei.pku.edu.cn/~xiebing,f66ae1YAAAAJ
Bing Xue 0001,Victoria University of Wellington,https://ecs.victoria.ac.nz/Main/BingXue,htnpub8AAAAJ
Bing Zeng,UESTC,http://faculty.uestc.edu.cn/cengbing/en/index.htm,s-kUGYQAAAAJ
Bing-Yu Chen,National Taiwan University,http://graphics.im.ntu.edu.tw/~robin,8UC5dY4AAAAJ
Bingfeng Zhou,Peking University,http://www.icst.pku.edu.cn/index.php?s=/Home/Article/detail/id/556.html,JZEz0LMAAAAJ
Bingkai Lin,Nanjing University,https://sites.google.com/site/bingkai314159,7jXU6JMAAAAJ
Bingpeng Ma,Chinese Academy of Sciences,http://people.ucas.edu.cn/~bpma,fClDLgMAAAAJ
Bingquan Liu,Harbin Institute of Technology,http://homepage.hit.edu.cn/liubingquan,NOSCHOLARPAGE
Bingsheng He,National University of Singapore,http://www.comp.nus.edu.sg/~hebs,RogYLKYAAAAJ
Bingsheng Zhang,Zhejiang University,https://person.zju.edu.cn/en/bingsheng,QnOeC4IAAAAJ
Binhai Zhu,Montana State University,https://www.cs.montana.edu/bhz,NOSCHOLARPAGE
Binyu Zang,Shanghai Jiao Tong University,http://english.seiee.sjtu.edu.cn/english/detail/386_975.htm,m3noS0AAAAAJ
Bipin C. Desai,Concordia University,http://www.cs.concordia.ca/~bcdesai,NOSCHOLARPAGE
Biplab Banerjee,IIT Roorkee,http://www.iitr.ac.in/departments/CSE/pages/People+Biplab_Banerjee.html,0q-fdykAAAAJ
Biplav Srivastava,University of South Carolina,https://sites.google.com/site/biplavsrivastava,mPC6wp4AAAAJ
Bir Bhanu,Univ. of California - Riverside,http://vislab.ucr.edu/PEOPLE/BIR_BHANU,AhRGIcwAAAAJ
Bireswar Das,IIT Gandhinagar,http://www.iitgn.ac.in/faculty/comp/bireswar.htm,RcBEsucAAAAJ
Birgit Endrass,University of Würzburg,http://hci.uni-wuerzburg.de/people/birgit,x6LNQoAAAAAJ
Birgit Grohe,Chalmers/GU,https://www.chalmers.se/en/staff/Pages/grohe.aspx,NOSCHOLARPAGE
Birgit Lugrin,University of Würzburg,http://hci.uni-wuerzburg.de/people/birgit,x6LNQoAAAAAJ
Birgit Penzenstadler,Chalmers/GU,https://www.chalmers.se/en/staff/Pages/birgit.aspx,TNoA6ZMAAAAJ
Birgit Pröll,JKU Linz,https://www.jku.at/en/faw/about-us/team/birgit-proell,NOSCHOLARPAGE
Birgit Vogtenhuber,Graz University of Technology,http://www.ist.tugraz.at/vogtenhuber,NOSCHOLARPAGE
Birgitta König-Ries,Friedrich Schiller University Jena,http://fusion.cs.uni-jena.de/fusion,DbusQz8AAAAJ
Birhanu Eshete,University of Michigan-Dearborn,https://umdearborn.edu/users/birhanu,DVLQDSoAAAAJ
Birna van Riemsdijk,University of Twente,https://research.utwente.nl/en/persons/maria-birna-van-riemsdijk,PnxGeHMAAAAJ
Birte Glimm,University of Ulm,https://www.uni-ulm.de/in/ki/inst/staff/birte-glimm,hymHrFcAAAAJ
Bistra Dilkina,University of Southern California,https://viterbi.usc.edu/directory/faculty/Dilkina/Bistra,1jjyaBYAAAAJ
Bistra N. Dilkina,University of Southern California,https://viterbi.usc.edu/directory/faculty/Dilkina/Bistra,1jjyaBYAAAAJ
Biswabandan Panda,IIT Kanpur,https://www.cse.iitk.ac.in/users/biswap,ZGZkHzcAAAAJ
Biswajit Mishra,DAIICT,http://intranet.daiict.ac.in/~biswajitmishra,xmVV6WcAAAAJ
Biswanath Mukherjee,Univ. of California - Davis,http://networks.cs.ucdavis.edu/~mukherje,ytXtLjkAAAAJ
Bivas Mitra,IIT Kharagpur,http://cse.iitkgp.ac.in/~bivasm,mQ57itUAAAAJ
Bixio Rimoldi,EPFL,https://people.epfl.ch/bixio.rimoldi,SsEHa6cAAAAJ
Bjarne K. Ersbøll,DTU,https://www.compute.dtu.dk/english,NOSCHOLARPAGE
Bjarne Kjær Ersbøll,DTU,https://www.compute.dtu.dk/english,NOSCHOLARPAGE
Bjoern Andres,TU Dresden,https://mlcv.inf.tu-dresden.de,3Bfgs9cAAAAJ
Bjoern Eskofier,University of Erlangen–Nuremberg,https://www.mad.tf.fau.de/person/bjoern-eskofier,7ems5nYAAAAJ
Bjoern H. Menze,TU Munich,http://people.csail.mit.edu/menze,Kv2QrQgAAAAJ
Bjoern Hartmann,Univ. of California - Berkeley,https://people.eecs.berkeley.edu/~bjoern,aZMY6_UAAAAJ
Bjoern Holger Menze,TU Munich,http://people.csail.mit.edu/menze,Kv2QrQgAAAAJ
Björn Andres,TU Dresden,https://mlcv.inf.tu-dresden.de,3Bfgs9cAAAAJ
Björn B. Brandenburg [SWS],Max Planck Society,http://www.mpi-sws.org/~bbb,xRuGtp4AAAAJ
Björn Bernhard Brandenburg [SWS],Max Planck Society,http://www.mpi-sws.org/~bbb,xRuGtp4AAAAJ
Björn E. Ottersten,University of Luxembourg,http://wwwen.uni.lu/snt/people/bjoern_ottersten,OAWYhh0AAAAJ
Björn Eskofier,University of Erlangen–Nuremberg,https://www.mad.tf.fau.de/person/bjoern-eskofier,7ems5nYAAAAJ
Björn Franke,University of Edinburgh,http://homepages.inf.ed.ac.uk/bfranke,Y6aTqRQAAAAJ
Björn H. Menze,TU Munich,http://people.csail.mit.edu/menze,Kv2QrQgAAAAJ
Björn Hartmann,Univ. of California - Berkeley,https://people.eecs.berkeley.edu/~bjoern,aZMY6_UAAAAJ
Björn Hein,Karlsruhe Institute of Technology,http://rob.ipr.kit.edu/mitarbeiter_106.php,NOSCHOLARPAGE
Björn Hof,IST Austria,https://ist.ac.at/research/research-groups/hof-group,tytU38QAAAAJ
Björn M. Eskofier,University of Erlangen–Nuremberg,https://www.mad.tf.fau.de/person/bjoern-eskofier,7ems5nYAAAAJ
Björn Ommer,Heidelberg University,https://hci.iwr.uni-heidelberg.de/compvis/prof-ommer,zWbvIUcAAAAJ
Björn Regnell,Lund University,http://cs.lth.se/bjorn-regnell,W37CtAwAAAAJ
Björn Scheuermann 0001,Humboldt University of Berlin,http://www.ti.informatik.hu-berlin.de,NOSCHOLARPAGE
Björn Victor,Uppsala University,http://www.it.uu.se/katalog/victor,ipxE33cAAAAJ
Björn W. Schuller,Imperial College London,https://www.doc.ic.ac.uk/~bschulle,TxKNCSoAAAAJ
Björn Waske,University of Osnabrück,https://www.uni-osnabrueck.de/universitaet/personensuche/personendetails.html?module=TemplatePersondetails&target=15852&source=14776&config_id=182d4abe417c9851aacad4acd6e0df1b&range_id=studip&username=bwaske,dWjh5LEAAAAJ
Björn Þór Jónsson 0001,IT University of Copenhagen,http://www.itu.dk/people/bjth,syXaq1IAAAAJ
Bjørn Sand Jensen,University of Glasgow,https://www.gla.ac.uk/schools/computing/staff/bjornjensen,sa4OOmUAAAAJ
Blaine A. Price,Open University UK,http://stem.open.ac.uk/people/bp5,txHHqGQAAAAJ
Blair D. Sullivan,North Carolina State University,https://www.csc.ncsu.edu/faculty/bdsullivan,oZBtvZMAAAAJ
Blair MacIntyre,Georgia Institute of Technology,https://blairmacintyre.me,UA3tyKwAAAAJ
Blair Nonnecke,University of Guelph,https://www.uoguelph.ca/computing/people/blair-nonnecke,73-woeEAAAAJ
Blanca Rodríguez Bravo,University of Oxford,http://www.cs.ox.ac.uk/people/blanca.rodriguez,NOSCHOLARPAGE
Blase Ur,University of Chicago,http://www.blaseur.com,3Xql0fwAAAAJ
Blayne E. Mayfield,Oklahoma State University,http://cs.okstate.edu/%7Ebem,NOSCHOLARPAGE
Blesson Varghese,Queen's University Belfast,https://www.qub.ac.uk/schools/eeecs/Connect/Staff/BusinessCard/?name=b.varghese,2JoDRIMAAAAJ
Bo An 0001,Nanyang Technological University,http://www.ntu.edu.sg/home/boan,CvdNmi0AAAAJ
Bo Friis Nielsen,DTU,https://www.compute.dtu.dk/english,NOSCHOLARPAGE
Bo Han 0001,George Mason University,https://bohan00.github.io,BhRa314AAAAJ
Bo Han 0003,Hong Kong Baptist University,https://bhanml.github.io,nTNjqHwAAAAJ
Bo Ji,Virginia Tech,http://people.cs.vt.edu/boji,9ILgtvAAAAAJ
Bo Lang,Beihang University,http://scse.buaa.edu.cn/info/1078/2660.htm,NOSCHOLARPAGE
Bo Li 0001,HKUST,https://www.cse.ust.hk/~bli,BMkV-YoAAAAJ
Bo Li 0005,Beihang University,http://scse.buaa.edu.cn/info/1078/2639.htm,NOSCHOLARPAGE
Bo Li 0026,Univ. of Illinois at Urbana-Champaign,http://boli.cs.illinois.edu,K8vJkTcAAAAJ
Bo Luo,University of Kansas,http://www.ittc.ku.edu/~bluo,roY9L1oAAAAJ
Bo Ou,Hunan University,http://csee.hnu.edu.cn/people/oubo,o81gbSQAAAAJ
Bo Sheng,University of Massachusetts Boston,http://www.cs.umb.edu/~shengbo,Dt5oPoMAAAAJ
Bo Waggoner,University of Colorado Boulder,https://www.bowaggoner.com,Y_Ieu7EAAAAJ
Bo Wu 0002,Colorado School of Mines,https://inside.mines.edu/~bwu,E-2t4EQAAAAJ
Bo Yan 0001,Fudan University,http://homepage.fudan.edu.cn/boyan,NOSCHOLARPAGE
Bo Yuan 0005,Rochester Institute of Technology,http://byuan.csec.rit.edu,utrtn3cAAAAJ
Bo Zhang 0010,Tsinghua University,http://www.tsinghua.edu.cn/publish/csen/4623/2010/20101226104412516277601/20101226104412516277601_.html,NOSCHOLARPAGE
Bo-Ting Yang,University of Regina,http://www.cs.uregina.ca/People/Profiles/BotingYang.html,NOSCHOLARPAGE
Boaz Barak,Harvard University,http://www.boazbarak.org,XGiiygQAAAAJ
Boaz Ben-Moshe,Ariel University,http://www.ariel.ac.il/sites/bmboaz,EqqHg3MAAAAJ
Boaz Nadler,Weizmann Institute of Science,https://www.weizmann.ac.il/pages/search/people?language=english&single=1&person_id=29639,N3Jj5_cAAAAJ
Bob Coecke,University of Oxford,http://www.cs.ox.ac.uk/bob.coecke,fO17CXgAAAAJ
Bob Edmison,Virginia Tech,http://people.cs.vt.edu/~kedmison,lIZFlMUAAAAJ
Bob Fields,Middlesex University,http://www.cs.mdx.ac.uk/people/bob-fields,DrLWtAYAAAAJ
Bob Fisher,University of Edinburgh,http://homepages.inf.ed.ac.uk/rbf,LigYduEAAAAJ
Bob J. Wielinga,VU Amsterdam,http://wm.cs.vu.nl,NOSCHOLARPAGE
Bob McKay,Australian National University,https://cecs.anu.edu.au/people/robert-ian-mckay,BphNXV8AAAAJ
Bob Sedgewick,Princeton University,https://www.cs.princeton.edu/~rs,NOSCHOLARPAGE
Bob Weems,University of Texas at Arlington,http://ranger.uta.edu/~weems,NOSCHOLARPAGE
Bob Williamson,Australian National University,http://users.cecs.anu.edu.au/~williams,G4MBruQAAAAJ
Bobak J. Mortazavi,Texas A&M University,http://faculty.cse.tamu.edu/bobakm,TOAg4GkAAAAJ
Bobak Jack Mortazavi,Texas A&M University,http://faculty.cse.tamu.edu/bobakm,TOAg4GkAAAAJ
Bobak Mortazavi,Texas A&M University,http://faculty.cse.tamu.edu/bobakm,TOAg4GkAAAAJ
Bobby Bhattacharjee,University of Maryland - College Park,http://www.cs.umd.edu/~bobby,NOSCHOLARPAGE
Bobby Bodenheimer,Vanderbilt University,http://www.vuse.vanderbilt.edu/~bobbyb,hI4XguUAAAAJ
Bobby Schnabel,University of Colorado Boulder,https://www.colorado.edu/cs/bobby-schnabel,NOSCHOLARPAGE
Bodhisatwa Mazumdar,IIT Indore,http://cse.iiti.ac.in/faculty.html,ea-e9TwAAAAJ
Bodo Rosenhahn,University of Hannover,http://www.tnt.uni-hannover.de/staff/rosenhahn,qq3TxtcAAAAJ
Bodo Urban,University of Rostock,https://www.igd.fraunhofer.de/institut/ueber-uns/alumni/bodo-urban,NOSCHOLARPAGE
Bogdan Carbunar,Florida International University,https://users.cs.fiu.edu/~carbunar,B7BCFdoAAAAJ
Bogdan Chlebus,Augusta University,https://www.augusta.edu/faculty/directory/view.php?id=BCHLEBUS,_JWhZSAAAAAJ
Bogdan Dit,Boise State University,http://cs.boisestate.edu/~bdit,txY2NHUAAAAJ
Bogdan Korel,Illinois Institute of Technology,https://science.iit.edu/people/faculty/bogdan-korel,NOSCHOLARPAGE
Bogdan Savchynskyy,Heidelberg University,https://hci.iwr.uni-heidelberg.de/vislearn/people/bogdan,nvycljAAAAAJ
Bogdan Simion,University of Toronto,http://www.cs.toronto.edu/~bogdan,NOSCHOLARPAGE
Bogdan Vasilescu,Carnegie Mellon University,http://bvasiles.github.io,bcXjlqYAAAAJ
Bogdan Warinschi,University of Bristol,http://www.bris.ac.uk/engineering/people/person/bogdan-warinschi/index.html,kS0oatgAAAAJ
Boguslaw Obara,Durham University,https://www.dur.ac.uk/computer.science/staff/profile/?id=10591,lg9xfisAAAAJ
Bohyung Han,Seoul National University,http://cvlab.snu.ac.kr/~bhhan,9aaeCToAAAAJ
Boi Faltings,EPFL,http://liawww.epfl.ch/~faltings,X21nbgcAAAAJ
Bojan Cukic,UNC - Charlotte,https://cci.uncc.edu/directory/bojan-cukic,B7N812UAAAAJ
Bolei Zhou,Chinese University of Hong Kong,http://bzhou.ie.cuhk.edu.hk,9D4aG8AAAAAJ
Boleslaw K. Szymanski,Rensselaer Polytechnic Institute,http://www.cs.rpi.edu/~szymansk,2OJOZTUAAAAJ
Bolette Sanford Pedersen,University of Copenhagen,https://nors.ku.dk/english/staff/?pure=en/persons/134967,NOSCHOLARPAGE
Bolong Zeng,Washington State University,https://school.eecs.wsu.edu/people/faculty/bolong-zeng,kp0baVYAAAAJ
Bon K. Sy,CUNY,https://www.gc.cuny.edu/Page-Elements/Academics-Research-Centers-Initiatives/Doctoral-Programs/Computer-Science/Faculty-Bios/Bon-K-Sy,GLjNiI4AAAAJ
Bongki Moon,Seoul National University,http://dbs.snu.ac.kr/bkmoon,Uk9v1BQAAAAJ
Bongwon Suh,Seoul National University,http://hcc.snu.ac.kr/wordpress,-nlhtEkAAAAJ
Bonita Sharif,University of Nebraska,https://www.shbonita.me,2WeXBokAAAAJ
Bonnie A. Nardi,Univ. of California - Irvine,http://www.artifex.org/~bonnie,hwc6A1MAAAAJ
Bonnie Berger,Massachusetts Institute of Technology,https://people.csail.mit.edu/bab,qMOS01AAAAAJ
Bonnie J. Dorr,University of Maryland - College Park,https://www.cs.umd.edu/people/bdorr,jSjEWosAAAAJ
Bonnie L. Webber,University of Edinburgh,http://homepages.inf.ed.ac.uk/bonnie,r6JFa28AAAAJ
Bonnie Lynn Webber,University of Edinburgh,http://homepages.inf.ed.ac.uk/bonnie,r6JFa28AAAAJ
Bonnie MacKay,Dalhousie University,https://web.cs.dal.ca/~bmackay,fqtL2yMAAAAJ
Bonnie Nash-Webber,University of Edinburgh,http://homepages.inf.ed.ac.uk/bonnie,r6JFa28AAAAJ
Bonnie Webber,University of Edinburgh,http://homepages.inf.ed.ac.uk/bonnie,r6JFa28AAAAJ
Boon Thau Loo,University of Pennsylvania,http://www.cis.upenn.edu/~boonloo,HF2G3LAAAAAJ
Bor-Yuh Evan Chang,University of Colorado Boulder,http://www.cs.colorado.edu/~bec,wg3lXyYAAAAJ
Bora Uçar,Ecole Normale Superieure de Lyon,http://www.siam.org/meetings/csc14,lIthkfMAAAAJ
Boriana Koleva,University of Nottingham,https://www.nottingham.ac.uk/computerscience/people/b.koleva,W0bH9IQAAAAJ
Boriana Koleva-Hopkin,University of Nottingham,https://www.nottingham.ac.uk/computerscience/people/b.koleva,W0bH9IQAAAAJ
Boriana N. Koleva,University of Nottingham,https://www.nottingham.ac.uk/computerscience/people/b.koleva,W0bH9IQAAAAJ
Boris A. Trakhtenbrot,Tel Aviv University,https://en-exact-sciences.tau.ac.il/profile/trakhte,NOSCHOLARPAGE
Boris Aronov,New York University,http://engineering.nyu.edu/people/boris-aronov,q82gOawAAAAJ
Boris Düdder,University of Copenhagen,https://di.ku.dk/english/staff/vip/?pure=en/persons/575423,0ic62YwAAAAJ
Boris Glavic,Illinois Institute of Technology,https://science.iit.edu/people/faculty/boris-glavic,lCdBR8cAAAAJ
Boris Grot,University of Edinburgh,http://homepages.inf.ed.ac.uk/bgrot,1DXXeSMAAAAJ
Boris Konev,University of Liverpool,http://www.csc.liv.ac.uk/~konev,W0VU0J8AAAAJ
Boris Köpf,IMDEA Software Institute,http://software.imdea.org/~bkoepf,B5EwUUYAAAAJ
Boris Motik,University of Oxford,https://www.cs.ox.ac.uk/boris.motik,gKlqqSEAAAAJ
Boris Neubert,Karlsruhe Institute of Technology,http://cg.ivd.kit.edu/neubert/index.php,t1h8g_8AAAAJ
Boris Skoric,TU Eindhoven,https://www.tue.nl/en/university/departments/mathematics-and-computer-science/the-department/staff/detail/ep/e/d/ep-uid/20088020,NOSCHOLARPAGE
Boris Stilman,University of Colorado - Denver,http://www.ucdenver.edu/academics/colleges/Engineering/Programs/Computer-Science-and-Engineering/faculty/Pages/BorisStilman.aspx,NOSCHOLARPAGE
Borivoje Nikolic,Univ. of California - Berkeley,https://www2.eecs.berkeley.edu/Faculty/Homepages/nikolic.html,QEqPllIAAAAJ
Borko Furht,Florida Atlantic University,http://www.cse.fau.edu/~borko,z1BEGM8AAAAJ
Borzoo Bonakdarpour,Michigan State University,http://www.cse.msu.edu/~borzoo,T_hw6kcAAAAJ
Borzoo Rassouli,University of Essex,https://www.essex.ac.uk/people/rasso29502/borzoo-rassouli,Zw05NOsAAAAJ
Bosheng Song,Hunan University,http://csee.hnu.edu.cn/people/songbosheng,n2szdRoAAAAJ
Boting Yang,University of Regina,http://www.cs.uregina.ca/People/Profiles/BotingYang.html,NOSCHOLARPAGE
Boualem Benatallah,UNSW,https://www.engineering.unsw.edu.au/computer-science-engineering/staff/boualem-benatallah,WYmChp0AAAAJ
Boubakeur Boufama,University of Windsor,http://www.uwindsor.ca/science/computerscience/1059/dr-boubakeur-boufama,-xk1C0cAAAAJ
Boubakeur Boufama-Seddik,University of Windsor,http://www.uwindsor.ca/science/computerscience/1059/dr-boubakeur-boufama,-xk1C0cAAAAJ
Boudewijn F. van Dongen,TU Eindhoven,https://www.tue.nl/en/university/departments/mathematics-and-computer-science/the-department/staff/detail/ep/e/d/ep-uid/19981149,vSPKumwAAAAJ
Boudewijn P. F. Lelieveldt,TU Delft,https://www.tudelft.nl/ewi/over-de-faculteit/afdelingen/intelligent-systems/pattern-recognition-bioinformatics/computer-vision-lab/people/boudewijn-lelieveldt,NOSCHOLARPAGE
Boulbaba Ben Amor,CRIStAL,https://sites.google.com/site/bbenamorshomepage1,8kGJcCIAAAAJ
Boxin Shi,Peking University,http://www.shiboxin.com,K1LjZxcAAAAJ
Boyana Norris,University of Oregon,https://ix.cs.uoregon.edu/~norris,prJFPwUAAAAJ
Bracha Shapira,Ben-Gurion University of the Negev,http://www.ise.bgu.ac.il/bws/home,1biUWpIAAAAJ
Brad A. Myers,Carnegie Mellon University,http://www.cs.cmu.edu/~bam,E1cp_aYAAAAJ
Brad Karp,University College London,http://www0.cs.ucl.ac.uk/staff/B.Karp,KmXVOQkAAAAJ
Brad T. Vander Zanden,University of Tennessee,http://web.eecs.utk.edu/~bvz,NOSCHOLARPAGE
Bradford Campbell,University of Virginia,https://engineering.virginia.edu/faculty/brad-campbell,MLx5TCQAAAAJ
Bradford Gregory John Heap,UNSW,http://www.cse.unsw.edu.au/~bradfordh,gz14Sq8AAAAJ
Bradford Heap,UNSW,http://www.cse.unsw.edu.au/~bradfordh,gz14Sq8AAAAJ
Bradley Alexander,University of Adelaide,https://cs.adelaide.edu.au/~brad,zInPZhUAAAAJ
Bradley Hayes,University of Colorado Boulder,http://www.bradhayes.info,rU_-c5oAAAAJ
Bradley J. Lucier,Purdue University,https://www.math.purdue.edu/~lucier,sVRNOg0AAAAJ
Bradley James Alexander,University of Adelaide,https://digital.library.adelaide.edu.au/dspace/handle/2440/22348,NOSCHOLARPAGE
Bradley Malin,Vanderbilt University,https://hiplab.mc.vanderbilt.edu/people/malin,Kf97-EkAAAAJ
Bradley Reaves,North Carolina State University,https://bradreaves.net,0Ugq1JgAAAAJ
Bradley T. Vander Zanden,University of Tennessee,http://web.eecs.utk.edu/~bvz,NOSCHOLARPAGE
Brahim Bensaou,HKUST,https://www.cse.ust.hk/~csbb,aQblKVwAAAAJ
Brahim Medjahed,University of Michigan-Dearborn,https://umdearborn.edu/users/brahim,fDjntaAAAAAJ
Brais Cancela,University of A Coruña,https://pdi.udc.es/en/File/Pdi/9Y9SH,kFjVlJIAAAAJ
Brajendra Panda,University of Arkansas,http://csce.uark.edu/~bpanda,NOSCHOLARPAGE
Bram Adams,Queen’s University,https://mcislab.github.io,XS9QH_UAAAAJ
Bram van Ginneken,Radboud University,http://www.diagnijmegen.nl/index.php/Bram_van_Ginneken,O1j6_MsAAAAJ
Brandon Bennett,University of Leeds,https://eps.leeds.ac.uk/computing/staff/121/dr-brandon-bennett,ZjXF2ckAAAAJ
Brandon Dixon,The University of Alabama,http://dixon.cs.ua.edu,NOSCHOLARPAGE
Brandon Lucia,Carnegie Mellon University,http://brandonlucia.com,a9T7i5QAAAAJ
Branislav Bosanský,Czech Technical University,https://sites.google.com/site/bbosansky,jltCTOwAAAAJ
Branislav Bošanský,Czech Technical University,https://sites.google.com/site/bbosansky,jltCTOwAAAAJ
Brendan A. Juba,Washington University in St. Louis,http://www.cse.wustl.edu/~bjuba,5wppdUoAAAAJ
Brendan D. McKay,Australian National University,https://cs.anu.edu.au/people/brendan-mckay,3nV4EKwAAAAJ
Brendan Dolan-Gavitt,New York University,http://engineering.nyu.edu/people/brendan-dolan-gavitt,MzAxRscAAAAJ
Brendan J. Frey,University of Toronto,http://www.psi.toronto.edu/~frey,RjQ7YnMAAAAJ
Brendan Juba,Washington University in St. Louis,http://www.cse.wustl.edu/~bjuba,5wppdUoAAAAJ
Brendan McCane,University of Otago,http://www.cs.otago.ac.nz/staffpriv/mccane,7WMqe3AAAAAJ
Brendan Mumey,Montana State University,https://www.cs.montana.edu/directory/1524423/brendan-mumey,gw5eQs8AAAAJ
Brendan O'Connor,University of Massachusetts Amherst,http://brenocon.com,V4LXxrQAAAAJ
Brendan Saltaformaggio,Georgia Institute of Technology,https://saltaformaggio.ece.gatech.edu,1GsJvtwAAAAJ
Brendan T. O'Connor,University of Massachusetts Amherst,http://brenocon.com,V4LXxrQAAAAJ
Brenna Argall,Northwestern University,http://www.eecs.northwestern.edu/~argall,nhpEPFgAAAAJ
Brenna D. Argall,Northwestern University,http://www.eecs.northwestern.edu/~argall,nhpEPFgAAAAJ
Breno Alexandro Ferreira de Miranda,UFPE,https://cin.ufpe.br/~bafm,jp9fGhsAAAAJ
Breno Miranda,UFPE,https://cin.ufpe.br/~bafm,jp9fGhsAAAAJ
Brent Adams,Brigham Young University,https://animation.byu.edu/content/faculty,NOSCHOLARPAGE
Brent ByungHoon Kang,KAIST,http://gsis.kaist.ac.kr/cysec/brentkang/brentkang,_hF51IMAAAAJ
Brent Carper,Washington State University,https://school.eecs.wsu.edu/people/faculty/brent-carper,NOSCHOLARPAGE
Brent E. Stephens,University of Illinois at Chicago,https://www.cs.uic.edu/~brents,REpY8JMAAAAJ
Brent J. Hecht,Northwestern University,http://www.brenthecht.com,6IinLVUAAAAJ
Brent R. Waters,University of Texas at Austin,http://www.cs.utexas.edu/~bwaters,VEKxHOAAAAAJ
Brent Waters,University of Texas at Austin,http://www.cs.utexas.edu/~bwaters,VEKxHOAAAAAJ
Bret Michael,Naval Postgraduate School,http://faculty.nps.edu/vitae/cgi-bin/vita.cgi?p=display_vita&id=1023567701,JYxa6eYAAAAJ
Brett J. Borghetti,Air Force Institute of Technology,https://www.afit.edu/BIOS/bio.cfm?facID=18,Z6vGQasAAAAJ
Brett McKinney,University of Tulsa,https://faculty.utulsa.edu/~/brett-mckinney,3M1gxVsAAAAJ
Brian A. Barsky,Univ. of California - Berkeley,http://www.cs.berkeley.edu/~barsky,NOSCHOLARPAGE
Brian A. Malloy,Clemson University,http://www.brianmalloy.com,NOSCHOLARPAGE
Brian Anderson,Australian National University,http://users.cecs.anu.edu.au/~briandoa,NOSCHOLARPAGE
Brian Beckage,University of Vermont,http://www.uvm.edu/~bbeckage,NOSCHOLARPAGE
Brian Borowski,Stevens Institute of Technology,https://web.stevens.edu/facultyprofile/?id=2063,NOSCHOLARPAGE
Brian C. Dean,Clemson University,https://people.cs.clemson.edu/~bcdean,QCL2MLcAAAAJ
Brian C. Keegan,University of Colorado Boulder,http://www.colorado.edu/cmci/people/information-science/brian-c-keegan,zkxrDS8AAAAJ
Brian C. Lovell,University of Queensland,http://staff.itee.uq.edu.au/lovell,gXiGxcMAAAAJ
Brian C. Nelson,Arizona State University,https://webapp4.asu.edu/directory/person/841981,R0PhbAYAAAAJ
Brian Curless,University of Washington,http://homes.cs.washington.edu/~curless,tlh8i7gAAAAJ
Brian D. Davison 0001,Lehigh University,http://www.cse.lehigh.edu/~brian,wk3PBXn5pgoJ
Brian D. Noble,University of Michigan,http://www.engin.umich.edu/college/about/people/profiles/k-to-o/brian-noble,U0Ps_DwAAAAJ
Brian D. O. Anderson,Australian National University,http://users.cecs.anu.edu.au/~briandoa,NOSCHOLARPAGE
Brian D. Ziebart,University of Illinois at Chicago,https://www.cs.uic.edu/Ziebart,_JjIgGcAAAAJ
Brian David Outram Anderson,Australian National University,http://users.cecs.anu.edu.au/~briandoa,NOSCHOLARPAGE
Brian Demsky,Univ. of California - Irvine,http://plrg.eecs.uci.edu,NOSCHOLARPAGE
Brian Dorn,University of Nebraska - Omaha,https://www.unomaha.edu/college-of-information-science-and-technology/about/faculty-staff/brian-dorn.php,9xYR_5YAAAAJ
Brian Kan-Wing Mak,HKUST,https://www.cse.ust.hk/~mak,Zx8p8RsAAAAJ
Brian Keegan,University of Colorado Boulder,http://www.colorado.edu/cmci/people/information-science/brian-c-keegan,zkxrDS8AAAAJ
Brian Kocoloski,Washington University in St. Louis,https://www.cse.wustl.edu/~brian.kocoloski,Qu_xQjYAAAAJ
Brian Kulis,Boston University,http://people.bu.edu/bkulis,okcbLqoAAAAJ
Brian L. Curless,University of Washington,http://homes.cs.washington.edu/~curless,tlh8i7gAAAAJ
Brian Logan,University of Nottingham,https://www.nottingham.ac.uk/computerscience/people/brian.logan,tnSWU68AAAAJ
Brian M. Tomaszewski,Rochester Institute of Technology,https://people.rit.edu/bmtski,hcIpln4AAAAJ
Brian Mak,HKUST,https://www.cse.ust.hk/~mak,Zx8p8RsAAAAJ
Brian Murphy,CUNY,http://www.baruch.cuny.edu/wsas/academics/history/bmurphy.htm,d9mX-Q4AAAAJ
Brian Neil Levine,University of Massachusetts Amherst,https://people.cs.umass.edu/~brian,oHbIF48AAAAJ
Brian Nielsen,Aalborg University,http://people.cs.aau.dk/~bnielsen,iAgWGgwAAAAJ
Brian Noble,University of Michigan,http://www.engin.umich.edu/college/about/people/profiles/k-to-o/brian-noble,U0Ps_DwAAAAJ
Brian P. Bailey,Univ. of Illinois at Urbana-Champaign,https://cs.illinois.edu/directory/profile/bpbailey,eiqD0hoAAAAJ
Brian Ricks,University of Nebraska - Omaha,https://www.unomaha.edu/college-of-information-science-and-technology/about/faculty-staff/brian-ricks.php,S-C6lf0AAAAJ
Brian Scassellati,Yale University,http://www.cs.yale.edu/~scaz,0jSdqoEAAAAJ
Brian Summa,Tulane University,http://www.cs.tulane.edu/~bsumma,QKJVjcIAAAAJ
Brian V. Funt,Simon Fraser University,http://www.cs.sfu.ca/~funt,tXuVUYMAAAAJ
Brian W. Kernighan,Princeton University,https://www.cs.princeton.edu/~bwk,NOSCHOLARPAGE
Brian Wyvill,University of Victoria,http://webhome.cs.uvic.ca/~blob,e0RbIYEAAAAJ
Brian Y. Chen,Lehigh University,http://www.cse.lehigh.edu/~chen,CrqkG-4AAAAJ
Brian Y. Lim,National University of Singapore,http://www.brianlim.net,_bza0AoAAAAJ
Briane Paul Samson,De La Salle University,https://brianesamson.com,oUJrZ_sAAAAJ
Briane Paul V. Samson,De La Salle University,https://brianesamson.com,oUJrZ_sAAAAJ
Bridget T. McInnes,Virginia Commonwealth University,http://www.people.vcu.edu/~btmcinnes,dWRneN0AAAAJ
Brighten Godfrey,Univ. of Illinois at Urbana-Champaign,http://pbg.cs.illinois.edu,D2K-ADYAAAAJ
Brigitte Jaumard,Concordia University,http://users.encs.concordia.ca/~bjaumard,Bn0YLtAAAAAJ
Brigitte Pientka,McGill University,http://www.cs.mcgill.ca/~bpientka,SX7AzekAAAAJ
Brijesh Dongol,University of Surrey,https://brijeshdongol.github.io,fjA_2-cAAAAJ
Brink van der Merwe,Stellenbosch University,http://www.cs.sun.ac.za/~abvdm,TKlHqnMAAAAJ
Britta Hale,Naval Postgraduate School,http://faculty.nps.edu/haleb,N4UcUI0AAAAJ
Britta Wrede,Bielefeld University,http://aiweb.techfak.uni-bielefeld.de/user/bwrede,VL0ejs0AAAAJ
Brittany A. Duncan,University of Nebraska,http://cse.unl.edu/~bduncan,nuaqmtQAAAAJ
Brittany A. Erickson,University of Oregon,https://ix.cs.uoregon.edu/~bae,NOSCHOLARPAGE
Brittany Fasy,Montana State University,https://www.cs.montana.edu/brittany,oiTuXgIAAAAJ
Brittany Johnson,George Mason University,https://volgenau.gmu.edu/profile/view/587171,H91EcrsAAAAJ
Brittany Terese Fasy,Montana State University,https://www.cs.montana.edu/brittany,oiTuXgIAAAAJ
Bruce A. Draper,Colorado State University,http://www.cs.colostate.edu/~draper,jTiRFi8AAAAJ
Bruce A. Reed,McGill University,http://cgm.cs.mcgill.ca/~breed,ki4fG10AAAAJ
Bruce A. Scharlau,University of Aberdeen,https://www.abdn.ac.uk/people/b.scharlau,LvjQQdAAAAAJ
Bruce Gooch,Texas A&M University,https://engineering.tamu.edu/cse/people/gooch-bruce,KAgv5asAAAAJ
Bruce H. Krogh,Carnegie Mellon University,https://www.ece.cmu.edu/directory/details/89,s4yZTp4AAAAJ
Bruce Hartpence,Rochester Institute of Technology,http://www.brucehartpence.com,uvcXwjIAAAAJ
Bruce J. MacLennan,University of Tennessee,http://web.eecs.utk.edu/~mclennan,A14DflkAAAAJ
Bruce M. Kapron,University of Victoria,http://www.cs.uvic.ca/~bmkapron,CCXustMAAAAJ
Bruce M. Maggs,Duke University,https://users.cs.duke.edu/~bmm,Gwrwxa0AAAAJ
Bruce M. McMillin,Missouri University of Technology,http://web.mst.edu/~ff,5XZQO_sAAAAJ
Bruce MacDowell Maggs,Duke University,https://users.cs.duke.edu/~bmm,Gwrwxa0AAAAJ
Bruce Maxim,University of Michigan-Dearborn,https://umdearborn.edu/users/bmaxim,KN8ZOBIAAAAJ
Bruce N. Walker,Georgia Institute of Technology,http://sonify.psych.gatech.edu/~walkerb,xY3zIEAAAAAJ
Bruce R. Childers,University of Pittsburgh,https://www.cs.pitt.edu/~childers,NOSCHOLARPAGE
Bruce Randall Donald,Duke University,https://www.cs.duke.edu/brd,NOSCHOLARPAGE
Bruce S. Gardiner,University of Western Australia,http://biomed.csse.uwa.edu.au/people_bruce.php,C3DocZEAAAAJ
Bruce Scharlau,University of Aberdeen,https://www.abdn.ac.uk/people/b.scharlau,LvjQQdAAAAAJ
Bruce Tidor,Massachusetts Institute of Technology,http://mit.edu/tidor,0YlwI5MAAAAJ
Bruce W. Char,Drexel University,http://drexel.edu/cci/contact/Faculty/Char-Bruce,SMGY4jUAAAAJ
Bruce W. Porter,University of Texas at Austin,https://www.cs.utexas.edu/users/porter,k5c56_wAAAAJ
Bruno A. Gaëta,UNSW,https://research.unsw.edu.au/people/dr-bruno-andre-gaeta,NOSCHOLARPAGE
Bruno A. N. Travençolo,UFU,http://www.ppgco.facom.ufu.br/pt-br/pessoas/bruno-augusto-nassif-travencolo,EK0RFxgAAAAJ
Bruno Augusto Nassif Travençolo,UFU,http://www.ppgco.facom.ufu.br/pt-br/pessoas/bruno-augusto-nassif-travencolo,EK0RFxgAAAAJ
Bruno Barbieri Pontes Cafeo,UFMS,https://www.facom.ufms.br/~cafeo,FRfEKzcAAAAJ
Bruno Beaufils,CRIStAL,https://ext.boulgour.com/lifl/beaufils,LgU7J9YAAAAJ
Bruno C. d. S. Oliveira,University of Hong Kong,https://i.cs.hku.hk/~bruno,cB-6X3gAAAAJ
Bruno C. da Silva 0001,University of Massachusetts Amherst,http://www.inf.ufrgs.br/~bsilva,eskJDVUAAAAJ
Bruno Carpentieri,University of Salerno,http://www.unisa.it/docenti/brunocarpentieri/en/index,szK8H3oAAAAJ
Bruno Castro da Silva,University of Massachusetts Amherst,http://www.inf.ufrgs.br/~bsilva,eskJDVUAAAAJ
Bruno César dos Santos Oliveira,University of Hong Kong,https://i.cs.hku.hk/~bruno,cB-6X3gAAAAJ
Bruno Ciciani,Sapienza University of Rome,http://www.diag.uniroma1.it/users/bruno%20ciciani,S92TrTEAAAAJ
Bruno Crispo,University of Trento,http://disi.unitn.it/~crispo,exvMi3YAAAAJ
Bruno Emanuel Martins,Universidade de Lisboa,http://web.ist.utl.pt/bruno.g.martins,VQMUt8kAAAAJ
Bruno Emanuel da Graça Martins,Universidade de Lisboa,http://web.ist.utl.pt/bruno.g.martins,VQMUt8kAAAAJ
Bruno F. M. Ribeiro,Purdue University,https://www.cs.purdue.edu/homes/ribeirob,KIEleCsAAAAJ
Bruno F. Ribeiro,Purdue University,https://www.cs.purdue.edu/homes/ribeirob,KIEleCsAAAAJ
Bruno Feijó,PUC-RIO,http://www.icad.puc-rio.br/bfeijo,XnyRAcIAAAAJ
Bruno Gaëta,UNSW,https://research.unsw.edu.au/people/dr-bruno-andre-gaeta,NOSCHOLARPAGE
Bruno Lang,University of Wuppertal,https://www.ai.uni-wuppertal.de/de/angewandte-informatik/personen/prof-bruno-lang.html,NOSCHOLARPAGE
Bruno M. Nogueira,UFMS,https://www.facom.ufms.br/~bruno,Its8CZUAAAAJ
Bruno Macchiavello,Universidade de Brasília,http://cic.unb.br/~bruno,MJXV64EAAAAJ
Bruno Magalhães Nogueira,UFMS,https://www.facom.ufms.br/~bruno,Its8CZUAAAAJ
Bruno Martins 0001,Universidade de Lisboa,http://web.ist.utl.pt/bruno.g.martins,VQMUt8kAAAAJ
Bruno Ribeiro 0001,Purdue University,https://www.cs.purdue.edu/homes/ribeirob,KIEleCsAAAAJ
Bruno Salvy,Ecole Normale Superieure de Lyon,http://www.ens-lyon.fr/annuaire/m-salvy-bruno-158166.kjsp?RH=ENS-LYON,nFkhlrAAAAAJ
Bruno Sinopoli,Carnegie Mellon University,https://users.ece.cmu.edu/~brunos,zZO9qG4AAAAJ
Bruno Yun,University of Aberdeen,https://www.abdn.ac.uk/people/bruno.yun,QrOqsP4AAAAJ
Bryan David Minor,Washington State University,https://school.eecs.wsu.edu/people/faculty/bryan-minor,0g7f1_YAAAAJ
Bryan Ford,EPFL,http://www.brynosaurus.com,TwyzQP4AAAAJ
Bryan Hooi,National University of Singapore,https://www.comp.nus.edu.sg/~bhooi,ErEL3bgAAAAJ
Bryan Kian Hsiang Low,National University of Singapore,http://www.comp.nus.edu.sg/~lowkh/research.html,2P-Q09UAAAAJ
Bryan Ng,Victoria University of Wellington,https://ecs.victoria.ac.nz/Main/BryanNg,OypvS8QAAAAJ
Bryan Pardo,Northwestern University,http://www.cs.northwestern.edu/~pardo,vxEKYqsAAAAJ
Bryan Parno,Carnegie Mellon University,https://www.cylab.cmu.edu/education/faculty/parno.html,kTTBpJkAAAAJ
Bryan S. Kim,Syracuse University,https://sites.google.com/view/bryansjkim,axFOJtEAAAAJ
Bryan S. Morse,Brigham Young University,http://morse.cs.byu.edu,yOyREHoAAAAJ
Bryan Suk Joon Kim,Syracuse University,https://sites.google.com/view/bryansjkim,axFOJtEAAAAJ
Bryan Suk Kim,Syracuse University,https://sites.google.com/view/bryansjkim,axFOJtEAAAAJ
Bryant W. York,Portland State University,http://web.cecs.pdx.edu/~york,NOSCHOLARPAGE
Brygg Ullmer,Louisiana State University,https://www.lsu.edu/eng/cse/people/faculty/ullmer.php,JxG7a6sAAAAJ
Bu-Sung Lee,Nanyang Technological University,http://research.ntu.edu.sg/expertise/academicprofile/Pages/StaffProfile.aspx?ST_EMAILID=ebslee,TyytTfQAAAAJ
Bud Mishra,New York University,https://cs.nyu.edu/mishra,kXVBr20AAAAJ
Budi Arief,University of Kent,https://www.cs.kent.ac.uk/people/staff/ba284,bSZk250AAAAJ
Bugra Gedik,Bilkent University,http://www.cs.bilkent.edu.tr/~bgedik/homepage/doku.php,ddLcpMQAAAAJ
Bundit Laekhanukit,SUFE,http://cs.mcgill.ca/~blaekh,vmemchMAAAAJ
Buntarou Shizuki,University of Tsukuba,https://www.iplab.cs.tsukuba.ac.jp/~shizuki/index-e.html,lXG_jWEAAAAJ
Burcu Can,Hacettepe University,https://web.cs.hacettepe.edu.tr/~burcucan,BalzcSEAAAAJ
Burkhard C. Wünsche,University of Auckland,https://www.cs.auckland.ac.nz/~burkhard,pgBZIHYAAAAJ
Burkhard Claus Wünsche,University of Auckland,https://www.cs.auckland.ac.nz/~burkhard,pgBZIHYAAAAJ
Burkhard Freitag,University of Passau,http://www.im.uni-passau.de,NOSCHOLARPAGE
Burkhard Rost,TU Munich,https://www.rostlab.org,BP3ofxcAAAAJ
Burkhard Stiller,University of Zurich,http://www.csg.uzh.ch/staff/stiller.html,NOSCHOLARPAGE
Burkhard Wuensche,University of Auckland,https://www.cs.auckland.ac.nz/~burkhard,pgBZIHYAAAAJ
Burkhard Wünsche,University of Auckland,https://www.cs.auckland.ac.nz/~burkhard,pgBZIHYAAAAJ
Burton Rosenberg,University of Miami,http://www.cs.miami.edu/~burt,NOSCHOLARPAGE
Buzou Tang,Harbin Institute of Technology,http://www.hitsz.edu.cn/teacher/view/id-1166.html,5oGXsxUAAAAJ
Byoung-Tak Zhang,Seoul National University,https://bi.snu.ac.kr/~btzhang,sYTUOu8AAAAJ
Byoungyoung Lee,Seoul National University,https://lifeasageek.github.io,AoDgrKIAAAAJ
Byrav Ramamurthy,University of Nebraska,http://cse.unl.edu/~byrav,Moj2TLMAAAAJ
Byron Boots,University of Washington,http://www.cc.gatech.edu/~bboots3,kXB8FBoAAAAJ
Byron C. Wallace,Northeastern University,http://www.byronwallace.com,KTzRHmwAAAAJ
Byron Choi,Hong Kong Baptist University,http://www.comp.hkbu.edu.hk/~bchoi,S6L1eOMAAAAJ
Byron J. Gao,Texas State University,http://cs.txstate.edu/~jg66,HwB09lAAAAAJ
Byron J. Williams,Mississippi State University,http://www.fsnhp.msstate.edu/docs/staff/Byron%20%20Williams%20CV%20July%202012%20.pdf,t4bGLWUAAAAJ
Byung Chul Tak,Kyungpook National University,http://sites.google.com/view/knudiscolab,-wM1-88AAAAJ
Byung Guk Kim,University of Massachusetts Lowell,https://www.uml.edu/Sciences/computer-science/faculty/kim-byung-guk.aspx,FkDwvF0AAAAJ
Byung Ro Moon,Seoul National University,http://soar.snu.ac.kr/members,N_9XjY4AAAAJ
Byung Seub Lee,University of Vermont,http://www.uvm.edu/~cems/?Page=employee/profile.php&SM=employee/_employeemenu.html&EmID=195,NOSCHOLARPAGE
Byung-Gon Chun,Seoul National University,https://bgchun.wordpress.com,hwnskpoAAAAJ
Byung-Guk Kim,University of Massachusetts Lowell,https://www.uml.edu/Sciences/computer-science/faculty/kim-byung-guk.aspx,NOSCHOLARPAGE
Byung-Ro Moon,Seoul National University,http://soar.snu.ac.kr/members,N_9XjY4AAAAJ
Byunghyun Jang,University of Mississippi,http://www.olemiss.edu/people/bjang,NOSCHOLARPAGE
Byungjoo Lee,KAIST,http://leebyungjoo.com/CV,b9we1fYAAAAJ
