name,affiliation,homepage,scholarid
F. A. H. van Harmelen,VU Amsterdam,http://www.cs.vu.nl/~frankh,LCyfDi8AAAAJ
F. Bruce Shepherd,University of British Columbia,https://bshepherd.ca,x2Mfyz8AAAAJ
F. Joe Lin,National Chiao Tung University,http://www.cs.nctu.edu.tw/~fuchun_lin,Pei7LGcAAAAJ
F. R. K. Chung,Univ. of California - San Diego,http://math.ucsd.edu/~fan,7hPnuFQAAAAJ
F. Y. Young,Chinese University of Hong Kong,http://www.cse.cuhk.edu.hk/~fyyoung,NOSCHOLARPAGE
Fabian Bastin,University of Montreal,http://www.iro.umontreal.ca/~bastin,RRLx0jsAAAAJ
Fabian E. Bustamante,Northwestern University,http://www.cs.northwestern.edu/~fabianb,vg76M1oAAAAJ
Fabián E. Bustamante,Northwestern University,http://www.cs.northwestern.edu/~fabianb,vg76M1oAAAAJ
Fabian Gieseke,University of Münster,https://www.wi.uni-muenster.de/department/dasc/people/fabian-gieseke,g3ZiieoAAAAJ
Fabian Kuhn,University of Freiburg,http://ac.informatik.uni-freiburg.de/kuhn,XU-ldxMAAAAJ
Fabian Monrose,University of North Carolina,https://www.cs.unc.edu/~fabian/web.html,a6u7NTgAAAAJ
Fabian Neuhaus,University of Magdeburg,http://theo.cs.ovgu.de/Staff/Fabian+Neuhaus.html,7AcIA78AAAAJ
Fabian R. Wirth,University of Passau,http://www.fim.uni-passau.de/en/dynamical-systems/publications/prof-dr-fabian-wirth,GPXp0s0AAAAJ
Fabian Wirth,University of Passau,http://www.fim.uni-passau.de/en/dynamical-systems/publications/prof-dr-fabian-wirth,GPXp0s0AAAAJ
Fabiano A. Dorça,UFU,http://www.facom.ufu.br/~fabiano,NOSCHOLARPAGE
Fabiano Azevedo Dorça,UFU,http://www.facom.ufu.br/~fabiano,NOSCHOLARPAGE
Fabiano Dalpiaz,Utrecht University,https://www.staff.science.uu.nl/~dalpi001,KBPFzMAAAAAJ
Fabiano Hessel,PUC-RS,http://www.inf.pucrs.br/~hessel,cZguQ0UAAAAJ
Fabiano Passuelo Hessel,PUC-RS,http://www.inf.pucrs.br/~hessel,cZguQ0UAAAAJ
Fabien Laguillaumie,Ecole Normale Superieure de Lyon,http://perso.ens-lyon.fr/fabien.laguillaumie,NOSCHOLARPAGE
Fabien Momey,Université Jean Monnet,http://perso.univ-st-etienne.fr/frel9915,PEDfa4cAAAAJ
Fabien Torre,CRIStAL,https://fabien-torre.fr,IAx6N4EAAAAJ
Fabio Caccioli,University College London,https://iris.ucl.ac.uk/iris/browse/profile?upi=FCACC19,QD_wxy0AAAAJ
Fabio Casati,University of Trento,https://sites.google.com/site/sphoebss,eLf2e-gAAAAJ
Fabio Ciravegna,University of Sheffield,https://www.sheffield.ac.uk/dcs/people/academic/fabio-ciravegna,Vr4nfK8AAAAJ
Fabio Crestani,Università della Svizzera italiana,http://search.usi.ch/people/4f0dd874bbd63c00938825fae1843200/crestani-fabio,EoGBsiMAAAAJ
Fabio Gadducci,University of Pisa,http://www.di.unipi.it/~gadducci,ugYkdyYAAAAJ
Fabio Galasso,Sapienza University of Rome,https://fgalasso.bitbucket.io,2gSuGBEAAAAJ
Fabio Kon,USP,http://www.ime.usp.br/~kon,VE8BW84AAAAJ
Fabio Luiz Usberti,UNICAMP,http://www.ic.unicamp.br/~fusberti,ELBC6qsAAAAJ
Fabio Massacci,University of Trento,https://fabiomassacci.github.io,gC_ZVPgAAAAJ
Fabio Miranda 0001,University of Illinois at Chicago,https://fmiranda.me,9fR0LqAAAAAJ
Fabio Nemetz,University of Bath,http://www.bath.ac.uk/comp-sci/contacts,NOSCHOLARPAGE
Fabio Palomba,University of Salerno,https://fpalomba.github.io,hwcOgd4AAAAJ
Fabio Patrizi,Sapienza University of Rome,http://www.diag.uniroma1.it/patrizi,eJmKNE8AAAAJ
Fabio Pellacini,Sapienza University of Rome,http://pellacini.di.uniroma1.it,GzOeTm0AAAAJ
Fabio Pierazzi,King's College London,https://www.kcl.ac.uk/people/fabio-pierazzi,rAGRBOAAAAAJ
Fábio Protti,UFF,http://www2.ic.uff.br/~fabio,_kEAhAwAAAAJ
Fabio Ramos,University of Sydney,http://www-personal.acfr.usyd.edu.au/f.ramos/Fabio_Ramos_Homepage/Home.html,NOSCHOLARPAGE
Fabio Salice,Politecnico di Milano,http://home.deib.polimi.it/salice,gf7sA4QAAAAJ
Fabio T. Ramos,University of Sydney,http://www-personal.acfr.usyd.edu.au/f.ramos/Fabio_Ramos_Homepage/Home.html,NOSCHOLARPAGE
Fabio Tozeto Ramos,University of Sydney,http://www-personal.acfr.usyd.edu.au/f.ramos/Fabio_Ramos_Homepage/Home.html,NOSCHOLARPAGE
Fábio Viduani Martinez,UFMS,https://www.facom.ufms.br/~fhvm,Z1BcD-UAAAAJ
Fabio Vitale,CRIStAL,http://researchers.lille.inria.fr/vitale,qSB80z0AAAAJ
Fabio Zambetta,RMIT University,https://www.rmit.edu.au/contact/staff-contacts/academic-staff/z/zambetta-dr-fabio,IuxSRpYAAAAJ
Fabio Zanasi,University College London,http://www.cs.ucl.ac.uk/people/F.Zanasi.html,Y_j2FasAAAAJ
Fabrice Aubert,CRIStAL,https://www.cristal.univ-lille.fr/profil/aubert,NOSCHOLARPAGE
Fabrice Muhlenbach,Université Jean Monnet,http://perso.univ-st-etienne.fr/muhlfabr,NOSCHOLARPAGE
Fabrício Benevenuto,UFMG,http://homepages.dcc.ufmg.br/~fabricio,iOnt0iMAAAAJ
Fabrício Benevenuto de Souza,UFMG,http://homepages.dcc.ufmg.br/~fabricio,iOnt0iMAAAAJ
Fabricio Murai,UFMG,http://homepages.dcc.ufmg.br/~murai,sF3doEMAAAAJ
Fabrizio Baiardi,University of Pisa,http://www.di.unipi.it/~tonelli/baiardi,NOSCHOLARPAGE
Fabrizio Costa,University of Exeter,http://emps.exeter.ac.uk/computer-science/staff/fc334,yLjbm9YAAAAJ
Fabrizio Ferrandi,Politecnico di Milano,http://home.deib.polimi.it/ferrandi,_woi0FIAAAAJ
Fabrizio Granelli,University of Trento,https://www.granelli-lab.org/staff/fabrizio-granelli,Qk5Ni_IAAAAJ
Fabrizio Luccio,University of Pisa,http://www.di.unipi.it/~luccio,NOSCHOLARPAGE
Fabrizio Maria Maggi,University of Tartu,https://www.etis.ee/Portal/Persons/Display/a37d438b-3add-4c4f-8e49-dfacab570f23,NOSCHOLARPAGE
Fabrizio d'Amore,Sapienza University of Rome,http://www.diag.uniroma1.it/users/fabrizio%20damore,NOSCHOLARPAGE
Facundo Mémoli,Ohio State University,https://people.math.osu.edu/memoli.2,E3APGcgAAAAJ
Fadel Adib,Massachusetts Institute of Technology,http://www.mit.edu/~fadel,OxKLBqwAAAAJ
Fadi A. Zaraket,American University of Beirut,http://research-fadi.aub.edu.lb,1e2w_FoAAAAJ
Fadil Galjic,KTH Royal Institute of Technology,https://www.kth.se/profile/fadil,NOSCHOLARPAGE
Faegheh Hasibi,Radboud University,http://hasibi.com,RqrnTNAAAAAJ
Fagen Li,UESTC,http://en.uestc.edu.cn/index.php?m=content&c=index&a=show&catid=79&id=4746,lLZ_gzEAAAAJ
Fahad Panolan,IIT Hyderabad,https://iith.ac.in/~fahad,X6MthEgAAAAJ
Fahad R. Dogar,Tufts University,http://www.cs.tufts.edu/Faculty/fahad-dogar.html,KPjFQ4AAAAAJ
Fahad Rafique Dogar,Tufts University,http://www.cs.tufts.edu/Faculty/fahad-dogar.html,KPjFQ4AAAAAJ
Fahad Saeed,Western Michigan University,https://wmich.edu/cs/research-awards,IPXv-GQAAAAJ
Fahiem Bacchus,University of Toronto,http://www.cs.toronto.edu/~fbacchus,Yy4QD_AAAAAJ
Fahim Dalvi,Qatar Computing Research Institute,http://www.qcri.org/our-people/bio?pid=248&amp;par=acc&amp;name=FahimDalvi,uQGCv10AAAAJ
Fahimeh Ramezani,University of Technology Sydney,https://www.uts.edu.au/staff/fahimeh.ramezani,tR2ME1cAAAAJ
Fahrad Arbab,CWI,http://homepages.cwi.nl/~farhad,GTW3mJ4AAAAJ
Fairouz Kamareddine,Heriot-Watt University,https://www.hw.ac.uk/staff/uk/macs/fairouz-kamareddine.htm,tCOuIWIAAAAJ
Faisal N. Abu-Khzam,Lebanese American University,http://www.csm.lau.edu.lb/fabukhzam,NOSCHOLARPAGE
Faisal Nawab,Univ. of California - Santa Cruz,http://nawab.me,oMHn13QAAAAJ
Faith E. Fich,University of Toronto,http://www.cs.toronto.edu/~faith,NOSCHOLARPAGE
Faith Ellen,University of Toronto,http://www.cs.toronto.edu/~faith,NOSCHOLARPAGE
Faith Ellen Fich,University of Toronto,http://www.cs.toronto.edu/~faith,NOSCHOLARPAGE
Faith Fich,University of Toronto,http://www.cs.toronto.edu/~faith,NOSCHOLARPAGE
Faiyaz Doctor,University of Essex,https://www.essex.ac.uk/people/docto78602/faiyaz-doctor,_Wr-trcAAAAJ
Fakhrul Alam,Massey University,http://www.massey.ac.nz/massey/expertise/profile.cfm?stref=499830,qyFUJVsAAAAJ
Falk Howar,TU Dortmund,https://ls14-www.cs.tu-dortmund.de/cms/de/mitarbeiter/profs/Howar.html,pUqp2yIAAAAJ
Falk Scholer,RMIT University,https://www.rmit.edu.au/contact/staff-contacts/academic-staff/s/scholer-associate-professor-falk,qOLjlqsAAAAJ
Falk Schreiber,University of Konstanz,https://www.cls.uni-konstanz.de/members/falk-schreiber,ThdRhdYAAAAJ
Fan Cheng,Shanghai Jiao Tong University,http://www.cs.sjtu.edu.cn/~chengfan,aECSCPUAAAAJ
Fan Chung,Univ. of California - San Diego,http://math.ucsd.edu/~fan,7hPnuFQAAAAJ
Fan Chung Graham,Univ. of California - San Diego,http://math.ucsd.edu/~fan,7hPnuFQAAAAJ
Fan Long,University of Toronto,http://www.cs.toronto.edu/~fanl,j6XdtXwAAAAJ
Fan R. K. Chung,Univ. of California - San Diego,http://math.ucsd.edu/~fan,7hPnuFQAAAAJ
Fan Wu 0006,Shanghai Jiao Tong University,http://www.cs.sjtu.edu.cn/~fwu,YVKq-48AAAAJ
Fan Yao,University of Central Florida,http://fan-yao.com,NOSCHOLARPAGE
Fan Ye 0003,Stony Brook University,http://www.ece.stonybrook.edu/~fanye/index2.html,QryTRHAAAAAJ
Fan Zhang 0010,Zhejiang University,http://www.zjuisee.zju.edu.cn/fanzhang/site_en/index.htm,o7DuSwsAAAAJ
Fan Zhong,Shandong University,https://cvfzhong.github.io,NOSCHOLARPAGE
Fan Zhou 0002,UESTC,http://www.is.uestc.edu.cn/teachers.do?id=1121,Ihj2Rw8AAAAJ
Fan-Tien Cheng,National Cheng Kung University,http://www.csie.ncku.edu.tw/ncku_csie/depmember/teacherdetail/id/37,m9IzwP8AAAAJ
Fang Chen,Chalmers/GU,https://www.chalmers.se/en/staff/Pages/fang-chen.aspx,M_PnmHUAAAAJ
Fang Li 0001,Shanghai Jiao Tong University,http://www.cs.sjtu.edu.cn/~li-fang,U3Sm3-YAAAAJ
Fang Liu 0002,Hunan University,http://design.hnu.edu.cn/info/1023/5787.htm,PXo2aVUAAAAJ
Fang Song 0001,Portland State University,https://fangsong.info,A6C3geAAAAAJ
Fangju Wang,University of Guelph,https://www.uoguelph.ca/computing/people/fangju-wang,NOSCHOLARPAGE
Fangmin Song,Nanjing University,http://www.easychair.org/smart-program/VSL2014/person4653.html,NOSCHOLARPAGE
Fangtian Ying,Zhejiang University,http://mypage.zju.edu.cn/0094123,NOSCHOLARPAGE
Fangxing Li,University of Tennessee,http://web.eecs.utk.edu/~fli6,Xlzr3HMAAAAJ
Fangzhen Lin,HKUST,http://www.cs.ust.hk/~flin,klFoxpYAAAAJ
Fanny Chevalier,University of Toronto,http://www.cs.toronto.edu/~fchevali/fannydotnet/index.html,qc6jW8sAAAAJ
Fanxin Kong,Syracuse University,https://sites.google.com/site/fanxink,XeDepwwAAAAJ
Faramarz F. Samavati,University of Calgary,http://www.cpsc.ucalgary.ca/~samavati,NOSCHOLARPAGE
Faramarz Famil Samavati,University of Calgary,http://www.cpsc.ucalgary.ca/~samavati,NOSCHOLARPAGE
Faramarz Samavati,University of Calgary,http://www.cpsc.ucalgary.ca/~samavati,NOSCHOLARPAGE
Faraz Hasan,Massey University,http://www.massey.ac.nz/massey/expertise/profile.cfm?stref=572350,sL4S7W0AAAAJ
Fareed Zaffar,LUMS,https://lums.edu.pk/lums_employee/422,NOSCHOLARPAGE
Farhad Ahani Kamangar,University of Texas at Arlington,http://ranger.uta.edu/~kamangar,NOSCHOLARPAGE
Farhad Kamangar,University of Texas at Arlington,http://ranger.uta.edu/~kamangar,NOSCHOLARPAGE
Farhad Pourkamali-Anaraki,University of Massachusetts Lowell,http://www.cs.uml.edu/~farhad,NB2B59cAAAAJ
Farhad Shahrokhi,University of North Texas,http://www.cse.unt.edu/~farhad,dQ6YZ10AAAAJ
Farhana H. Zulkernine,Queen’s University,http://cs.queensu.ca/~farhana,NOSCHOLARPAGE
Fariba Sadri,Imperial College London,http://www.doc.ic.ac.uk/~fs,1CN_q7kAAAAJ
Farid Melgani,University of Trento,https://disi.unitn.it/~melgani,NOSCHOLARPAGE
Farinaz Koushanfar,Univ. of California - San Diego,https://farinaz.eng.ucsd.edu/home,3XnMVUAAAAAJ
Faris Alwzinani,Brunel University London,https://www.brunel.ac.uk/people/faris-alwzinani,QdsIHjgAAAAJ
Farnam Jahanian,Carnegie Mellon University,https://www.cmu.edu/leadership/the-provost,NOSCHOLARPAGE
Farokh B. Bastani,University of Texas at Dallas,https://www.utdallas.edu/~bastani,NOSCHOLARPAGE
Farookh Hussain,University of Technology Sydney,https://www.uts.edu.au/staff/farookh.hussain,L2Ve-R0AAAAJ
Farookh Khadeer Hussain,University of Technology Sydney,https://www.uts.edu.au/staff/farookh.hussain,L2Ve-R0AAAAJ
Farshad Fotouhi,Wayne State University,http://www.cs.wayne.edu/fotouhi/page.php,IkBUnLYAAAAJ
Faruk Polat,Middle East Technical University,http://user.ceng.metu.edu.tr/~polat,NOSCHOLARPAGE
Farzad Farnoud,University of Virginia,https://engineering.virginia.edu/faculty/farzad-farnoud,s1NC4EMAAAAJ
Farzad Farnoud Hassanzadeh,University of Virginia,https://engineering.virginia.edu/faculty/farzad-farnoud,s1NC4EMAAAAJ
Fatemeh Afghah,Northern Arizona University,https://nau.edu/siccs/faculty/fatemeh-afghah,67mA71QAAAAJ
Fatih Alagöz,Boğaziçi University,https://www.cmpe.boun.edu.tr/~alagoz,5Nku4S8AAAAJ
Fatima A. Merchant,University of Houston,https://www.uh.edu/technology/departments/et/people/?l=merchant&f=fatima,fUCDUOoAAAAJ
Fatima Abu Salem,American University of Beirut,http://www.cs.aub.edu.lb/fa21,NOSCHOLARPAGE
Fatima K. Abu Salem,American University of Beirut,http://www.cs.aub.edu.lb/fa21,NOSCHOLARPAGE
Fatos T. Yarman-Vural,Middle East Technical University,http://www.ceng.metu.edu.tr/~vural,zPFQ2BwAAAAJ
Fatos Tünay Yarman Vural,Middle East Technical University,http://www.ceng.metu.edu.tr/~vural,zPFQ2BwAAAAJ
Fausto Distante,Politecnico di Milano,http://home.deib.polimi.it/distante,NOSCHOLARPAGE
Fausto Fasano,University of Molise,http://docenti.unimol.it/index.php?u=fausto.fasano,8FQHw1gAAAAJ
Fausto Giunchiglia,University of Trento,http://fausto.disi.unitn.it,yDTC2DgAAAAJ
Fawaz A. Al Zaghoul,University of Jordan,http://computer.ju.edu.jo/Lists/FacultyAcademicStaff/Attachments/26/FAWAZCV-2013-English-Arabic-new-17-2-14.doc,i8KUEesAAAAJ
Fayyaz A. Afsar,University of Warwick,https://sites.google.com/view/fayyaz,cQ6eO_kAAAAJ
Fayyaz ul Amir Afsar Minhas,University of Warwick,https://sites.google.com/view/fayyaz,cQ6eO_kAAAAJ
Fazli Can,Bilkent University,http://www.cs.bilkent.edu.tr/~canf,u1-_lGIAAAAJ
Federica Sarro,University College London,http://www0.cs.ucl.ac.uk/staff/F.Sarro,nW9MDIQAAAAJ
Federico Fasce,Goldsmiths University of London,https://www.gold.ac.uk/computing/people/fasce-federico,NOSCHOLARPAGE
Federico Giovanni Poloni,University of Pisa,http://www.di.unipi.it/~fpoloni,NOSCHOLARPAGE
Federico Iuricich,Clemson University,http://fiurici.people.clemson.edu,NOSCHOLARPAGE
Federico Liberatore,Cardiff University,https://www.cardiff.ac.uk/people/view/1721244-liberatore-federico,NOSCHOLARPAGE
Fedor V. Fomin,University of Bergen,https://www.ii.uib.no/~fomin,96ZXvOsAAAAJ
Fei (Fred) Wang,University of Tennessee,http://www.eecs.utk.edu/people/faculty/fwang9,Kl1OE9UAAAAJ
Fei Chen 0003,Shenzhen University,https://sites.google.com/site/chenfeiorange,mrE1dDkAAAAJ
Fei Chiang,McMaster University,http://www.cas.mcmaster.ca/~fchiang,gbH5eZQAAAAJ
Fei Fang,Carnegie Mellon University,https://www.andrew.cmu.edu/user/feif,VdZQ1EgAAAAJ
Fei He 0001,Tsinghua University,http://www.thss.tsinghua.edu.cn/publish/soften/3131/2010/20101219193526388181747/20101219193526388181747_.html,uTnP9v0AAAAJ
Fei Li 0001,George Mason University,https://cs.gmu.edu/~lifei,ql6BXwcAAAAJ
Fei Liu 0004,University of Central Florida,http://www.cs.ucf.edu/~feiliu,NB-SMk8AAAAJ
Fei Miao,University of Connecticut,http://feimiao.org,fH2YF6YAAAAJ
Fei Peng,Hunan University,http://csee.hnu.edu.cn/people/pengfei,FT0YdtIAAAAJ
Fei Sha,University of Southern California,http://www-bcf.usc.edu/~feisha,8rttV7kAAAAJ
Fei Song,University of Guelph,https://www.uoguelph.ca/computing/people/fei-song,NOSCHOLARPAGE
Fei Su,BUPT,https://teacher.bupt.edu.cn/sufei/en/index/36998/list/index.htm,NOSCHOLARPAGE
Fei Wang 0017,Fudan University,http://www.cs.fudan.edu.cn/?page_id=1948,NOSCHOLARPAGE
Fei Wu 0001,Zhejiang University,http://mypage.zju.edu.cn/wufei,XJLn4MYAAAAJ
Fei Xie,Portland State University,http://web.cecs.pdx.edu/~xie,ln3fTN0AAAAJ
Fei-Fei Li 0001,Stanford University,http://vision.stanford.edu/feifeili,rDfyQnIAAAAJ
Feida Zhu 0001,Singapore Management University,https://www.smu.edu.sg/faculty/profile/9644/ZHU-Feida,uLa0zdcAAAAJ
Feifei Li 0001,University of Utah,https://www.cs.utah.edu/~lifeifei,qPDhlWkAAAAJ
Feifei Ma,Chinese Academy of Sciences,http://people.ucas.edu.cn/~feifeima,nbUWp5wAAAAJ
Feilong Tang,Shanghai Jiao Tong University,http://en.se.sjtu.edu.cn/teacher/teacherdetail.aspx?id=29,x_WgkwcAAAAJ
Feipei Lai,National Taiwan University,https://www.ntuh.gov.tw/en/director/members/3.%20Secretary%20In%20Medical%20Affairs/Fei%20Pei%20Lai.aspx,NOSCHOLARPAGE
Feiping Nie 0001,NWPU,http://www.escience.cn/people/fpnie/index.html,2oB4nAIAAAAJ
Felipe M. G. França,UFRJ,http://www.cos.ufrj.br/~felipe,An-l3DsAAAAJ
Felipe Maia Galvão França,UFRJ,http://www.cos.ufrj.br/~felipe,An-l3DsAAAAJ
Felipe Meneguzzi,PUC-RS,http://www.meneguzzi.eu/felipe,uFEbojwAAAAJ
Felipe Rech Meneguzzi,PUC-RS,http://www.meneguzzi.eu/felipe,uFEbojwAAAAJ
Felisa J. Vázquez-Abad,CUNY,http://www.hunter.cuny.edu/csci/people/faculty,NOSCHOLARPAGE
Felix A. Wichmann,University of Tübingen,https://uni-tuebingen.de/en/faculties/faculty-of-science/departments/computer-science/lehrstuehle/neural-information-processing/people/members,NxrQ794AAAAJ
Felix Brandt 0001,TU Munich,http://dss.in.tum.de/staff/brandt,fVnXdaQAAAAJ
Felix C. Freiling,University of Erlangen–Nuremberg,https://www.cs1.tf.fau.de/person/felix-freiling,NOSCHOLARPAGE
Felix C. Gärtner,University of Erlangen–Nuremberg,https://www.cs1.tf.fau.de/person/felix-freiling,NOSCHOLARPAGE
Felix Freitag,Polytechnic University of Catalonia,http://people.ac.upc.edu/felix,6wJ4ZdQAAAAJ
Félix Gómez Mármol,University of Murcia,http://webs.um.es/felixgm,YFwhSEcAAAAJ
Félix J. García,University of Murcia,http://webs.um.es/fgarcia/miwiki/doku.php,WaQfrJ0AAAAJ
Félix J. García 0001,University of Murcia,http://webs.um.es/fgarcia/miwiki/doku.php,WaQfrJ0AAAAJ
Félix J. García Clemente,University of Murcia,http://webs.um.es/fgarcia/miwiki/doku.php,WaQfrJ0AAAAJ
Felix J. Herrmann,Georgia Institute of Technology,http://www.slim.eos.ubc.ca,hw23CTQAAAAJ
Felix Joos,Heidelberg University,https://www.ifi.uni-heidelberg.de/theoi/team/felix_joos.html,NOSCHOLARPAGE
Felix Lindner 0001,University of Ulm,https://www.uni-ulm.de/in/ki/inst/staff/jun-prof-dr-felix-lindner,Tk2X5SYAAAAJ
Felix Naumann,Hasso Plattner Institute,https://hpi.de/en/the-hpi/people/professors/prof-dr-felix-naumann.html,Pqf21y0AAAAJ
Felix Reidl,Birkbeck University of London,https://www.dcs.bbk.ac.uk/about/people/academic-staff/felix-reidl,FOSGoU8AAAAJ
Felix Wolf 0001,TU Darmstadt,https://www.informatik.tu-darmstadt.de/parallel/parallel_programming/parallel_team/felix_wolf/index.en.jsp,aCGTNt0AAAAJ
Felix Xiaozhu Lin,University of Virginia,https://fxlin.github.io,f6FFhS8AAAAJ
Femke van Raamsdonk,VU Amsterdam,http://www.cs.vu.nl/~femke,i9-twtYAAAAJ
Feng Chen 0001,University of Texas at Dallas,https://personal.utdallas.edu/~fxc190007,KOQ-SSYAAAAJ
Feng Gu,CUNY,http://www.cs.csi.cuny.edu/~gu,6JuoIAUAAAAJ
Feng Guo,Indiana University,https://frankfengguo.weebly.com,L6lqEq8AAAAJ
Feng Hao,University of Warwick,https://www.dcs.warwick.ac.uk/~fenghao,RHaZFqcAAAAJ
Feng Li 0014,Shandong University,https://funglee.github.io,lJ-jik0AAAAJ
Feng Lin 0004,Zhejiang University,https://person.zju.edu.cn/person/flin,gyBxQOAAAAAJ
Feng Liu 0005,University of Queensland,http://researchers.uq.edu.au/researcher/951,NOSCHOLARPAGE
Feng Liu 0015,Portland State University,http://web.cecs.pdx.edu/~fliu,uiqXutMAAAAJ
Feng Lu 0005,Beihang University,http://shi.buaa.edu.cn/lufeng,NOSCHOLARPAGE
Feng Luo 0001,Clemson University,https://people.cs.clemson.edu/~luofeng,joROlFwAAAAJ
Feng Qian 0001,University of Minnesota,https://www-users.cs.umn.edu/~fengqian,NOSCHOLARPAGE
Feng Qin,Ohio State University,http://web.cse.ohio-state.edu/~qin,kTh5nIIAAAAJ
Feng Tian 0001,Chinese Academy of Sciences,http://lcs.ios.ac.cn/~fengt,NOSCHOLARPAGE
Feng W. Zhu,University of Alabama - Huntsville,https://www.uah.edu/science/departments/computer-science/faculty-staff/feng-zhu,NOSCHOLARPAGE
Feng Wang 0001,University of Mississippi,https://john.cs.olemiss.edu/~fwang/Home.htm,NOSCHOLARPAGE
Feng Xu 0005,Tsinghua University,http://cgcad.thss.tsinghua.edu.cn/xufeng,OqNQnTkAAAAJ
Feng Xu 0007,Nanjing University,http://ics.nju.edu.cn/people/fengxu,Fw3wFocAAAAJ
Feng Yan 0001,University of Nevada,https://wolfweb.unr.edu/~fyan,iLE0_VAAAAAJ
Feng Zhang 0007,Renmin University of China,http://iir.ruc.edu.cn/~zhangf,6dDocYkAAAAJ
Feng Zhu 0006,UESTC,http://faculty.uestc.edu.cn/williamzhu/en/jsxx/262241/jsxx/jsxx.htm,GIwXoWAAAAAJ
Feng-Hao Liu,Florida Atlantic University,http://www.eng.fau.edu/directory/faculty/liu/index.php,vvWcl-wAAAAJ
Feng-Jian Wang,National Chiao Tung University,https://www.cs.nctu.edu.tw/members/detail/fjwang,NOSCHOLARPAGE
Fengguang Song,IUPUI,http://cs.iupui.edu/~fgsong,BoVnm1wAAAAJ
Fengjun Li,University of Kansas,http://www.ittc.ku.edu/~fli,uoiTHjgAAAAJ
Fengling Han,RMIT University,https://www.rmit.edu.au/contact/staff-contacts/academic-staff/h/han-dr-fengling,lJNy2Kc58cIC
Fengyuan Ren,Tsinghua University,https://nns.cs.tsinghua.edu.cn/~renfy,NOSCHOLARPAGE
Fengyuan Xu,Nanjing University,https://cs.nju.edu.cn/fxu,NOSCHOLARPAGE
Feodor F. Dragan,Kent State University,https://www.kent.edu/cs/feodor-f-dragan,U74_kMcAAAAJ
Ferda Nur Alpaslan,Middle East Technical University,http://user.ceng.metu.edu.tr/~alpaslan,NOSCHOLARPAGE
Ferdinando Fioretto,Syracuse University,http://nandofioretto.com,ASf9Q04AAAAJ
Ferenc Huszar,University of Cambridge,https://www.inference.vc/about,koQCVT4AAAAJ
Ferenc Huszár,University of Cambridge,https://www.inference.vc/about,koQCVT4AAAAJ
Fereydoun Hormozdiari,Univ. of California - Davis,http://www.hormozdiarilab.org,yTTJKNQAAAAJ
Fereydoun Kazemian,Rochester Institute of Technology,https://www.cs.rit.edu/~fxk,NOSCHOLARPAGE
Ferkan Yilmaz,Yıldız Technical University,https://www.ce.yildiz.edu.tr/personal/ferkan?lang=en,yD0td6wAAAAJ
Fernanda Gusmão de Lima,UFRGS,http://www.inf.ufrgs.br/~fglima,vazfTWQAAAAJ
Fernanda Gusmão de Lima Kastensmidt,UFRGS,http://www.inf.ufrgs.br/~fglima,vazfTWQAAAAJ
Fernanda Lima Kastensmidt,UFRGS,http://www.inf.ufrgs.br/~fglima,vazfTWQAAAAJ
Fernando A. Kuipers,TU Delft,https://www.fernandokuipers.nl,W9BWce4AAAAJ
Fernando Castor,UFPE,http://www.cin.ufpe.br/~fjclf,c_egjh0AAAAJ
Fernando Castor Filho,UFPE,http://www.cin.ufpe.br/~fjclf,c_egjh0AAAAJ
Fernando De la Rosa,Universidad de los Andes,https://sistemasacademico.uniandes.edu.co/~fde,UB6e9ywAAAAJ
Fernando E. B. Otero,University of Kent,https://www.cs.kent.ac.uk/people/staff/febo,pEa-vucAAAAJ
Fernando Esteban Barril Otero,University of Kent,https://www.cs.kent.ac.uk/people/staff/febo,pEa-vucAAAAJ
Fernando G. S. L. Brandão,California Institute of Technology,http://fernandobrandao.org,zmDJrh0AAAAJ
Fernando Gehm Moraes,PUC-RS,http://www.inf.pucrs.br/moraes,XNjum_8AAAAJ
Fernando Jiménez,University of Murcia,http://webs.um.es/fernan/miwiki/doku.php?id=english,CWgxQY8AAAAJ
Fernando José Castor de Lima Filho,UFPE,http://www.cin.ufpe.br/~fjclf,c_egjh0AAAAJ
Fernando Loizides,Cardiff University,https://www.cardiff.ac.uk/people/view/978548-loizides-fernando,Bi4yMA8AAAAJ
Fernando Luís Dotti,PUC-RS,http://www.inf.pucrs.br/~fldotti,mwe43TsAAAAJ
Fernando M. Gonçalves,Universidade de Lisboa,http://cemapre.iseg.ulisboa.pt/~fgoncalves,633dK-8AAAAJ
Fernando M. Q. Pereira,UFMG,http://homepages.dcc.ufmg.br/~fernando,xZfJARoAAAAJ
Fernando M. V. Ramos,Universidade de Lisboa,https://ciencias.ulisboa.pt/perfil/fvramos,NhC7jcQAAAAJ
Fernando Magno Quintão Pereira,UFMG,http://homepages.dcc.ufmg.br/~fernando,xZfJARoAAAAJ
Fernando Manuel Valente Ramos,Universidade de Lisboa,https://ciencias.ulisboa.pt/perfil/fvramos,NhC7jcQAAAAJ
Fernando Mira da Silva,Universidade de Lisboa,https://fenix.tecnico.ulisboa.pt/homepage/ist12048,bKFCRYYAAAAJ
Fernando Moraes,PUC-RS,http://www.inf.pucrs.br/moraes,XNjum_8AAAAJ
Fernando Moraes 0001,PUC-RS,http://www.inf.pucrs.br/moraes,XNjum_8AAAAJ
Fernando Pedone,Università della Svizzera italiana,http://search.usi.ch/persone/c0c73c01f826ab0fdbef316b448f7d7c/Pedone-Fernando,BexX9vYAAAAJ
Fernando Santos Osório,USP-ICMC,http://conteudo.icmc.usp.br/pessoas/fosorio/fosorio-usp.html,RHVtgb0AAAAJ
Fernando Schapachnik,University of Buenos Aires,http://lafhis.dc.uba.ar/en/~fpscha,NOSCHOLARPAGE
Fernando V. Paulovich,Dalhousie University,https://sites.google.com/site/fpaulovich,TmMJsJkAAAAJ
Fernando Vieira Paulovich,Dalhousie University,https://sites.google.com/site/fpaulovich,TmMJsJkAAAAJ
Ferrante Neri,University of Nottingham,https://www.nottingham.ac.uk/computerscience/people/ferrante.neri,h0JDq7sAAAAJ
Fethi A. Rabhi,UNSW,https://research.unsw.edu.au/people/professor-fethi-rabhi,NOSCHOLARPAGE
Fethi Rabhi,UNSW,https://research.unsw.edu.au/people/professor-fethi-rabhi,NOSCHOLARPAGE
Feza Buzluca,Istanbul Technical University,http://web.itu.edu.tr/buzluca,nQqXUskAAAAJ
Fidel Cacheda,University of A Coruña,https://pdi.udc.es/es/File/Pdi/H399E,NOSCHOLARPAGE
Fikret Gürgen,Boğaziçi University,https://www.cmpe.boun.edu.tr/~gurgen,B8EWl8gAAAAJ
Fikret S. Gürgen,Boğaziçi University,https://www.cmpe.boun.edu.tr/~gurgen,B8EWl8gAAAAJ
Filip Murlak,University of Warsaw,http://www.mimuw.edu.pl/~fmurlak,lhjxaFQAAAAJ
Filip Sadlo,Heidelberg University,https://vcg.iwr.uni-heidelberg.de/people/sadlo,aptHqwMAAAAJ
Filip Sieczkowski,University of Wroclaw,https://sites.google.com/a/cs.uni.wroc.pl/efes,aNLxzEkAAAAJ
Filip Zelezný,Czech Technical University,http://ida.felk.cvut.cz/zelezny,gt3emoEAAAAJ
Filipo Sharevski,DePaul University,https://www.cdm.depaul.edu/Faculty-and-Staff/Pages/faculty-info.aspx?fid=1341,tihGPGUAAAAJ
Filippo Bonchi,Ecole Normale Superieure de Lyon,http://perso.ens-lyon.fr/filippo.bonchi,RMy4gDsAAAAJ
Filippo Menczer,Indiana University,http://cnets.indiana.edu/fil,f_kGJwkAAAAJ
Filippo Radicchi,Indiana University,http://homes.sice.indiana.edu/filiradi,ErokNqgAAAAJ
Filippos Tzaferis,University of Athens,http://www.di.uoa.gr/eng/staff/1028,NOSCHOLARPAGE
Fillia Makedon,University of Texas at Arlington,http://heracleia.uta.edu/~makedon,NOSCHOLARPAGE
Filomena Ferrucci,University of Salerno,http://salerno.academia.edu/FilomenaFerrucci,6LDD4w0AAAAJ
Finale Doshi,Harvard University,https://www.seas.harvard.edu/directory/finale,NOSCHOLARPAGE
Finale Doshi-Velez,Harvard University,https://www.seas.harvard.edu/directory/finale,NOSCHOLARPAGE
Finn Årup Nielsen,DTU,https://www.compute.dtu.dk/english,NOSCHOLARPAGE
Finn Kensing,University of Copenhagen,http://www.diku.dk/Ansatte/?pure=da/persons/43656,m_e3GYkAAAAJ
Fiona Jennet McNeill,Heriot-Watt University,https://www.hw.ac.uk/staff/uk/macs/fiona-mcneill.htm,535ZsJMAAAAJ
Fiona McNeill,Heriot-Watt University,https://www.hw.ac.uk/staff/uk/macs/fiona-mcneill.htm,535ZsJMAAAAJ
Fiora Pirri,Sapienza University of Rome,http://www.diag.uniroma1.it/pirri,VkYspW0AAAAJ
Firas AlBalas,JUST,http://www.just.edu.jo/eportfolio/Pages/Default.aspx?email=faalbalas,NOSCHOLARPAGE
Fish Wang,Arizona State University,https://ruoyuwang.me,pi3Z8FgAAAAJ
Flaminio Borgonovo,Politecnico di Milano,http://home.deib.polimi.it/borgonov,NOSCHOLARPAGE
Flavia Bonomo,University of Buenos Aires,http://mate.dm.uba.ar/~fbonomo,6VEZpsYAAAAJ
Flavia Bonomo-Braberman,University of Buenos Aires,http://mate.dm.uba.ar/~fbonomo,6VEZpsYAAAAJ
Flavio Chierichetti,Sapienza University of Rome,http://www.chierichetti.name,MGXRuXYAAAAJ
Flavio D. Garcia,University of Birmingham,https://www.birmingham.ac.uk/staff/profiles/computer-science/garcia-flavio.aspx,AMbuD_oAAAAJ
Flavio Figueiredo,UFMG,http://homepages.dcc.ufmg.br/~flaviovdf,4QhxTFYAAAAJ
Flavio Keidi Miyazawa,UNICAMP,http://www.ic.unicamp.br/~fkm,YV0kVoIAAAAJ
Flávio Keidi Miyazawa,UNICAMP,http://www.ic.unicamp.br/~fkm,YV0kVoIAAAAJ
Flávio Oliveira Silva,UFU,http://www.facom.ufu.br/~flavio,SW_VMq4AAAAJ
Flávio Rech Wagner,UFRGS,http://www.inf.ufrgs.br/~flavio,EUlQ8PkAAAAJ
Flavio S. Corrêa da Silva,USP,http://www.ime.usp.br/~fcs,NOSCHOLARPAGE
Flavio Vinicius Diniz de Figueiredo,UFMG,http://homepages.dcc.ufmg.br/~flaviovdf,4QhxTFYAAAAJ
Flavio de Figueiredo,UFMG,http://homepages.dcc.ufmg.br/~flaviovdf,4QhxTFYAAAAJ
Flávio de Oliveira Silva,UFU,http://www.facom.ufu.br/~flavio,SW_VMq4AAAAJ
Flavius Gruian,Lund University,http://www.lunduniversity.lu.se/lucat/user/2b6e0dd31045e02d96f26f40904362d9,SafG-QUAAAAJ
Flemming Nielson,DTU,https://www.compute.dtu.dk/english,NOSCHOLARPAGE
Flemming Stassen,DTU,https://www.compute.dtu.dk/english,NOSCHOLARPAGE
Flora D. Salim,RMIT University,http://florasalim.com,Yz35RSYAAAAJ
Flora Dilys Salim,RMIT University,http://florasalim.com,Yz35RSYAAAAJ
Flora Malamateniou,University of Piraeus,https://www.ds.unipi.gr/en/faculty/flora-en,NOSCHOLARPAGE
Flora Salim,RMIT University,http://florasalim.com,Yz35RSYAAAAJ
Florante R. Salvador,De La Salle University,https://www.dlsu.edu.ph/colleges/ccs/faculty-profile/single/?id=32742700878&command=GETPROFILE,2waSM7YAAAAJ
Florante Salvador,De La Salle University,https://www.dlsu.edu.ph/colleges/ccs/faculty-profile/single/?id=32742700878&command=GETPROFILE,2waSM7YAAAAJ
Florent Berthaut,CRIStAL,https://www.cristal.univ-lille.fr/profil/fberthau,NOSCHOLARPAGE
Florent Capelli,CRIStAL,https://www.cristal.univ-lille.fr/profil/fcapelli,NOSCHOLARPAGE
Florentin Wörgötter,University of Göttingen,http://www.uni-goettingen.de/en/58059.html,NOSCHOLARPAGE
Florian Alt,Bundeswehr University Munich,https://www.unibw.de/usable-security-and-privacy/team/univ-prof-dr-florian-alt,wf3Muy8AAAAJ
Florian Daniel,Politecnico di Milano,http://home.deib.polimi.it/daniel,wF6n9-0AAAAJ
Florian Echtler,Aalborg University,https://floe.butterbrot.org,sZssYagAAAAJ
Florian Kaltenberger,EURECOM,http://www.eurecom.fr/~kaltenbe,R1R9668AAAAJ
Florian Kammueller,Middlesex University,http://www.cs.mdx.ac.uk/people/florian-kammueller,DaQ8dGMAAAAJ
Florian Kammüller,Middlesex University,http://www.cs.mdx.ac.uk/people/florian-kammueller,DaQ8dGMAAAAJ
Florian Kerschbaum,University of Waterloo,https://cs.uwaterloo.ca/~fkerschb,aP-_mb8AAAAJ
Florian Matthes,TU Munich,https://wwwmatthes.in.tum.de/pages/88bkmvw6y7gx/Prof.-Dr.-Florian-Matthes,3zjU5eIAAAAJ
Florian Schaub,University of Michigan,https://www.si.umich.edu/people/florian-schaub,zg29qGEAAAAJ
Florian Shkurti,University of Toronto,http://www.cs.toronto.edu/~florian,BDmtLHsAAAAJ
Florian Tschorsch,TU Berlin,https://www.dsi.tu-berlin.de/menue/arbeitsgruppe/tschorsch,NOSCHOLARPAGE
Florian Zuleger,TU Wien,https://forsyte.at/people/zuleger,UckwzkEAAAAJ
Floriana Grasso,University of Liverpool,http://www.csc.liv.ac.uk/~floriana,DZREYocAAAAJ
Florin Ciucu,University of Warwick,https://warwick.ac.uk/fac/sci/dcs/people/florin_ciucu,JxCJneUAAAAJ
Florin Manea,University of Göttingen,http://flmanea.blogspot.com,sNhEpYAAAAAJ
Florin Rusu,Univ. of California - Merced,https://faculty.ucmerced.edu/frusu,8PfpzuEAAAAJ
Floris Bex,Utrecht University,http://www.florisbex.com,7fibZnIAAAAJ
Floris Ernst,University of Lübeck,https://www.rob.uni-luebeck.de/index.php?id=320,-ns9KHIAAAAJ
Floris J. Bex,Utrecht University,http://www.florisbex.com,7fibZnIAAAAJ
Floris Jurriaan Bex,Utrecht University,http://www.florisbex.com,7fibZnIAAAAJ
Forrest Sheng Bao,Iowa State University,https://www.cs.iastate.edu/people/forrest-sheng-bao,XWpFf0IAAAAJ
Foteini Baldimtsi,George Mason University,http://www.baldimtsi.com,Wrx-9LUAAAAJ
Foteini Paraskeva,University of Piraeus,https://www.ds.unipi.gr/en/faculty/fparaske-en,IeaP7wIAAAAJ
Fotis Liarokapis,Masaryk University,https://www.muni.cz/en/people/235197,snY7XXkAAAAJ
Foutse Khomh,Polytechnique Montreal,http://www.khomh.net,YYXb3KIAAAAJ
Fow-Sen Choa,Univ. of Maryland - Baltimore County,http://www.csee.umbc.edu/people/faculty/fow-sen-choa,NOSCHOLARPAGE
Frada Burstein,Monash University,http://www.sims.monash.edu.au/staff/fb,h2soBioAAAAJ
Fragkiskos Papadopoulos,Cyprus University of Technology,https://www.cut.ac.cy/faculties/fet/eecei/staff/f.papadopoulos/?languageId=1,ib8q0gUAAAAJ
Fran Berman,Rensselaer Polytechnic Institute,http://www.cs.rpi.edu/~bermaf,NOSCHOLARPAGE
Franca Garzotto,Politecnico di Milano,http://home.deib.polimi.it/garzotto,P6uIlrAAAAAJ
Frances Rosamond,University of Bergen,https://www.uib.no/en/persons/Frances.Rosamond,NOSCHOLARPAGE
Francesca Levi,University of Pisa,http://www.di.unipi.it/~levifran,NOSCHOLARPAGE
Francesca Saglietti,University of Erlangen–Nuremberg,http://www11.informatik.uni-erlangen.de/index.html,NOSCHOLARPAGE
Francesca Spezzano,Boise State University,https://sites.google.com/site/francescaspezzano,u_5TCGoAAAAJ
Francesca Toni,Imperial College London,http://www.doc.ic.ac.uk/~ft,L9dwO2cAAAAJ
Francesco A. N. Palmieri,University of Salerno,http://www.unisa.it/docenti/francescopalmieri/en/index,Ly2epXgAAAAJ
Francesco Amigoni,Politecnico di Milano,http://home.deib.polimi.it/amigoni,qsOtJtsAAAAJ
Francesco Belardinelli,Imperial College London,https://www.doc.ic.ac.uk/~fbelard,Mr35r1EAAAAJ
Francesco Bruschi,Politecnico di Milano,http://home.deib.polimi.it/bruschi,NOSCHOLARPAGE
Francesco Cafaro,IUPUI,https://soic.iupui.edu/people/francesco-cafaro,gvdVQ7gAAAAJ
Francesco Colace,University of Salerno,http://www.unisa.it/docenti/francescocolace/index,zfD1yBUAAAAJ
Francesco De Comité,CRIStAL,https://www.cristal.univ-lille.fr/profil/decomite,NOSCHOLARPAGE
Francesco De Natale,University of Trento,http://disi.unitn.it/~denatale,Js5-wwcAAAAJ
Francesco Falciani,University of Liverpool,https://liverpool.ac.uk/integrative-biology/staff/francesco-falciani,NdoIAMcAAAAJ
Francesco Leotta,Sapienza University of Rome,http://www.diag.uniroma1.it/users/francesco%20leotta,Z216gywAAAAJ
Francesco Maurelli,Jacobs University Bremen,https://www.jacobs-university.de/directory/fmaurelli,t1hnyyAAAAAJ
Francesco Musumeci,Politecnico di Milano,http://home.deib.polimi.it/musumeci,RsM0KB0AAAAJ
Francesco Orabona,Boston University,http://francesco.orabona.com,g1ha-iYAAAAJ
Francesco Orciuoli,University of Salerno,http://www.unisa.it/docenti/francescoorciuoli/en/index,hrsHqX4AAAAJ
Francesco Palmieri,University of Salerno,http://www.unisa.it/docenti/francescopalmieri/en/index,Ly2epXgAAAAJ
Francesco Palmieri 0001,University of Salerno,http://www.unisa.it/docenti/francescopalmieri/en/index,Ly2epXgAAAAJ
Francesco Parisi-Presicce,Sapienza University of Rome,http://wwwusers.di.uniroma1.it/~parisi,BnSDUgwAAAAJ
Francesco Romani,University of Pisa,http://www.di.unipi.it/~romani,NOSCHOLARPAGE
Francesco Tortorella,University of Salerno,https://docenti.unisa.it/041789/home,-oi4h0QAAAAJ
Francine Berman,Rensselaer Polytechnic Institute,http://www.cs.rpi.edu/~bermaf,NOSCHOLARPAGE
Francis Bach,Ecole Normale Superieure,http://www.di.ens.fr/~fbach,6PJWcFEAAAAJ
Francis Bu-Sung Lee,Nanyang Technological University,http://research.ntu.edu.sg/expertise/academicprofile/Pages/StaffProfile.aspx?ST_EMAILID=ebslee,TyytTfQAAAAJ
Francis C. M. Lau 0001,University of Hong Kong,https://i.cs.hku.hk/~fcmlau,FmneJesAAAAJ
Francis Chi-Moon Lau,University of Hong Kong,https://i.cs.hku.hk/~fcmlau,FmneJesAAAAJ
Francis Ferraro,Univ. of Maryland - Baltimore County,https://www.csee.umbc.edu/~ferraro,UB5EoOEAAAAJ
Francis K. H. Quek,Texas A&M University,http://viz.arch.tamu.edu/people/profiles/quek,pPUjlKwAAAAJ
Francis L. Merat,Case Western Reserve University,http://engr.case.edu/merat_francis/flm/home.html,NOSCHOLARPAGE
Francis R. Bach,Ecole Normale Superieure,http://www.di.ens.fr/~fbach,6PJWcFEAAAAJ
Francis Y. L. Chin,University of Hong Kong,https://i.cs.hku.hk/~chin,S3EaJmQAAAAJ
Francis Yuk-Lun Chin,University of Hong Kong,https://i.cs.hku.hk/~chin,S3EaJmQAAAAJ
Francisco Bellas,University of A Coruña,https://pdi.udc.es/en/File/Pdi/2U29E,k3xf9qMAAAAJ
Francisco Bellas-Bouza,University of A Coruña,https://pdi.udc.es/en/File/Pdi/2U29E,k3xf9qMAAAAJ
Francisco C. Santos,Universidade de Lisboa,http://web.ist.utl.pt/franciscocsantos,Kp5fFpYAAAAJ
Francisco Cedrón,University of A Coruña,https://pdi.udc.es/en/File/Pdi/XY7AF,NOSCHOLARPAGE
Francisco García-Sánchez,University of Murcia,http://webs.um.es/frgarcia,ZKFL__kAAAAJ
Francisco Gomes,Chalmers/GU,https://www.chalmers.se/en/staff/Pages/gomesf.aspx,NOSCHOLARPAGE
Francisco J. Mitropoulos,Nova Southeastern University,https://cec.nova.edu/faculty/mitropoulos.html,NOSCHOLARPAGE
Francisco J. Soulignac,University of Buenos Aires,http://www-2.dc.uba.ar/profesores/lin/docs/cv/cv_oscar.htm,NOSCHOLARPAGE
Francisco J. Valero Cuevas,University of Southern California,http://bbdl.usc.edu/Francisco.php,nq85o3QAAAAJ
Francisco Javier Nóvoa,University of A Coruña,https://pdi.udc.es/en/File/Pdi/HB9HJ,YZbHA_EAAAAJ
Francisco Jordan Fernandez,Polytechnic University of Catalonia,http://directori.upc.edu/directori/dadesPersona.jsp?id=1000062,NOSCHOLARPAGE
Francisco José Monaco,USP-ICMC,http://icmc.usp.br/pessoas?id=1678183,EXey2yQAAAAJ
Francisco M. Couto,Universidade de Lisboa,https://ciencias.ulisboa.pt/perfil/fjcouto,9_78rfMAAAAJ
Francisco Martins,Universidade de Lisboa,https://ciencias.ulisboa.pt/perfil/fcmartins,lUc2k74AAAAJ
Francisco S. Melo,Universidade de Lisboa,http://orcid.org/0000-0001-5705-7372,5AEeWU4AAAAJ
Francisco Sepulveda,University of Essex,https://www.essex.ac.uk/people/sepul39500/francisco-sepulveda,cBvX0d8AAAAJ
Francisco Servant,Virginia Tech,http://people.cs.vt.edu/fservant,6F5tt2sAAAAJ
Franck Leprévost,University of Luxembourg,http://wwwen.uni.lu/snt/people/franck_leprevost,NOSCHOLARPAGE
Franck van Breugel,York University,http://eecs.lassonde.yorku.ca/faculty/franck-van-breugel,NOSCHOLARPAGE
Franco Frattolillo,University of Sannio,https://www.unisannio.it/en/users/franco-frattolillo,x7TNVskAAAAJ
Franco M. Luque,Universidad Nacional de Córdoba,https://cs.famaf.unc.edu.ar/~francolq,edh9Nv4AAAAJ
Franco Martín Luque,Universidad Nacional de Córdoba,https://cs.famaf.unc.edu.ar/~francolq,edh9Nv4AAAAJ
Franco P. Preparata,Brown University,http://cs.brown.edu/~franco,i6uX5zUAAAAJ
Franco Raimondi,Middlesex University,http://www.rmnd.net,Vt5JjM8AAAAJ
Franco Turini,University of Pisa,http://www.di.unipi.it/~turini,OkDNfQ0AAAAJ
François Baccelli,Ecole Normale Superieure,http://www.di.ens.fr/~baccelli,NOSCHOLARPAGE
Francois Berenger,Ecole Normale Superieure,http://www.di.ens.fr/AntiqueTeam.html.fr,YnLcI2gAAAAJ
François Boulier,CRIStAL,http://cristal.univ-lille.fr/~boulier/pmwiki/pmwiki.php,pzwDiKgAAAAJ
François Bry,LMU Munich,https://www.pms.ifi.lmu.de/mitarbeiter/derzeitige/francois-bry,uERnzWQAAAAJ
François Bry-Haußer,LMU Munich,https://www.pms.ifi.lmu.de/mitarbeiter/derzeitige/francois-bry,uERnzWQAAAAJ
François Dupressoir,University of Bristol,https://fdupress.net,gxFJ_bYAAAAJ
François Fleuret,EPFL,https://people.epfl.ch/francois.fleuret,Bj1tRlsAAAAJ
François Guimbretière,Cornell University,https://www.cs.cornell.edu/~francois,PxZT1sgAAAAJ
François Gygi,Univ. of California - Davis,http://faculty.engineering.ucdavis.edu/gygi,NOSCHOLARPAGE
François Jacquenet,Université Jean Monnet,http://perso.univ-st-etienne.fr/jacquene,HPhooYQAAAAJ
François Lauze,University of Copenhagen,http://image.diku.dk/francois,nssvQ-UAAAAJ
François Lemaire,CRIStAL,https://www.cristal.univ-lille.fr/profil/francois.lemaire,NOSCHOLARPAGE
François Major,University of Montreal,http://www.iro.umontreal.ca/~major,NOSCHOLARPAGE
François Pitt,University of Toronto,http://www.cs.toronto.edu/~fpitt,DnZw9asAAAAJ
François Rivest,Royal Military College of Canada,https://www.rmc-cmr.ca/en/mathematics-and-computer-science/dr-francois-rivest,lb1fNb0AAAAJ
François Schwarzentruber,Ecole Normale Superieure de Rennes,http://people.irisa.fr/Francois.Schwarzentruber,EPuq4M8AAAAJ
Frank A. Drews,Ohio University,https://www.ohio.edu/engineering/about/people/profiles.cfm?profile=drews,NOSCHOLARPAGE
Frank Bellosa,Karlsruhe Institute of Technology,https://os.itec.kit.edu/deutsch/mitarbeiter_31.php,vC8w64wAAAAJ
Frank Broz,Heriot-Watt University,https://www.hw.ac.uk/staff/uk/macs/frank-broz.htm,XkU-Jo8AAAAJ
Frank C. Langbein,Cardiff University,https://www.cardiff.ac.uk/people/view/118140-langbein-frank,33a3FZ8AAAAJ
Frank D. Wood,University of British Columbia,https://www.cs.ubc.ca/~fwood,d4yNzXIAAAAJ
Frank Dehne,Carleton University,https://carleton.ca/scs/people/frank-dehne,nHJDhwoAAAAJ
Frank Dellaert,Georgia Institute of Technology,https://www.cc.gatech.edu/~dellaert,ZxXBaswAAAAJ
Frank Drews,Ohio University,https://www.ohio.edu/engineering/about/people/profiles.cfm?profile=drews,NOSCHOLARPAGE
Frank Gurski,University of Düsseldorf,https://www.cs.hhu.de/lehrstuehle-und-arbeitsgruppen/algorithmen-fuer-schwere-probleme-pd-dr-frank-gurski/unser-team.html,MGeSxLAAAAAJ
Frank H. Collins,University of Notre Dame,http://biology.nd.edu/people/frank-h-collins,I5SCVa0AAAAJ
Frank H. Li,Georgia Institute of Technology,https://frankli.ece.gatech.edu,Iv7K07UAAAAJ
Frank Huess Hedlund,DTU,https://www.compute.dtu.dk/english,NOSCHOLARPAGE
Frank Hutter,University of Freiburg,https://ml.informatik.uni-freiburg.de/people/hutter/index.html,YUrxwrkAAAAJ
Frank K. H. A. Dehne,Carleton University,https://carleton.ca/scs/people/frank-dehne,nHJDhwoAAAAJ
Frank Kappe,Graz University of Technology,https://www.tugraz.at/institutes/isds/home,OGG4eAUAAAAJ
Frank Kargl,University of Ulm,https://www.uni-ulm.de/in/vs/inst/team/frank-kargl,CqrRSEYAAAAJ
Frank Keller,University of Edinburgh,http://homepages.inf.ed.ac.uk/keller,NOSCHOLARPAGE
Frank Kirchner,University of Bremen,https://robotik.dfki-bremen.de/de/ueber-uns/mitarbeiter/frki01.html,cdsWBrEAAAAJ
Frank Köster,University of Oldenburg,https://uol.de/its/personen/prof-dr-frank-koester,NOSCHOLARPAGE
Frank Kramer,University of Augsburg,https://www.uni-augsburg.de/de/fakultaet/fai/informatik/prof/misit/mitarbeiter,FhSgvXsAAAAJ
Frank Kurth,University of Bonn,https://net.cs.uni-bonn.de/de/wg/audio-signal-processing,oNolQvUAAAAJ
Frank L. Merat,Case Western Reserve University,http://engr.case.edu/merat_francis/flm/home.html,NOSCHOLARPAGE
Frank Leymann,University of Stuttgart,http://www.iaas.uni-stuttgart.de/institut/mitarbeiter/leymann/indexE.php,qRnegTsAAAAJ
Frank Li 0001,Georgia Institute of Technology,https://frankli.ece.gatech.edu,Iv7K07UAAAAJ
Frank Lindseth,NTNU,https://www.ntnu.edu/employees/frankl,3nEQftQAAAAJ
Frank M. Shipman III,Texas A&M University,http://www.csdl.tamu.edu/~shipman,NOSCHOLARPAGE
Frank Maurer,University of Calgary,http://www.ucalgary.ca/research/home/office-vice-president-research/about-vpr-team/frank-maurer-associate-vice-president-research,KA76kpYAAAAJ
Frank Mueller,North Carolina State University,http://moss.csc.ncsu.edu/~mueller,NOSCHOLARPAGE
Frank Mueller 0001,North Carolina State University,http://moss.csc.ncsu.edu/~mueller,NOSCHOLARPAGE
Frank Neumann 0001,University of Adelaide,https://cs.adelaide.edu.au/~frank,Z5iNnqIAAAAJ
Frank Ortmeier,University of Magdeburg,https://cse.cs.ovgu.de/cse,ef7RYPwAAAAJ
Frank Pfenning,Carnegie Mellon University,http://www.cs.cmu.edu/~fp,ghWKWBUAAAAJ
Frank Piessens,KU Leuven,https://distrinet.cs.kuleuven.be/people/frank,Px63T5YAAAAJ
Frank Puppe,University of Würzburg,http://www.is.informatik.uni-wuerzburg.de/staff/puppe-frank,RU1WQtAAAAAJ
Frank Rudzicz,University of Toronto,http://www.cs.toronto.edu/~frank,elXOB1sAAAAJ
Frank Ruskey,University of Victoria,http://www.cs.uvic.ca/~ruskey,z81N4kUAAAAJ
Frank S. de Boer,CWI,http://homepages.cwi.nl/~frb,5EtjjF8AAAAJ
Frank Shipman,Texas A&M University,http://www.csdl.tamu.edu/~shipman,NOSCHOLARPAGE
Frank Slomka,University of Ulm,https://www.uni-ulm.de/in/es/mitarbeiter/prof-dr-frank-slomka,XF3AgJIAAAAJ
Frank Stajano,University of Cambridge,https://www.cl.cam.ac.uk/~fms27,gpmtO_gAAAAJ
Frank Steinicke,University of Hamburg,https://www.inf.uni-hamburg.de/en/inst/ab/hci/people/steinicke.html,bmRsMpUAAAAJ
Frank Stephan,National University of Singapore,https://www.comp.nus.edu.sg/~fstephan,m32l0cMAAAAJ
Frank Thuijsman,Maastricht University,https://dke.maastrichtuniversity.nl/f.thuijsman/site,OxPUGmwAAAAJ
Frank Tip,Northeastern University,http://www.franktip.org,siQDY4gAAAAJ
Frank Vahid,Univ. of California - Riverside,http://www.cs.ucr.edu/~vahid,qu3rpc0AAAAJ
Frank Vetere,University of Melbourne,http://people.eng.unimelb.edu.au/fv,_30-AxUAAAAJ
Frank Wang,University of Kent,https://www.cs.kent.ac.uk/people/staff/fzw,7kY-804AAAAJ
Frank Weichert,TU Dortmund,https://ls7-www.cs.tu-dortmund.de/cms/de/weichert,NOSCHOLARPAGE
Frank Wolter,University of Liverpool,http://www.csc.liv.ac.uk/~frank,A6cSqMUAAAAJ
Frank Wood,University of British Columbia,https://www.cs.ubc.ca/~fwood,d4yNzXIAAAAJ
Frank Y. Shih,NJIT,https://web.njit.edu/~shih,uXEp3MIAAAAJ
Frank Yeong-Chyang Shih,NJIT,https://web.njit.edu/~shih,uXEp3MIAAAAJ
Frank Z. Wang,University of Kent,https://www.cs.kent.ac.uk/people/staff/fzw,7kY-804AAAAJ
Frank Zhigang Wang,University of Kent,https://www.cs.kent.ac.uk/people/staff/fzw,7kY-804AAAAJ
Frank van Graas,Ohio University,https://www.ohio.edu/engineering/about/people/profiles.cfm?profile=vangraas,NOSCHOLARPAGE
Frank van Harmelen,VU Amsterdam,http://www.cs.vu.nl/~frankh,LCyfDi8AAAAJ
Franklin Bristow,University of Manitoba,http://www.cs.umanitoba.ca/~fbristow,NOSCHOLARPAGE
Franklin L. Marquezino,UFRJ,http://www.cos.ufrj.br/~franklin,KeEgCSsAAAAJ
Franklin de Lima Marquezino,UFRJ,http://www.cos.ufrj.br/~franklin,KeEgCSsAAAAJ
Frans A. Oliehoek,TU Delft,https://www.fransoliehoek.net/wp,rSNBJJIAAAAJ
Frans Adriaan Oliehoek,TU Delft,https://www.fransoliehoek.net/wp,rSNBJJIAAAAJ
Frans Coenen,University of Liverpool,http://www.csc.liv.ac.uk/~frans,phOEYbQAAAAJ
Frans Wiering,Utrecht University,https://www.uu.nl/medewerkers/FWiering,TN3yLrkAAAAJ
Frantisek Plasil,Charles University,https://d3s.mff.cuni.cz/people/frantisekplasil,QqFofxMAAAAJ
Franya Franek,McMaster University,http://www.cas.mcmaster.ca/~franek,NOSCHOLARPAGE
Franz Aurenhammer,Graz University of Technology,https://www.tugraz.at/institute/igi/team/prof-aurenhammer,9F2RaXkAAAAJ
Franz Baader,TU Dresden,https://lat.inf.tu-dresden.de/~baader,dIVc_FYAAAAJ
Franz J. Hauck,University of Ulm,https://www.uni-ulm.de/in/vs/inst/team/franz-hauck,zV3HdFQAAAAJ
Franz Johannes Hauck,University of Ulm,https://www.uni-ulm.de/in/vs/inst/team/franz-hauck,zV3HdFQAAAAJ
Franz Leberl,Graz University of Technology,http://www.leberl.info,-s4b1XAAAAAJ
Franz Puntigam,TU Wien,http://www.complang.tuwien.ac.at/franz,NOSCHOLARPAGE
Franz W. Leberl,Graz University of Technology,http://www.leberl.info,-s4b1XAAAAAJ
Franz Wotawa,Graz University of Technology,http://www.ist.tugraz.at/staff/wotawa,Z27gH2wAAAAJ
Franziska Boehm,Karlsruhe Institute of Technology,https://www.zar.kit.edu/492.php?ID=237,NOSCHOLARPAGE
Franziska Roesner,University of Washington,http://www.franziroesner.com,q5GIWC0AAAAJ
Franziskus Gerhard Puppe,University of Würzburg,http://www.is.informatik.uni-wuerzburg.de/staff/puppe-frank,RU1WQtAAAAAJ
Frazer K. Noble,Massey University,http://www.massey.ac.nz/massey/expertise/profile.cfm?stref=803250,NOSCHOLARPAGE
Fred A. Hamprecht,Heidelberg University,https://hci.iwr.uni-heidelberg.de/people/fhamprec,lO62bt0AAAAJ
Fred B. Schneider,Cornell University,https://www.cs.cornell.edu/fbs,sxjynOsAAAAJ
Fred Brown,University of Adelaide,http://www.adelaide.edu.au/directory/fred.brown,NOSCHOLARPAGE
Fred Chong,University of Chicago,http://people.cs.uchicago.edu/~ftchong,U6OVPVMAAAAJ
Fred G. Martin,University of Massachusetts Lowell,http://www.cs.uml.edu/~fredm,rqpdaP0AAAAJ
Fred H. Hamker,TU Chemnitz,https://www.tu-chemnitz.de/informatik/KI/fhamker.php,LjZJA1sAAAAJ
Fred Henrik Hamker,TU Chemnitz,https://www.tu-chemnitz.de/informatik/KI/fhamker.php,LjZJA1sAAAAJ
Fred Martin,University of Massachusetts Lowell,http://www.cs.uml.edu/~fredm,rqpdaP0AAAAJ
Fred Popowich,Simon Fraser University,https://www.sfu.ca/~popowich/public/Home.html,auCVNSUAAAAJ
Fred R. M. Barnes,University of Kent,https://www.cs.kent.ac.uk/~frmb,ajvbY_0AAAAJ
Fred S. Annexstein,University of Cincinnati,http://www.ece.uc.edu/~annexste/UC_Pages/Dr._Fred_Annexsteins_Computer_Science_Department_Homepage_____.html,pOKCwi4AAAAJ
Frédéric Blanqui,Ecole Normale Superieure de Cachan,http://www.lsv.ens-cachan.fr/People,PHpAzZ8AAAAJ
Frederic Desprez,Ecole Normale Superieure de Lyon,http://www.inria.fr/institut/organisation/adjoints-au-directeur-scientifique/frederic-desprez,9KkV5HAAAAAJ
Frédéric Desprez,Ecole Normale Superieure de Lyon,http://www.inria.fr/institut/organisation/adjoints-au-directeur-scientifique/frederic-desprez,9KkV5HAAAAAJ
Frederic F. Leymarie,Goldsmiths University of London,https://www.gold.ac.uk/computing/staff/f-folleymarie,Lahlh-cAAAAJ
Frederic Fol Leymarie,Goldsmiths University of London,https://www.gold.ac.uk/computing/staff/f-folleymarie,Lahlh-cAAAAJ
Frédéric Gibou,Univ. of California - Santa Barbara,https://engineering.ucsb.edu/~fgibou,KKUAx0sAAAAJ
Frédéric Hoogstoel,CRIStAL,https://www.cristal.univ-lille.fr/profil/hoogstoe,oYuyBlYAAAAJ
Frédéric Labrosse,Aberystwyth University,https://www.aber.ac.uk/en/cs/staff-profiles/listing/profile/ffl,NOSCHOLARPAGE
Frédéric Loulergue,Northern Arizona University,https://nau.edu/siccs/faculty/frederic-loulergue,T4eOjcAAAAAJ
Frédéric Prost,Ecole Normale Superieure de Lyon,http://perso.ens-lyon.fr/frederic.prost,3ENh1PIAAAAJ
Frédéric Semet,CRIStAL,https://www.cristal.univ-lille.fr/profil/fsemet,6iUyQhMAAAAJ
Frédéric Suter,Ecole Normale Superieure de Lyon,http://www.ens-lyon.fr/annuaire/m-suter-frederic-136989.kjsp?RH=ENS-LYON,taujrLoAAAAJ
Frederic T. Chong,University of Chicago,http://people.cs.uchicago.edu/~ftchong,U6OVPVMAAAAJ
Frederick C. Harris Jr.,University of Nevada,https://www.cse.unr.edu/~fredh,yhbUkg0AAAAJ
Frederick Chang,Southern Methodist University,https://www.smu.edu/News/2013/fred-chang-announcement-04sept2013/fred-chang-biography,NOSCHOLARPAGE
Frederick H. Lochovsky,HKUST,https://www.cse.ust.hk/~fred,eIm7hjkAAAAJ
Frederick P. Roth,University of Toronto,http://llama.mshri.on.ca,a2FJg9wAAAAJ
Frederick R. M. Barnes,University of Kent,https://www.cs.kent.ac.uk/~frmb,ajvbY_0AAAAJ
Frederick T. Sheldon,University of Idaho,http://www.uidaho.edu/engr/departments/cs/our-people/faculty/rick-sheldon,Ekuq7lAAAAAJ
Frederick W. B. Li,Durham University,https://www.dur.ac.uk/computer.science/staff/profile/?id=4509,V9XyRX8AAAAJ
Frederik Armknecht,University of Mannheim,https://ls.wim.uni-mannheim.de/de/ths/arbeitsgruppe/mitarbeiter/prof-dr-frederik-armknecht,NOSCHOLARPAGE
Frederik Mallmann-Trenn,King's College London,https://www.kcl.ac.uk/people/frederik-mallman-trenn,b0VTWqMAAAAJ
Frederik Vercauteren,KU Leuven,https://www.esat.kuleuven.be/cosic/people/frederik-vercauteren,pYTEVIEAAAAJ
Frederik Zuiderveen Borgesius,Radboud University,https://www.ivir.nl/employee/zuiderveen-borgesius,NOSCHOLARPAGE
Frédérique Laforest,Université Jean Monnet,http://satin-ppl.telecom-st-etienne.fr/flaforest,dlCqLHsAAAAJ
Frédo Durand,Massachusetts Institute of Technology,http://people.csail.mit.edu/fredo,NJ9c4ygAAAAJ
Fredrik Kilander,KTH Royal Institute of Technology,https://www.kth.se/profile/fki,NOSCHOLARPAGE
Fredrik Kjolstad,Stanford University,https://fredrikbk.com,bCCxZ28AAAAJ
Fredrik Manne,University of Bergen,http://www.ii.uib.no/~fredrikm,NOSCHOLARPAGE
Fredrik Milani,University of Tartu,http://www.ut.ee/en/fredrik-payman-milani,Whhz1iUAAAAJ
Fredrik P. Milani,University of Tartu,http://www.ut.ee/en/fredrik-payman-milani,Whhz1iUAAAAJ
Freek Wiedijk,Radboud University,http://www.cs.ru.nl/~freek,NOSCHOLARPAGE
Friedel Gerfers,TU Berlin,https://www.msc.tu-berlin.de/menue/team/gerfers/parameter/de,kKlgNRQAAAAJ
Friedemann Mattern,ETH Zurich,https://people.inf.ethz.ch/mattern,rIdxtXsAAAAJ
Friedhelm Meyer auf der Heide,Paderborn University,https://www.hni.uni-paderborn.de/alg/mitarbeiter/fmadh,qOQCKCIAAAAJ
Friedrich Eisenbrand,EPFL,https://people.epfl.ch/friedrich.eisenbrand,nnifvacAAAAJ
Friedrich Fraundorfer,Graz University of Technology,https://www.tugraz.at/institute/icg/research/team-fraundorfer/people/friedrich-fraundorfer,M0boL5kAAAAJ
Frits W. Vaandrager,Radboud University,http://www.cs.ru.nl/~fvaan,2bkjlMgAAAAJ
Fritz Henglein,University of Copenhagen,http://www.diku.dk/~henglein,FOM81UEAAAAJ
Fritz Kevin Flores,De La Salle University,https://www.dlsu.edu.ph/colleges/ccs/faculty-profile/single/?id=32665778068&command=GETPROFILE,NOSCHOLARPAGE
Froduald Kabanza,Université de Sherbrooke,https://www.usherbrooke.ca/informatique/personnel/corps-professoral/professeurs/froduald-kabanza,h7z0lEoAAAAJ
Frouke Hermens,Tilburg University,https://www.tilburguniversity.edu/webwijs/show/f.hermens.htm,oTRqgI4AAAAJ
Fuat Akal,Hacettepe University,http://yunus.hacettepe.edu.tr/~akal,rnq1_mIAAAAJ
Fuchun J. Lin,National Chiao Tung University,http://www.cs.nctu.edu.tw/~fuchun_lin,Pei7LGcAAAAJ
Fuchun Joseph Lin,National Chiao Tung University,http://www.cs.nctu.edu.tw/~fuchun_lin,Pei7LGcAAAAJ
Fuchun Sun 0001,Tsinghua University,http://www.tsinghua.edu.cn/publish/csen/4623/2010/20101224193039440369874/20101224193039440369874_.html,DbviELoAAAAJ
Fuhua (Frank) Cheng,University of Kentucky,http://www.cs.uky.edu/~cheng,NOSCHOLARPAGE
Fuhua Cheng,University of Kentucky,http://www.cs.uky.edu/~cheng,NOSCHOLARPAGE
Fumihide Tanaka,University of Tsukuba,http://fumihide-tanaka.org/lab/en/members.html,NOSCHOLARPAGE
Fumin Shen,UESTC,http://cfm.uestc.edu.cn/~fshen,oqYL6fQAAAAJ
Fumio Kanehiro,University of Tsukuba,https://staff.aist.go.jp/f-kanehiro,VsmhlM8AAAAJ
Fumio Machida,University of Tsukuba,https://www.cs.tsukuba.ac.jp/~machida/en,l6wFyNMAAAAJ
Fumio Okura,Osaka University,http://www-infobiz.ist.osaka-u.ac.jp/user/okura,Qw72w48AAAAJ
Fumio Teraoka,Keio University,https://www.st.keio.ac.jp/en/tprofile/ics/teraoka.html,1e4BgHoAAAAJ
Fumiyasu Komaki,University of Tokyo,http://www.i.u-tokyo.ac.jp/news/focus_e/komaki.shtml,NOSCHOLARPAGE
Funda Ergün,Indiana University,http://homes.soic.indiana.edu/fergun,C3Xc9xIAAAAJ
Fung Yu Young,Chinese University of Hong Kong,http://www.cse.cuhk.edu.hk/~fyyoung,NOSCHOLARPAGE
Fuqing Yang,Peking University,http://www.sei.pku.edu.cn/people/yang,NOSCHOLARPAGE
Furao Shen,Nanjing University,https://cs.nju.edu.cn/rinc/student/qty/index.html,bjSi-dIAAAAJ
Furong Huang,University of Maryland - College Park,https://www.cs.umd.edu/people/furongh,mRI6AogAAAAJ
Fusheng Wang 0001,Stony Brook University,https://www.cs.stonybrook.edu/people/faculty/FushengWang,VB6tZFEAAAAJ
Fuxin Li,Oregon State University,http://eecs.oregonstate.edu/people/li-fuxin,snDpfA0AAAAJ
Fuzhen Zhuang,Chinese Academy of Sciences,http://www.intsci.ac.cn/users/zhuangfuzhen/index.htm,klJBYrAAAAAJ
