name,affiliation,homepage,scholarid
X. Sean Wang,Fudan University,http://www.cs.fudan.edu.cn/?page_id=1249?lang=eng,AHOG_MgAAAAJ
Xavier Bresson,Nanyang Technological University,http://research.ntu.edu.sg/expertise/academicprofile/Pages/StaffProfile.aspx?ST_EMAILID=XBRESSON&CategoryDescription=Mathematics,9pSK04MAAAAJ
Xavier Défago,Tokyo Institute of Technology,https://www.coord.c.titech.ac.jp,vPNvIusAAAAJ
Xavier Le Pallec,CRIStAL,http://cristal.univ-lille.fr/~lepallec,zO9OcTMAAAAJ
Xavier Rival,Ecole Normale Superieure,http://www.di.ens.fr/~rival,YGy_zroAAAAJ
Xavier Tricoche,Purdue University,https://www.cs.purdue.edu/homes/xmt,iL-hxJoAAAAJ
Xenofon D. Koutsoukos,Vanderbilt University,http://www.vuse.vanderbilt.edu/~koutsoxd,NHZdlVkAAAAJ
Xenofon Fafoutis,DTU,https://www.compute.dtu.dk/english,NOSCHOLARPAGE
Xenofontas A. Dimitropoulos,University of Crete,http://www.inspire.edu.gr/~fontas,pWyNwcMAAAAJ
Xi Chen 0001,Columbia University,http://www.cs.columbia.edu/~xichen/Homepage/Welcome.html,P_UgxSYAAAAJ
Xi He 0001,University of Waterloo,https://users.cs.duke.edu/~hexi88,DlTQ320AAAAJ
Xi Li 0001,Zhejiang University,http://mypage.zju.edu.cn/xilics,TYNPJQMAAAAJ
Xi Peng 0005,University of Delaware,https://sites.google.com/site/xipengcshomepage/home,DWw4v0kAAAAJ
Xi Wang 0005,University of Washington,https://homes.cs.washington.edu/~xi,6NMfUhAAAAAJ
Xi Zheng 0001,Macquarie University,http://web.science.mq.edu.au/~jxzheng,SNfRGJoAAAAJ
Xi-Zhao Wang,Shenzhen University,http://csse.szu.edu.cn/cn/peopled297.html?98400,NyLTM0wAAAAJ
Xia Hu,Texas A&M University,http://faculty.cs.tamu.edu/xiahu,pcCS60IAAAAJ
Xia Ning,Ohio State University,https://u.osu.edu/ning.104/members/xia-ning-pi,YkPL8jMAAAAJ
Xia Yin,Tsinghua University,http://www.tsinghua.edu.cn/publish/csen/4623/2010/20101226110908587907841/20101226110908587907841_.html,SKxhz04AAAAJ
Xia Zhou,Dartmouth College,http://www.cs.dartmouth.edu/~xia,t_DFZvgAAAAJ
Xiahai Zhuang,Fudan University,http://www.sdspeople.fudan.edu.cn/zhuangxiahai,XlavIMcAAAAJ
Xiali Hei,University of Louisiana - Lafayette,http://www.xialihei.com,PzflF_cAAAAJ
Xian Du,University of Massachusetts Amherst,https://mie.umass.edu/faculty/xian-du,8iO-e8MAAAAJ
Xian-He Sun,Illinois Institute of Technology,https://science.iit.edu/people/faculty/xian-he-sun,9h3JX7MAAAAJ
XianPing Tao,Nanjing University,http://ics.nju.edu.cn/people/xianpingtao,F3mGYVoAAAAJ
Xianfang Sun,Cardiff University,https://www.cardiff.ac.uk/people/view/118165-sun-xianfang,VwEdUpIAAAAJ
Xianfeng David Gu,Stony Brook University,http://www3.cs.stonybrook.edu/~gu,Y063_CIAAAAJ
Xianfeng Gu,Stony Brook University,http://www3.cs.stonybrook.edu/~gu,Y063_CIAAAAJ
Xiang Ao,Chinese Academy of Sciences,http://mldm.ict.ac.cn/MLDM/~aox,W8wrWfMAAAAJ
Xiang Chen 0001,Zhejiang University,http://flyingxiang.net,I6P3k0AAAAAJ
Xiang Gui,Massey University,http://www.massey.ac.nz/massey/expertise/profile.cfm?stref=602830,x1ngDN4AAAAJ
Xiang Lian,Kent State University,https://www.kent.edu/cs/xiang-lian,xvrh8YMAAAAJ
Xiang Long,Beihang University,http://scse.buaa.edu.cn/info/1078/2641.htm,NOSCHOLARPAGE
Xiang Ren 0001,University of Southern California,http://ink-ron.usc.edu/xiangren,_moJlrIAAAAJ
Xiang Zhang 0001,Pennsylvania State University,https://faculty.ist.psu.edu/xzz89,NOSCHOLARPAGE
Xiang-Dong Tan,Univ. of California - Riverside,http://www.ee.ucr.edu/~stan,ugsbzTsAAAAJ
Xiang-Dong Zhou,Fudan University,http://homepage.fudan.edu.cn/xdzhou,QUrLihYAAAAJ
Xiang-Yang Li 0001,USTC,http://staff.ustc.edu.cn/~xiangyangli,JURtNb0AAAAJ
Xiangdong Li,CUNY,http://www.gc.cuny.edu/Page-Elements/Academics-Research-Centers-Initiatives/Doctoral-Programs/Computer-Science/Faculty-Bios/Xiangdong-Li,hK4H4z4AAAAJ
Xiangdong Zhou,Fudan University,http://homepage.fudan.edu.cn/xdzhou,QUrLihYAAAAJ
Xianghang Mi,University at Buffalo,https://xianghang.me,6duSrM8AAAAJ
Xianghong Jasmine Zhou,University of Southern California,http://zhoulab.usc.edu,NOSCHOLARPAGE
Xianghua Ding,Fudan University,http://www.xianghuading.com,B9M48i8AAAAJ
Xianghua Ying,Peking University,http://www.cis.pku.edu.cn/vision/Visual&Robot/people/ying/index.htm,27o9L1wAAAAJ
Xiangliang Zhang 0001,KAUST,https://www.kaust.edu.sa/en/study/faculty/xiangliang-zhang,BhRJe4wAAAAJ
Xianglong Liu,Beihang University,http://www.nlsde.buaa.edu.cn/~xlliu,8VY7ZDcAAAAJ
Xiangmin Fan,Chinese Academy of Sciences,http://lcs.ios.ac.cn/~xiangmin,ztiVSpcAAAAJ
Xiangmin Jiao,Stony Brook University,http://www.ams.sunysb.edu/~jiao,BuNo3NMAAAAJ
Xiangmin Zhou,RMIT University,https://www.rmit.edu.au/contact/staff-contacts/academic-staff/z/zhou-dr-xiangmin,tZ4NyYAAAAAJ
Xiangnan He 0001,USTC,http://staff.ustc.edu.cn/~hexn,X45Go24AAAAJ
Xiangnan Kong,Worcester Polytechnic Institute,https://www.wpi.edu/people/faculty/xkong,Lh7VfoMAAAAJ
Xiangqun Chen,Peking University,http://www.sei.pku.edu.cn/people/cherry,NOSCHOLARPAGE
Xiangxiang Zeng,Hunan University,https://xzenglab.github.io/xzeng,B20HBMIAAAAJ
Xiangyang Jia,Wuhan University,http://cs.whu.edu.cn/teacherinfo.aspx?id=201,NOSCHOLARPAGE
Xiangyang Li 0001,USTC,http://staff.ustc.edu.cn/~xiangyangli,JURtNb0AAAAJ
Xiangyang Xue,Fudan University,http://homepage.fudan.edu.cn/xyxue/zh,DTbhX6oAAAAJ
Xiangyao Yu,University of Wisconsin - Madison,http://pages.cs.wisc.edu/~yxy,FkcaTZYAAAAJ
Xiangyu Zhang 0001,Purdue University,https://www.cs.purdue.edu/homes/xyzhang,yuB-cfoAAAAJ
Xiangyun Zhou,Australian National University,http://users.cecs.anu.edu.au/~xyzhou/Default.html,s4dIgfgAAAAJ
Xianhua Liu 0001,Peking University,http://eecs.pku.edu.cn/EN/People/Faculty/Detail/?ID=6019,NOSCHOLARPAGE
Xianpei Han,Chinese Academy of Sciences,http://www.icip.org.cn/team/hanxianpei,pA88bm4AAAAJ
Xianping Tao,Nanjing University,http://ics.nju.edu.cn/people/xianpingtao,F3mGYVoAAAAJ
Xiao Bai 0001,Beihang University,http://scse.buaa.edu.cn/info/1014/2952.htm,NOSCHOLARPAGE
Xiao Chen 0001,Texas State University,http://www.cs.txstate.edu/~xc10,akJJCpEAAAAJ
Xiao Ding,Harbin Institute of Technology,http://ir.hit.edu.cn/~xding,Mi9XXuAAAAAJ
Xiao Fu 0001,Oregon State University,http://people.oregonstate.edu/~fuxia,pDnpH1MAAAAJ
Xiao Jun Chen,University of Windsor,http://www.uwindsor.ca/science/computerscience/1058/dr-jessica-chen,NOSCHOLARPAGE
Xiao Qin 0001,Auburn University,http://www.eng.auburn.edu/~xqin,877mtdkAAAAJ
Xiao Shaun Wang,Northwestern University,http://eecs.northwestern.edu/~wangxiao,QbWLR8QAAAAJ
Xiao Wang 0012,Northwestern University,http://eecs.northwestern.edu/~wangxiao,QbWLR8QAAAAJ
Xiao Yuan 0002,Peking University,http://cfcs.pku.edu.cn/english/people/faculty/xiaoyuan/index.htm,eUDwq-wAAAAJ
Xiao Zhang 0001,Renmin University of China,http://info.ruc.edu.cn/academic_professor.php?teacher_id=36,NOSCHOLARPAGE
Xiao Zhang 0034,Renmin University of China,https://pinkfloyd1989.github.io/ZHANG-Xiao,5FZ6wbAAAAAJ
Xiao-Chuan Cai,University of Colorado Boulder,https://www.cs.colorado.edu/~cai,NOSCHOLARPAGE
Xiao-Chun Cheng,Middlesex University,https://www.mdx.ac.uk/about-us/our-people/staff-directory/profile/cheng-xiaochun,NOSCHOLARPAGE
Xiao-Dan Zhu,Queen’s University,http://my.ece.queensu.ca/People/x-zhu/index.html,a6MYnuUAAAAJ
Xiao-Feng Meng 0001,Renmin University of China,http://idke.ruc.edu.cn/xfmeng/index.html,PTwcvk4AAAAJ
Xiao-Gang Wang 0001,Chinese University of Hong Kong,http://www.ee.cuhk.edu.hk/~xgwang,B5JgjsAAAAJ
Xiao-Li Li 0001,Nanyang Technological University,http://www1.i2r.a-star.edu.sg/~xlli,NOSCHOLARPAGE
Xiao-Ming Zhang,Beihang University,http://scse.buaa.edu.cn/info/1038/3052.htm,NOSCHOLARPAGE
Xiao-Wen Chang,McGill University,http://cs.mcgill.ca/~chang,NOSCHOLARPAGE
Xiao-Yuan Jing,Wuhan University,http://mla.whu.edu.cn,NOSCHOLARPAGE
XiaoFeng Wang 0001,Indiana University,http://www.informatics.indiana.edu/xw7,u4dhRkQAAAAJ
XiaoFeng Wang 0006,Indiana University,http://www.informatics.indiana.edu/xw7,u4dhRkQAAAAJ
Xiaobai Sun,Duke University,http://www.cs.duke.edu/people/women/individual/sun.php,NOSCHOLARPAGE
Xiaobing Feng 0002,Chinese Academy of Sciences,http://people.ucas.ac.cn/~fengxiaobing,XAJAiZEAAAAJ
Xiaobo Hu,University of Notre Dame,http://www3.nd.edu/~shu,NOSCHOLARPAGE
Xiaobo Sharon Hu,University of Notre Dame,http://www3.nd.edu/~shu,NOSCHOLARPAGE
Xiaobo Zhou 0002,UCCS,http://cs.uccs.edu/~zbo,cQz8z1gAAAAJ
Xiaobu Yuan,University of Windsor,http://www.uwindsor.ca/science/computerscience/1032/dr-xiaobu-yuan,NOSCHOLARPAGE
Xiaocheng Feng,Harbin Institute of Technology,http://ir.hit.edu.cn/~xcfeng,Xu8NbhYAAAAJ
Xiaochun Cheng,Middlesex University,https://www.mdx.ac.uk/about-us/our-people/staff-directory/profile/cheng-xiaochun,NOSCHOLARPAGE
Xiaodan Liang,Sun Yat-sen University,https://www.cs.cmu.edu/~xiaodan1,voxznZAAAAAJ
Xiaodan Zhu,Queen’s University,http://my.ece.queensu.ca/People/x-zhu/index.html,a6MYnuUAAAAJ
Xiaodi Wu,University of Maryland - College Park,https://www.cs.umd.edu/~xwu,2uex5FkAAAAJ
Xiaodong Chen,Queen Mary University of London,http://www.eecs.qmul.ac.uk/~dong,sL0-bZ4AAAAJ
Xiaodong Li,RMIT University,https://titan.csit.rmit.edu.au/~e46507,AQewL04AAAAJ
Xiaodong Lin,University of Guelph,https://www.uoguelph.ca/computing/people/xiaodong-lin,om3xUIcAAAAJ
Xiaodong Xie,Peking University,http://www.jdl.ac.cn/user/xdxie/index.html,NOSCHOLARPAGE
Xiaodong Zhang 0001,Ohio State University,http://web.cse.ohio-state.edu/~zhang,qFiMLsIAAAAJ
Xiaofang Zhou 0001,University of Queensland,http://staff.itee.uq.edu.au/zxf,y6m820wAAAAJ
Xiaofei He 0001,Zhejiang University,http://people.cs.uchicago.edu/~xiaofei,QLLFowsAAAAJ
Xiaofeng Gao,Shanghai Jiao Tong University,http://www.cs.sjtu.edu.cn/~gao-xf,YfMPjhAAAAAJ
Xiaofeng Meng 0001,Renmin University of China,http://idke.ruc.edu.cn/xfmeng/index.html,PTwcvk4AAAAJ
Xiaofeng Wang 0006,Indiana University,http://www.informatics.indiana.edu/xw7,u4dhRkQAAAAJ
Xiaogang Jin 0001,Zhejiang University,http://www.cad.zju.edu.cn/home/jin,yryOvLwAAAAJ
Xiaogang Jin 0002,Zhejiang University,http://mypage.zju.edu.cn/0096364,tYqG3CAAAAAJ
Xiaogang Ma,University of Idaho,http://www.uidaho.edu/engr/departments/cs/our-people/faculty/xiaogang-ma,o4v-pvoAAAAJ
Xiaogang Wang 0001,Chinese University of Hong Kong,http://www.ee.cuhk.edu.hk/~xgwang,B5JgjsAAAAJ
Xiaohao Cai,University of Southampton,https://www.ecs.soton.ac.uk/people/xc1f20,MOjShggAAAAJ
Xiaohong Gao,Middlesex University,http://www.mitime.org,D4AqjAcAAAAJ
Xiaohong Jiang,Zhejiang University,http://mypage.zju.edu.cn/jiangxh,NOSCHOLARPAGE
Xiaohong W. Gao,Middlesex University,http://www.mitime.org,D4AqjAcAAAAJ
Xiaohu Guo,University of Texas at Dallas,https://www.utdallas.edu/~xxg061000,Y4SdsvsAAAAJ
Xiaohua Jia,City University of Hong Kong,https://www.cs.cityu.edu.hk/~jia,L5iEhq0AAAAJ
Xiaohua Xie,Sun Yat-sen University,http://sdcs.sysu.edu.cn/content/2478,5YZ3kvoAAAAJ
Xiaohui Gu,North Carolina State University,https://www.csc2.ncsu.edu/faculty/xgu,6K6lvxAAAAAJ
Xiaohui Liang,University of Massachusetts Boston,http://www.cs.umb.edu/people/Xiaohui_Liang,fzX2e3sAAAAJ
Xiaohui Liu 0001,Brunel University London,https://www.brunel.ac.uk/people/xiaohui-liu,G9UHfbwAAAAJ
Xiaohui Xie,Univ. of California - Irvine,http://www.ics.uci.edu/~xhx,1CR0meYAAAAJ
Xiaohui Yu,Shandong University,http://www.cs.sdu.edu.cn/info/1091/2357.htm,TZ91yu8AAAAJ
Xiaohui Yuan,University of North Texas,http://www.cse.unt.edu/~xyuan,4F2la7sAAAAJ
Xiaojiang Du,Temple University,https://cis.temple.edu/~xjdu,9K9BlyYAAAAJ
Xiaojiang Peng,Chinese Academy of Sciences,https://pengxj.github.io,7oRD67kAAAAJ
Xiaojin (Jerry) Zhu,University of Wisconsin - Madison,http://pages.cs.wisc.edu/~jerryzhu,hqTu-QcAAAAJ
Xiaojin Zhu 0001,University of Wisconsin - Madison,http://pages.cs.wisc.edu/~jerryzhu,hqTu-QcAAAAJ
Xiaojing Liao,Indiana University,http://www.xiaojingliao.com,NOSCHOLARPAGE
Xiaoju Dong,Shanghai Jiao Tong University,http://basics.sjtu.edu.cn/~xiaoju,NOSCHOLARPAGE
Xiaojuan Ma,HKUST,https://www.cse.ust.hk/~mxj,TN0zm80AAAAJ
Xiaojun Bi 0001,Stony Brook University,https://www3.cs.stonybrook.edu/~xiaojun,V9VBMa8AAAAJ
Xiaojun Cai,Shandong University,http://www.cs.sdu.edu.cn/info/1088/2325.htm,NOSCHOLARPAGE
Xiaojun Cao,Georgia State University,https://grid.cs.gsu.edu/cao,ViyBLNcAAAAJ
Xiaojun Chen 0006,Shenzhen University,http://www.escience.cn/people/chenxiaojun,yAjyrwkAAAAJ
Xiaojun Qi,Utah State University,https://cs.usu.edu/people/faculty/qi-xiaojun,GJ8ivzsAAAAJ
Xiaojun Shen,University of Missouri - Kansas City,http://sce2.umkc.edu/csee/shenx,NOSCHOLARPAGE
Xiaojun Wan 0001,Peking University,http://www.icst.pku.edu.cn/lcwm/wanxj,lTTeBdkAAAAJ
Xiaojun Ye,Tsinghua University,http://www.thss.tsinghua.edu.cn/publish/soften/3131/2010/20101219111626359565665/20101219111626359565665_.html,NOSCHOLARPAGE
Xiaojun Zhai,University of Essex,https://www.essex.ac.uk/people/zhaix77307/xiaojun-zhai,sLYyja0AAAAJ
Xiaokang Yang,Shanghai Jiao Tong University,https://scholar.google.com/citations?user=yDEavdMAAAAJ=zh-CN,yDEavdMAAAAJ
Xiaokui Xiao,National University of Singapore,http://www.comp.nus.edu.sg/~xiaoxk,BpgsGX0AAAAJ
Xiaolei Huang,Pennsylvania State University,https://faculty.ist.psu.edu/suh972,iTtzc1UAAAAJ
Xiaoli Fern,Oregon State University,http://web.engr.oregonstate.edu/~xfern,rnDD_oEAAAAJ
Xiaoli Li 0001,Nanyang Technological University,http://www1.i2r.a-star.edu.sg/~xlli,NOSCHOLARPAGE
Xiaoli Z. Fern,Oregon State University,http://web.engr.oregonstate.edu/~xfern,rnDD_oEAAAAJ
Xiaoli Zhang Fern,Oregon State University,http://web.engr.oregonstate.edu/~xfern,rnDD_oEAAAAJ
Xiaoliang Wang 0001,Nanjing University,http://cs.nju.edu.cn/wangxiaoliang,OHkG-kUAAAAJ
Xiaolin Hu 0001,Tsinghua University,http://www.xlhu.cn,PksdgoUAAAAJ
Xiaolin Hu 0002,Georgia State University,https://grid.cs.gsu.edu/xhu,zeU19nAAAAAJ
Xiaolin Zheng,Zhejiang University,http://mypage.zju.edu.cn/xlzheng,MY23M60AAAAJ
Xiaolong Wang 0001,Harbin Institute of Technology,http://homepage.hit.edu.cn/wangxiaolong,NOSCHOLARPAGE
Xiaolong Wang 0004,Univ. of California - San Diego,https://xiaolonw.github.io,Y8O9N_0AAAAJ
Xiaoman Li,University of Central Florida,https://www.cs.ucf.edu/~xiaoman,NOSCHOLARPAGE
Xiaoman Shawn Li,University of Central Florida,https://www.cs.ucf.edu/~xiaoman,NOSCHOLARPAGE
Xiaomin Sun,Tsinghua University,http://www.carch.ac.cn/~xmsun/xmsun.htm,_G0EETMAAAAJ
Xiaoming Fu 0001,University of Göttingen,http://www.net.informatik.uni-goettingen.de/?q=people/prof-dr-xiaoming-fu,Gu7gTTEAAAAJ
Xiaoming Jin,Tsinghua University,http://www.thss.tsinghua.edu.cn/publish/soften/3131/2010/20101219171752015548250/20101219171752015548250_.html,NOSCHOLARPAGE
Xiaoming Li 0001,Peking University,http://net.pku.edu.cn/~lxm,tL9zHywAAAAJ
Xiaoming Liu 0002,Michigan State University,https://www.cse.msu.edu/~liuxm,2V2YwCMAAAAJ
Xiaoming Zhang,Beihang University,http://scse.buaa.edu.cn/info/1038/3052.htm,NOSCHOLARPAGE
Xiaong-Dong Li,RMIT University,https://titan.csit.rmit.edu.au/~e46507,AQewL04AAAAJ
Xiaoning Ding,NJIT,https://web.njit.edu/~dingxn,2lfRQF8AAAAJ
Xiaoou Chen,Peking University,http://www.icst.pku.edu.cn/audioLab/researchgroup.htm,NOSCHOLARPAGE
Xiaoping Chen,USTC,http://dsxt.ustc.edu.cn/zj_ywjs.asp?zzid=471,7_dDukkAAAAJ
Xiaoping Jia,DePaul University,http://condor.depaul.edu/xjia,NOSCHOLARPAGE
Xiaoping Zhang,Tsinghua University,http://www.cs.tsinghua.edu.cn/publish/csen/4623/2010/20101225000806223958364/20101225000806223958364_.html,p82_4bgAAAAJ
Xiaoqing Liu,University of Arkansas,https://computer-science-and-computer-engineering.uark.edu/directory/index/uid/frankliu/name/Xiaoqing+Liu,NOSCHOLARPAGE
Xiaoqing Lu,Peking University,https://www.researchgate.net/profile/Xiaoqing_Lu6,NOSCHOLARPAGE
Xiaoqing Zheng,Fudan University,http://homepage.fudan.edu.cn/zhengxq,jDNLWHIAAAAJ
Xiaoqiu Huang 0001,Iowa State University,http://www.cs.iastate.edu/~xqhuang,h5gEfxsAAAAJ
Xiaoru Yuan,Peking University,http://vis.pku.edu.cn/xiaoruyuan.html,mJJVqRYAAAAJ
Xiaorui Sun,University of Illinois at Chicago,https://www.cs.uic.edu/k-Teacher/xiaorui-sun-phd,jq8VoFkAAAAJ
Xiaorui Wang,Ohio State University,http://www2.ece.ohio-state.edu/~xwang,88L1-JYAAAAJ
Xiaosong Ma,Qatar Computing Research Institute,http://www.qcri.org.qa/page?name=Xiaosong_Ma&a=117&pid=154&lang=en-CA,xcs5JDIAAAAJ
Xiaotie Deng,Peking University,http://cfcs.pku.edu.cn/faculty/full_time_faculty/dengxiaotie/index.htm,OBUwP_oAAAAJ
Xiaowei He,Chinese Academy of Sciences,http://peridynamics.com/index.html,p-IpzScAAAAJ
Xiaowei Huang 0001,University of Liverpool,https://cgi.csc.liv.ac.uk/~xiaowei,X4fLCCIAAAAJ
Xiaowei Yang 0001,Duke University,https://users.cs.duke.edu/~xwy,cVTdh_sAAAAJ
Xiaowei Zhou,Zhejiang University,http://www.cad.zju.edu.cn/home/xzhou,E1vVpg4AAAAJ
Xiaowen Chu,Hong Kong Baptist University,http://www.comp.hkbu.edu.hk/~chxw,v4rX24EAAAAJ
Xiaowen Fang,DePaul University,http://www.cdm.depaul.edu/about/Pages/People/facultyinfo.aspx?fid=108,QIaogkEAAAAJ
Xiaowen Yuan,Massey University,https://www.massey.ac.nz/massey/learning/colleges/college-of-sciences/staff-profile.cfm?stref=737350,n2acINwAAAAJ
Xiaowen Zhang,CUNY,http://www.csi.cuny.edu/faculty/ZHANG_XIAOWEN.html,vX1p5wIAAAAJ
Xiaoxing Ma,Nanjing University,http://ics.nju.edu.cn/people/xiaoxingma,44WpWR4AAAAJ
Xiaoxuan Lu 0001,University of Edinburgh,https://christopherlu.github.io,idu78-EAAAAJ
Xiaoyan Hong,The University of Alabama,http://cs.ua.edu/people/xhong,NOSCHOLARPAGE
Xiaoyan Zhu 0001,Tsinghua University,http://www.tsinghua.edu.cn/publish/csen/4623/2010/20101224201854354286982/20101224201854354286982_.html,NOSCHOLARPAGE
Xiaoyang Sean Wang,Fudan University,http://www.cs.fudan.edu.cn/?page_id=1249?lang=eng,AHOG_MgAAAAJ
Xiaoyao Liang,Shanghai Jiao Tong University,http://www.cs.sjtu.edu.cn/en/PeopleDetail.aspx?id=160,OIDtL6QAAAAJ
Xiaoyi Jiang 0001,University of Münster,https://www.uni-muenster.de/PRIA/personen/jiang.shtml,_td9cSEAAAAJ
Xiaoyi Lu,Univ. of California - Merced,http://faculty.ucmerced.edu/luxi,BeYVNhIAAAAJ
Xiaoyin Wang,University of Texas at San Antonio,http://www.cs.utsa.edu/~xwang,7pcpDQ8AAAAJ
Xiaoying Bai,Tsinghua University,http://www.cs.tsinghua.edu.cn/publish/csen/4623/2010/20101223224639710389157/20101223224639710389157_.html,PzOx2UUAAAAJ
Xiaoying Gao,Victoria University of Wellington,http://ecs.victoria.ac.nz/Main/XiaoyingGao,6uZY9GIAAAAJ
Xiaoyong Du 0001,Renmin University of China,http://iir.ruc.edu.cn/~duyong,NOSCHOLARPAGE
Xiaoyuan Jing,Wuhan University,http://mla.whu.edu.cn,NOSCHOLARPAGE
Xiaoyuan Xie,Wuhan University,http://xiaoyuanxie.github.io,VlHMPKoAAAAJ
Xiaoyun Wang 0001,Tsinghua University,http://www.tsinghua.edu.cn/publish/casen/1695/2010/20101224093253705266640/20101224093253705266640_.html,5pUP56sAAAAJ
Xiaozhong Liu,Indiana University,http://xiaozhong.website2.me,NOSCHOLARPAGE
Xiapu Luo,The Hong Kong Polytechnic University,https://www4.comp.polyu.edu.hk/~csxluo,uvedrYMAAAAJ
Xibin Zhao,Tsinghua University,http://www.thss.tsinghua.edu.cn/publish/soften/3131/2010/20101219192857877627039/20101219192857877627039_.html,NOSCHOLARPAGE
Xifeng Gao,Florida State University,https://gaoxifeng.github.io,wSUVcN0AAAAJ
Xifeng Yan,Univ. of California - Santa Barbara,http://www.cs.ucsb.edu/~xyan,XZV2eogAAAAJ
Xihong Wu,Peking University,http://www.cis.pku.edu.cn/auditory/Staff/Prof.Wu.html,NOSCHOLARPAGE
Xike Xie,USTC,http://staff.ustc.edu.cn/~xkxie,_7me62sAAAAJ
Xilin Chen,Chinese Academy of Sciences,http://vipl.ict.ac.cn/view_people.php?url=xlchen&id=13,vVx2v20AAAAJ
Xin Cao 0001,UNSW,https://www.engineering.unsw.edu.au/computer-science-engineering/staff/xin-cao,mvJ2rU8AAAAJ
Xin Chen 0003,University of Nottingham,http://www.cs.nott.ac.uk/~pszxc,yqpHF90AAAAJ
Xin Eric Wang,Univ. of California - Santa Cruz,https://eric-xw.github.io,YjqluE0AAAAJ
Xin Gao 0001,KAUST,https://www.kaust.edu.sa/en/study/faculty/xin-gao,0OJfPYYAAAAJ
Xin He,University at Buffalo,http://www.cse.buffalo.edu/~xinhe,wKhsdywAAAAJ
Xin Huang 0001,Hong Kong Baptist University,https://www.comp.hkbu.edu.hk/~xinhuang,PpcRwI0AAAAJ
Xin Jin 0008,Peking University,https://xinjin.github.io,NhsdGBUAAAAJ
Xin Li 0006,Johns Hopkins University,http://www.cs.jhu.edu/~lixints,NOSCHOLARPAGE
Xin Li 0028,HKUST,https://www.cse.ust.hk/~lixin,NOSCHOLARPAGE
Xin Liu 0002,Univ. of California - Davis,http://www.cs.ucdavis.edu/~liu,F5I3cM4AAAAJ
Xin Ming Zhang,USTC,http://en.nhpcc.ustc.edu.cn/Peoples_9/201107/t20110702_115038.html,R9bOP30AAAAJ
Xin Peng 0001,Fudan University,http://www.se.fudan.edu.cn/pengxin,wATYGXEAAAAJ
Xin Wang 0001,Stony Brook University,https://www.cs.stonybrook.edu/people/faculty/XinWang,5asO0a8AAAAJ
Xin Wang 0002,Fudan University,http://homepage.fudan.edu.cn/xinw2013,4KcxzhoAAAAJ
Xin Wang 0019,Tsinghua University,http://mn.cs.tsinghua.edu.cn/xinwang,YPOBHYUAAAAJ
Xin Wang 0061,Univ. of California - Santa Cruz,https://eric-xw.github.io,YjqluE0AAAAJ
Xin Xia 0001,Monash University,https://xin-xia.github.io,XSZRxOEAAAAJ
Xin Yao 0001,University of Birmingham,https://www.birmingham.ac.uk/staff/profiles/computer-science/yao-xin.aspx,UUtYPl4AAAAJ
Xin Yuan 0001,Florida State University,http://www.cs.fsu.edu/~xyuan,ZatdtQ8AAAAJ
Xin Zhang 0035,Peking University,https://xinpl.github.io,D9NJsrcAAAAJ
Xin-Ming Zhang,USTC,http://en.nhpcc.ustc.edu.cn/Peoples_9/201107/t20110702_115038.html,R9bOP30AAAAJ
Xin-Yu Dai,Nanjing University,http://cs.nju.edu.cn/daixinyu,zpWB1CgAAAAJ
Xinbing Wang,Shanghai Jiao Tong University,http://www.cs.sjtu.edu.cn/~wang-xb,CT5yZbwAAAAJ
Xinchao Wang,Stevens Institute of Technology,https://sites.google.com/site/sitexinchaowang,w69Buq0AAAAJ
Xindong Wu 0001,University of Louisiana - Lafayette,http://www.ucs.louisiana.edu/~xxw8007,X8sHmqIAAAAJ
Xinfeng Ye,University of Auckland,https://unidirectory.auckland.ac.nz/profile/x-ye,NOSCHOLARPAGE
Xing-Dong Yang,Dartmouth College,http://xingdongyang.net,9WfDSNwAAAAJ
Xingbo Wu,University of Illinois at Chicago,https://www.cs.uic.edu/~wuxb,PUXOLsoAAAAJ
Xinggong Zhang,Peking University,http://www.icst.pku.edu.cn/vip/people-zhangxg_en.html,NOSCHOLARPAGE
Xinghua Mindy Shi,Temple University,https://cis.temple.edu/~mindyshi,vSDPGjcAAAAJ
Xinghua Shi,Temple University,https://cis.temple.edu/~mindyshi,vSDPGjcAAAAJ
Xingliang Yuan,Monash University,https://xyuancs.github.io,81yWaCoAAAAJ
Xingqiang Yang,Shandong University,http://www.cs.sdu.edu.cn/info/1091/2358.htm,NOSCHOLARPAGE
Xingquan Zhu,Florida Atlantic University,http://www.cse.fau.edu/~xqzhu,YhKZXtcAAAAJ
Xingui He,Peking University,http://www.cis.pku.edu.cn/faculty/system/HeXinGui/Xingui_He.htm,NOSCHOLARPAGE
Xinguo Liu,Zhejiang University,http://mypage.zju.edu.cn/xgliu,NOSCHOLARPAGE
Xinhua Zhang,University of Illinois at Chicago,https://www.cs.uic.edu/~zhangx,jrkrn3sAAAAJ
Xinhua Zhuang,University of Missouri,https://engineering.missouri.edu/tag/xinhua-zhuang,NOSCHOLARPAGE
Xinhui Han,Peking University,http://162.105.163.117/index.php?s=/Home/Article/detail/id/557.html,NOSCHOLARPAGE
Xining Li,University of Guelph,http://www.cis.uoguelph.ca/~xli/mainpage.html,NOSCHOLARPAGE
Xinming Ou,University of South Florida,http://www.cse.usf.edu/~xou,faldcbwAAAAJ
Xinming Simon Ou,University of South Florida,http://www.cse.usf.edu/~xou,faldcbwAAAAJ
Xinming Zhang,USTC,http://en.nhpcc.ustc.edu.cn/Peoples_9/201107/t20110702_115038.html,R9bOP30AAAAJ
Xinping Yi,University of Liverpool,https://liverpool.ac.uk/electrical-engineering-and-electronics/staff/xinping-yi,wAcbI5kAAAAJ
Xinruo Zhang,University of Essex,https://www.essex.ac.uk/people/zhang32812/xinruo-zhang,NOSCHOLARPAGE
Xintao Wu,University of Arkansas,http://www.csce.uark.edu/~xintaowu,ABnrRqQAAAAJ
Xinwen Fu,University of Massachusetts Lowell,http://www.cs.uml.edu/~xinwenfu,0KYdpIQAAAAJ
Xinyu Dai,Nanjing University,http://cs.nju.edu.cn/daixinyu,zpWB1CgAAAAJ
Xinyu Feng,Nanjing University,https://cs.nju.edu.cn/xyfeng,SuTEZ6EAAAAJ
Xinyu Wang 0001,Zhejiang University,https://person.zju.edu.cn/en/wangxinyu_en,NOSCHOLARPAGE
Xinyu Wang 0006,University of Michigan,https://web.eecs.umich.edu/~xwangsd,mvasb5AAAAAJ
Xinyu Xing,Pennsylvania State University,https://ist.psu.edu/directory/faculty/uxx16,WBN9c6kAAAAJ
Xinyu Zhang 0003,Univ. of California - San Diego,http://xyzhang.ucsd.edu,HQB8W_IAAAAJ
Xinyuan Wang,George Mason University,http://cs.gmu.edu/~xwangc,8lzslzgAAAAJ
Xionghu Zhong,Hunan University,http://csee.hnu.edu.cn/people/zhongxionghu,NOSCHOLARPAGE
Xiongpai Qin,Renmin University of China,http://info.ruc.edu.cn/academic_professor.php?teacher_id=49,NOSCHOLARPAGE
Xipeng Qiu,Fudan University,http://homepage.fudan.edu.cn/xpqiu,Pq4Yp_kAAAAJ
Xipeng Shen,North Carolina State University,http://people.engr.ncsu.edu/xshen5,0DC5oGQAAAAJ
Xirong Li,Renmin University of China,http://lixirong.net,6m-ZQ1EAAAAJ
Xiu Cao,Fudan University,http://www.cs.fudan.edu.cn/en/?page_id=1765,NOSCHOLARPAGE
Xiu Li,Tsinghua University,http://www.cs.tsinghua.edu.cn/publish/csen/4623/2010/20101224001632440223805/20101224001632440223805_.html,wrKyJYsAAAAJ
Xiugang Wu,University of Delaware,https://www.eecis.udel.edu/~xwu,tRvs8ikAAAAJ
Xiujuan Chai,Chinese Academy of Sciences,http://people.ucas.edu.cn/~0032526?language=en,ZcL91HsAAAAJ
Xiujun Ma,Peking University,http://www.cis.pku.edu.cn/faculty/system/maxiujun/maxiujun.htm,NOSCHOLARPAGE
Xiuli Ma,Peking University,http://www.cis.pku.edu.cn/faculty/system/maxiuli/maxiuli.htm,NOSCHOLARPAGE
Xiuwei Zhang,Georgia Institute of Technology,https://www.cc.gatech.edu/~xzhang954,8n-iVhwAAAAJ
Xiuwen Liu,Florida State University,http://www.koofers.com/florida-state-university-fsu/instructors/liu-755220,2GH5rWkAAAAJ
Xiuying Wang,University of Sydney,http://sydney.edu.au/engineering/it/about/people/staff/xiuying.shtml,K8lVq1YAAAAJ
Xiuzhen Cheng,George Washington University,https://www.seas.gwu.edu/~cheng,O1yGhH0AAAAJ
Xiuzhen Zhang,RMIT University,https://www.rmit.edu.au/contact/staff-contacts/academic-staff/z/zhang-associate-professor-jenny,rIuehYoAAAAJ
Xizhao Wang,Shenzhen University,http://csse.szu.edu.cn/cn/peopled297.html?98400,NyLTM0wAAAAJ
Xrysovalantis Kavousianos,University of Ioannina,https://cs.uoi.gr/~kabousia,GpEoeCUAAAAJ
Xu (Judy) Zhu,University of Liverpool,https://liverpool.ac.uk/electrical-engineering-and-electronics/staff/xu-zhu,NycCVyoAAAAJ
Xu Chen 0004,Sun Yat-sen University,https://sites.google.com/view/xcsysu/home,BmiiIaoAAAAJ
Xu Chen 0017,Renmin University of China,http://xu-chen.com,loPoqy0AAAAJ
Xu Cheng 0001,Peking University,http://eecs.pku.edu.cn/EN/People/Faculty/Detail/?ID=6014,NOSCHOLARPAGE
Xu Chu,Georgia Institute of Technology,https://www.cc.gatech.edu/~xchu33,RqkqRnUAAAAJ
Xu He,Hunan University,http://csee.hnu.edu.cn/people/hexu,NOSCHOLARPAGE
Xu Liu 0001,North Carolina State University,https://xl10.github.io,qhLT67EAAAAJ
Xu Sun 0001,Peking University,https://xusun.org,NOSCHOLARPAGE
Xu Wang 0016,University of Michigan,http://www.cs.cmu.edu/~xuwang,Fa0scckAAAAJ
Xu Yu,Chinese University of Hong Kong,http://www.se.cuhk.edu.hk/people/yu.html,iHevumsAAAAJ
Xu Zhu 0001,University of Liverpool,https://liverpool.ac.uk/electrical-engineering-and-electronics/staff/xu-zhu,NycCVyoAAAAJ
Xuan Guo,University of North Texas,http://www.cse.unt.edu/~xuanguo,4tqv2FYAAAAJ
Xuan Wang 0002,Harbin Institute of Technology,http://homepage.hit.edu.cn/wangxuan,NOSCHOLARPAGE
Xuandong Li,Nanjing University,https://cs.nju.edu.cn/lixuandong,NOSCHOLARPAGE
Xuanjing Huang,Fudan University,http://www.cs.fudan.edu.cn/?page_id=1836,RGsMgZA4H78C
Xuanzhe Liu,Peking University,http://sei.pku.edu.cn/~liuxzh,eOhSVi8AAAAJ
Xubin He,Temple University,https://cis.temple.edu/user/447,ZtrIYqUAAAAJ
Xubo Song,OHSU,http://www.ohsu.edu/xd/education/schools/school-of-medicine/departments/basic-science-departments/csee/csee-people/song.cfm,NOSCHOLARPAGE
Xubo Wang,University of Technology Sydney,https://www.uts.edu.au/staff/xubo.wang,lTWkuwMAAAAJ
Xubo Yang,Shanghai Jiao Tong University,http://dalab.se.sjtu.edu.cn/www/home/?page_id=19,NOSCHOLARPAGE
Xudong Li,Fudan University,https://dblp.uni-trier.de/pers/hd/l/Li:Xudong,2ryDzAsAAAAJ
Xudong Liu 0001,Beihang University,http://scse.buaa.edu.cn/info/1078/2646.htm,NOSCHOLARPAGE
Xue Chen 0001,George Mason University,https://sites.google.com/view/xuechencs/home,NOSCHOLARPAGE
Xue Dong Yang,University of Regina,http://www.cs.uregina.ca/People/Profiles/XueDongYang.html,NOSCHOLARPAGE
Xue Li 0001,University of Queensland,http://staff.itee.uq.edu.au/xue,3eIIFWIAAAAJ
Xue Lin,Northeastern University,https://web.northeastern.edu/xuelin,p87KNLIAAAAJ
Xue-Zhong He,University of Technology Sydney,https://www.uts.edu.au/staff/tony.he1,x2Q5BscAAAAJ
Xuefeng Cui,Tsinghua University,http://iiis.tsinghua.edu.cn/~xfcui,LPfnClcAAAAJ
Xuefu Zhou,University of Cincinnati,http://homepages.uc.edu/~zhoxu,NOSCHOLARPAGE
Xuehai Qian,University of Southern California,http://www-bcf.usc.edu/~xuehaiqi,5QL8V68AAAAJ
Xuehai Zhou,USTC,http://staff.ustc.edu.cn/~xhzhou,NOSCHOLARPAGE
Xuejia Lai,Shanghai Jiao Tong University,http://english.seiee.sjtu.edu.cn/english/detail/841_667.htm,B67-NyQAAAAJ
Xuelong Li,NWPU,https://scholar.google.com/citations?user=ahUibskAAAAJ,ahUibskAAAAJ
Xuemeng Song,Shandong University,https://xuemengsong.github.io,29gP4okAAAAJ
Xuemin Lin 0001,UNSW,http://www.cse.unsw.edu.au/~lxue,j6rglkYAAAAJ
Xueni Pan,Goldsmiths University of London,https://www.gold.ac.uk/computing/people/pan-sylvia-xueni,2G7W4QUAAAAJ
Xueping Peng,University of Technology Sydney,https://www.uts.edu.au/staff/xueping.peng,mjrN-mgAAAAJ
Xueqi Cheng,Chinese Academy of Sciences,http://www.bigdatalab.ac.cn/~cxq,hY8aLqAAAAAJ
Xueqin Liu,Queen's University Belfast,https://www.qub.ac.uk/schools/eeecs/Connect/Staff/BusinessCard/?name=xueqin.liux,bl6s9ZYAAAAJ
Xueqing Liu 0001,Stevens Institute of Technology,https://www.cs.stevens.edu/~xliu127,g5W4khgAAAAJ
Xuetao Guan,Peking University,http://eecs.pku.edu.cn/EN/People/Faculty/Detail/?ID=6015,NOSCHOLARPAGE
Xueyan Tang,Nanyang Technological University,http://www.ntu.edu.sg/home/asxytang,NOSCHOLARPAGE
Xuhua Ding,Singapore Management University,https://www.smu.edu.sg/faculty/profile/9612/DING-XuHua,zUEUsv4AAAAJ
Xujie Si,McGill University,https://www.cs.mcgill.ca/~xsi,Ru-jrx4AAAAJ
Xukai Zou,IUPUI,http://cs.iupui.edu/~xkzou,NOSCHOLARPAGE
Xukun Shen,Beihang University,http://scse.buaa.edu.cn/info/1078/2650.htm,NOSCHOLARPAGE
Xulong Tang,University of Pittsburgh,http://xzt102.github.io,jmjRUi4AAAAJ
Xumin Liu,Rochester Institute of Technology,https://www.cs.rit.edu/people/faculty/xl,2Qq9lnUAAAAJ
Xun Jian,Virginia Tech,http://people.cs.vt.edu/xunj/profile.html,m8ihzWwAAAAJ
Xun Wang,University of Technology Sydney,https://www.uts.edu.au/staff/xun.wang-1,NOSCHOLARPAGE
Xun Yi,RMIT University,https://www.rmit.edu.au/contact/staff-contacts/academic-staff/y/yi-professor-xun,oDRazncAAAAJ
Xusheng Xiao,Case Western Reserve University,http://engineering.case.edu/groups/xusheng-xiao,qVx6V7UAAAAJ
Xuyun Zhang,Macquarie University,https://researchers.mq.edu.au/en/persons/xuyun-zhang,wbF6HL8AAAAJ
