name,affiliation,homepage,scholarid
K. Anton Feenstra,VU Amsterdam,http://www.few.vu.nl/~feenstra,NOSCHOLARPAGE
K. Brent Venable,Tulane University,http://www2.tulane.edu/sse/cs/faculty/k-brent-venable.cfm,iqkTonoAAAAJ
K. C. Sivaramakrishnan,IIT Madras,http://kcsrk.info,Kc2cHqYAAAAJ
K. C. Wang,Washington State University,https://school.eecs.wsu.edu/people/faculty/kc-wang,NmoASSIAAAAJ
K. Gopinath,IISc Bangalore,http://www.csa.iisc.ac.in/~gopi,NOSCHOLARPAGE
K. Hari Babu,BITS Pilani,http://www.bits-pilani.ac.in/pilani/khari/profile,E-yshlwAAAAJ
K. Haribabu,BITS Pilani,http://www.bits-pilani.ac.in/pilani/khari/profile,E-yshlwAAAAJ
K. K. Ramakrishnan,Univ. of California - Riverside,http://www.cs.ucr.edu/~kk,Da-s1FQAAAAJ
K. Kalorkoti,University of Edinburgh,http://www.research.ed.ac.uk/portal/en/persons/k-kalorkoti(03916cbc-3a54-4de4-be54-09c23f44dbb5).html,NOSCHOLARPAGE
K. Lakshmanan,IIT (BHU) Varanasi,http://www.iitbhu.ac.in/cse/index.php/people/faculty.html,K2Q4ZxkAAAAJ
K. M. George,Oklahoma State University,https://www.cs.okstate.edu/~kmg,NOSCHOLARPAGE
K. Madhava Krishna,IIIT Hyderabad,https://www.iiit.ac.in/people/faculty/mkrishna,QDuPGHwAAAAJ
K. Narayan Kumar,CMI,http://www.cmi.ac.in/~kumar,iREqKFwAAAAJ
K. P. Chow,University of Hong Kong,https://i.cs.hku.hk/~chow,NOSCHOLARPAGE
K. Rüdiger Reischuk,University of Lübeck,http://www.tcs.uni-luebeck.de/mitarbeiter/reischuk,NOSCHOLARPAGE
K. S. Rajan,IIIT Hyderabad,https://www.iiit.ac.in/people/faculty/rajan,00_zU7QAAAAJ
K. Selçuk Candan,Arizona State University,http://aria.asu.edu/candan,keO-0s0AAAAJ
K. Sreenivas Rao,IIT Kharagpur,https://cse.iitkgp.ac.in/~ksrao,TATEL2EAAAAJ
K. Sreenivasa Rao,IIT Kharagpur,https://cse.iitkgp.ac.in/~ksrao,TATEL2EAAAAJ
K. Srinathan,IIIT Hyderabad,https://www.iiit.ac.in/people/faculty/srinathan,NOSCHOLARPAGE
K. Subramani,West Virginia University,http://community.wvu.edu/~krsubramani,NOSCHOLARPAGE
K. T. Tim Cheng,HKUST,http://www.ust.hk/about-hkust/senior-adm/dean-of-engineering,NOSCHOLARPAGE
K. Thulasiraman,University of Oklahoma,http://www.ou.edu/coe/cs/people/thulasi,NOSCHOLARPAGE
K. Uldall Kristiansen,DTU,https://www.compute.dtu.dk/english,NOSCHOLARPAGE
K. V. Dinesha,IIIT Bangalore,http://www.iiitb.ac.in/faculty_page.php?name=KVDinesha,NOSCHOLARPAGE
K. V. Rashmi,Carnegie Mellon University,http://www.cs.cmu.edu/~rvinayak,gUO59T8AAAAJ
K. V. S. Prasad,Chalmers/GU,https://www.chalmers.se/en/staff/Pages/prasad.aspx,NOSCHOLARPAGE
K. V. Subrahmanyam 0001,CMI,http://www.cmi.ac.in/~kv,pxVeS_IAAAAJ
K. Vijay-Shanker,University of Delaware,https://www.eecis.udel.edu/~vijay,O1l6JGkAAAAJ
K.-C. Wang,Washington State University,https://school.eecs.wsu.edu/people/faculty/kc-wang,NmoASSIAAAAJ
Ka-Chun Wong,City University of Hong Kong,http://www.cs.utoronto.ca/~wkc,nZH_Ws8AAAAJ
Ka-man Lam,University of Hong Kong,https://www.cs.hku.hk/index.php/people/academic-staff/kmlam,NOSCHOLARPAGE
Kadangode K. Ramakrishnan,Univ. of California - Riverside,http://www.cs.ucr.edu/~kk,Da-s1FQAAAAJ
Kadri Muischnek,University of Tartu,http://www.ut.ee/en/kadri-muischnek,JU8d42oAAAAJ
Kadri Vider,University of Tartu,http://www.ut.ee/en/kadri-vider,_l9lwNgAAAAJ
Kahyun Choi,Indiana University,http://kahyunchoi.com,TYXfH1wAAAAJ
Kai Bu,Zhejiang University,http://mypage.zju.edu.cn/kaibu,cmcMPx4AAAAJ
Kai Chen 0005,HKUST,http://www.cse.ust.hk/~kaichen,NOSCHOLARPAGE
Kai Chen 0012,Chinese Academy of Sciences,http://www.kaichen.org,i869JHoAAAAJ
Kai Fischbach,University of Bamberg,https://www.uni-bamberg.de/sna/team/prof-dr-kai-fischbach,PRhJB5EAAAAJ
Kai Fong Ernest Chong,SUTD,http://people.sutd.edu.sg/~ernest_chong,JewaBYEAAAAJ
Kai H. Chang,Auburn University,http://www.eng.auburn.edu/~kchang,NOSCHOLARPAGE
Kai Hormann,Università della Svizzera italiana,http://www.inf.usi.ch/hormann,HECy9k0AAAAJ
Kai Hu,Beihang University,http://scse.buaa.edu.cn/info/1020/2961.htm,NOSCHOLARPAGE
Kai Hwang 0001,University of Southern California,http://gridsec.usc.edu/Hwang.html,R7eCjGYAAAAJ
Kai Kunze,Keio University,http://kaikunze.de,aBBK-psAAAAJ
Kai Lawonn,Friedrich Schiller University Jena,http://vis.uni-jena.de,fx7xoMYAAAAJ
Kai Li 0001,Princeton University,http://www.cs.princeton.edu/~li,9MSpWOUAAAAJ
Kai Liu 0018,Clemson University,https://sites.google.com/view/kailiu/home,4justeYAAAAJ
Kai Puolamäki,University of Helsinki,http://kaip.iki.fi,3Z9pgDAAAAAJ
Kai S. Kunze,Keio University,http://kaikunze.de,aBBK-psAAAAJ
Kai Salomaa,Queen’s University,http://research.cs.queensu.ca/~ksalomaa,N3AlqdYAAAAJ
Kai Shen,University of Rochester,https://www.cs.rochester.edu/u/kshen,NOSCHOLARPAGE
Kai Shu,Illinois Institute of Technology,http://www.cs.iit.edu/~kshu,-6bAV2cAAAAJ
Kai Shuang,BUPT,https://teacher.bupt.edu.cn/shuangkai/en/index.htm,KjjEavgAAAAJ
Kai Sun 0001,University of Tennessee,http://web.eecs.utk.edu/~kaisun,O_2drywAAAAJ
Kai Xing,USTC,http://staff.ustc.edu.cn/~kxing,Z-UCpSoAAAAJ
Kai Yu 0004,Shanghai Jiao Tong University,https://speechlab.sjtu.edu.cn/members/kai_yu,y5zkBeMAAAAJ
Kai Zeng 0002,George Mason University,https://ece.gmu.edu/people/full-time-faculty/kai-zeng,ErabYRMAAAAJ
Kai Zhang 0001,Temple University,https://cis.temple.edu/user/635,7j2cJsgAAAAJ
Kai Zhang 0006,Fudan University,https://kay21s.github.io,GvuK7z4AAAAJ
Kai Zheng 0001,UESTC,http://zheng-kai.com,EM-l50cAAAAJ
Kai Zheng 0002,Univ. of California - Irvine,https://www.ics.uci.edu/~zhengkai,NOSCHOLARPAGE
Kai-Chiang Wu,National Chiao Tung University,http://www.cs.nctu.edu.tw/~kcw,NOSCHOLARPAGE
Kai-Hsiung Chang,Auburn University,http://www.eng.auburn.edu/~kchang,NOSCHOLARPAGE
Kai-Uwe Sattler,TU Ilmenau,https://www.tu-ilmenau.de/dbis/staff/kai-uwe-sattler,ErxOtuEAAAAJ
Kai-Wei Chang,Univ. of California - Los Angeles,http://kwchang.net,fqDBtzYAAAAJ
Kaigui Bian,Peking University,http://net.pku.edu.cn/~bkg,P8WKqa4AAAAJ
Kaihuai Qin,Tsinghua University,http://www.tsinghua.edu.cn/publish/cs/4616/2011/20110907090317797876810/20110907090317797876810_.html,NOSCHOLARPAGE
Kaili Müürisep,University of Tartu,http://kodu.ut.ee/~kaili,BSsD0vgAAAAJ
Kaili Zhao,BUPT,https://zkl20061823.github.io/,kRbj_0kAAAAJ
Kaiqi Huang,Chinese Academy of Sciences,http://people.ucas.ac.cn/~huangkaiqi?language=en,caQ-OmYAAAAJ
Kaishun Wu,Shenzhen University,http://www.kaishunwu.com/index.html,Vt-q3E4AAAAJ
Kaitai Liang,University of Surrey,https://www.surrey.ac.uk/people/kaitai-liang,_qHKRH4AAAAJ
Kaiyu Hang,HKUST,https://www.cse.ust.hk/~kaiyuh,GrgH1lQAAAAJ
Kaizhong Zhang,Western University,http://www.csd.uwo.ca/~kzhang,a089X_0AAAAJ
Kaj Grønbæk,Aarhus University,http://au.dk/en/kgronbak@cs,zaL7iZ4AAAAJ
Kaleem Siddiqi,McGill University,http://www.cim.mcgill.ca/~siddiqi,1jEAOVcAAAAJ
Kaliappa Nadar Ravindran,CUNY,https://www.ccny.cuny.edu/profiles/kaliappa-ravindran,NOSCHOLARPAGE
Kaliappa Ravindran,CUNY,https://www.ccny.cuny.edu/profiles/kaliappa-ravindran,NOSCHOLARPAGE
Kalina Bontcheva,University of Sheffield,https://www.sheffield.ac.uk/dcs/people/academic/kalina-bontcheva,kUbDCnMAAAAJ
Kalina Lubomirova Bontcheva,University of Sheffield,https://www.sheffield.ac.uk/dcs/people/academic/kalina-bontcheva,kUbDCnMAAAAJ
Kalina Yacef,University of Sydney,http://sydney.edu.au/engineering/people/kalina.yacef.php,kTZaMgMAAAAJ
Kalinka Branco,USP-ICMC,http://conteudo.icmc.usp.br/pessoas/kalinka,XMwzMF8AAAAJ
Kalinka Castelo Branco,USP-ICMC,http://conteudo.icmc.usp.br/pessoas/kalinka,XMwzMF8AAAAJ
Kalinka R. J. L. Branco,USP-ICMC,http://conteudo.icmc.usp.br/pessoas/kalinka,XMwzMF8AAAAJ
Kalinka R. L. J. Branco,USP-ICMC,http://conteudo.icmc.usp.br/pessoas/kalinka,XMwzMF8AAAAJ
Kalinka R. L. J. C. Branco,USP-ICMC,http://conteudo.icmc.usp.br/pessoas/kalinka,XMwzMF8AAAAJ
Kalinka R. L. J. Castelo Branco,USP-ICMC,http://conteudo.icmc.usp.br/pessoas/kalinka,XMwzMF8AAAAJ
Kalinka Regina Lucas Jaquie Castelo Branco,USP-ICMC,http://conteudo.icmc.usp.br/pessoas/kalinka,XMwzMF8AAAAJ
Kalluri R. Sarma,IIIT Hyderabad,https://www.iiit.ac.in/people/faculty/krsarma,NOSCHOLARPAGE
Kalmer Apinis,University of Tartu,http://www.ut.ee/en/kalmer-apinis,1Xo35tEAAAAJ
Kalpathi R. Subramanian,UNC - Charlotte,https://cci.uncc.edu/computer-science/45/5,dKJr2vwAAAAJ
Kalyan Sasidhar,DAIICT,http://www.daiict.ac.in/daiict/people/faculty.html,NOSCHOLARPAGE
Kam Cheung Patrick Wong,Open University UK,http://stem.open.ac.uk/people/kcpw2,Yn-euNYAAAAJ
Kam-Hoi Cheng,University of Houston,http://www2.cs.uh.edu/~khcheng,DzmB4y4AAAAJ
Kam-Pui Chow,University of Hong Kong,https://i.cs.hku.hk/~chow,NOSCHOLARPAGE
Kam-yiu Lam,City University of Hong Kong,https://www.cs.cityu.edu.hk/profile/cskylam.html,s3zqPMYAAAAJ
Kamakoti Veezhinathan,IIT Madras,http://rise.cse.iitm.ac.in/people/faculty/kama/kama.html,n_Ck-8UAAAAJ
Kamal Deep Singh,Université Jean Monnet,https://laboratoirehubertcurien.univ-st-etienne.fr/en/teams/connected-intelligence/staff.html,mDLQC0EAAAAJ
Kamal Karlapalem,IIIT Hyderabad,https://www.iiit.ac.in/people/faculty/kamal,bEZqpLsAAAAJ
Kamal Lodaya,IMSc,http://www.imsc.res.in/%7Ekamal,NOSCHOLARPAGE
Kamal M. Jambi,King Abdulaziz University,http://www.kau.edu.sa/CVEn.aspx?Site_ID=0001480&Lng=EN,NOSCHOLARPAGE
Kamalakar Karlapalem,IIIT Hyderabad,https://www.iiit.ac.in/people/faculty/kamal,bEZqpLsAAAAJ
Kamalika Chaudhuri,Univ. of California - San Diego,http://cseweb.ucsd.edu/~kamalika,I-DJ7EsAAAAJ
Kambiz Ghazinour,Kent State University,https://www.kent.edu/cs/profile/kambiz-ghazinour,S5Dabo0AAAAJ
Kamer Kaya,Sabancı University,http://people.sabanciuniv.edu/kaya,cFJGW7gAAAAJ
Kamesh Madduri,Pennsylvania State University,http://www.cse.psu.edu/~kxm85,bYI7VMwAAAAJ
Kamesh Munagala,Duke University,https://users.cs.duke.edu/~kamesh,PJQPzgcAAAAJ
Kameswari Chebrolu,IIT Bombay,https://www.cse.iitb.ac.in/~chebrolu,U-Irc6kAAAAJ
Kami E. Vaniea,University of Edinburgh,https://vaniea.com,G_l2kiQAAAAJ
Kami Vaniea,University of Edinburgh,https://vaniea.com,G_l2kiQAAAAJ
Kamil Saraç,University of Texas at Dallas,http://www.utdallas.edu/~ksarac,NOSCHOLARPAGE
Kamin Whitehouse,University of Virginia,http://www.cs.virginia.edu/~whitehouse,ob_3jn4AAAAJ
Kamlesh Tiwari,BITS Pilani,http://www.bits-pilani.ac.in/pilani/kamleshtiwari/profile,BtURBxsAAAAJ
Kamran Sedig,Western University,http://www.csd.uwo.ca/faculty/sedig,NTTQNNoAAAAJ
Kamyar Azizzadenesheli,Purdue University,https://www.cs.purdue.edu/homes/kamyar,Odek140AAAAJ
Kan-Le Shi,Tsinghua University,http://cgcad.thss.tsinghua.edu.cn/?people=kanle-shi,NOSCHOLARPAGE
Kana Shimizu,Waseda University,https://iskana.github.io/index.html,-EEsgxUAAAAJ
Kanad Ghose,Binghamton University,http://www.cs.binghamton.edu/~ghose,3itxM90AAAAJ
Kanchana Thilakarathna,University of Sydney,https://sydney.edu.au/engineering/people/kanchana.thilakarathna.php,V-YM7ecAAAAJ
Kanchi Gopinath,IISc Bangalore,http://www.csa.iisc.ac.in/~gopi,NOSCHOLARPAGE
Kang Chen,Tsinghua University,http://madsys.cs.tsinghua.edu.cn/~kangchen,fXtFkIoAAAAJ
Kang G. Shin,University of Michigan,http://web.eecs.umich.edu/~kgshin,vY7MdLYAAAAJ
Kang Li 0001,University of Georgia,http://cobweb.cs.uga.edu/~kangli,LLcNeeYAAAAJ
Kang Liu 0001,Chinese Academy of Sciences,http://www.nlpr.ia.ac.cn/cip/~liukang/index.html,DtZCfl0AAAAJ
Kang Wook Lee 0001,University of Wisconsin - Madison,https://kangwooklee.com,sCEl8r-n5VEC
Kang Zhang 0001,University of Texas at Dallas,http://www.utdallas.edu/~kzhang,cdzVY_QAAAAJ
KangKang Yin,Simon Fraser University,https://www.cs.sfu.ca/~kkyin,5P2jxPQAAAAJ
Kangjie Lu,University of Minnesota,https://www.cs.umn.edu/people/kangjie-lu,1F9N6icAAAAJ
Kangkook Jee,University of Texas at Dallas,https://kangkookjee.github.io,x-ApqMUAAAAJ
Kangwook Lee 0001,University of Wisconsin - Madison,https://kangwooklee.com,sCEl8r-n5VEC
Kannan Ramchandran,Univ. of California - Berkeley,https://www.eecs.berkeley.edu/~kannanr,DcV-5RAAAAAJ
Kannan Srinathan,IIIT Hyderabad,https://www.iiit.ac.in/people/faculty/srinathan,NOSCHOLARPAGE
Kannan Srinivasan,Ohio State University,http://web.cse.ohio-state.edu/~kannan,whB5QDoAAAAJ
Kannappan Palaniappan,University of Missouri,https://engineering.missouri.edu/faculty/kannappan-palaniappan,NOSCHOLARPAGE
Kanstantsin Pashkovich,University of Ottawa,https://kanstantsinpashkovich.bitbucket.io,_cIeQgYAAAAJ
Kanta Matsuura,University of Tokyo,http://kmlab.iis.u-tokyo.ac.jp/kanta_matsuura.html,NOSCHOLARPAGE
Kaoru Sezaki,University of Tokyo,https://www.k.u-tokyo.ac.jp/pros-e/person/kaoru_sezaki/kaoru_sezaki.htm,hXYgAmEAAAAJ
Kapil Ahuja,IIT Indore,http://www.iiti.ac.in/~kahuja,l2ySGVcAAAAJ
Karan Singh,University of Toronto,http://www.dgp.toronto.edu/~karan,hy6wONIAAAAJ
Kareem Darwish,Qatar Computing Research Institute,http://www.qcri.org/our-people/bio?pid=23&amp;par=acc&amp;name=KareemDarwish,y7tlR6UAAAAJ
Karel Pala,Masaryk University,https://www.muni.cz/en/people/455,BMgQNWMAAAAJ
Karel Zimmermann,Czech Technical University,http://cmp.felk.cvut.cz/~zimmerk,UROU6RgAAAAJ
Karem A. Sakallah,University of Michigan,http://web.eecs.umich.edu/~karem,M441iZ8AAAAJ
Karen Daniels,University of Massachusetts Lowell,http://www.cs.uml.edu/~kdaniels,NOSCHOLARPAGE
Karen Davis,University of Cincinnati,https://www.uc.edu/bursar/contacts/staff.html,n3GVmeEAAAAJ
Karen E. Petrie,University of Dundee,https://www.computing.dundee.ac.uk/about/staff/23,pJB7cjoAAAAJ
Karen Elizabeth Petrie,University of Dundee,https://www.computing.dundee.ac.uk/about/staff/23,pJB7cjoAAAAJ
Karen Kear,Open University UK,http://stem.open.ac.uk/people/klk2,bZQZwDwAAAAJ
Karen L. Karavanic,Portland State University,http://web.cecs.pdx.edu/~karavan,NOSCHOLARPAGE
Karen L. Reid,University of Toronto,http://www.cs.toronto.edu/~reid,H124BkEAAAAJ
Karen Livescu,TTI Chicago,http://ttic.uchicago.edu/~klivescu,kCYbVq0AAAAJ
Karen Renaud,University of Glasgow,http://www.dcs.gla.ac.uk/~karen,u6VeU9UAAAAJ
Karen Vera Renaud,University of Glasgow,http://www.dcs.gla.ac.uk/~karen,u6VeU9UAAAAJ
Karen Yeung,University of Birmingham,https://www.birmingham.ac.uk/staff/profiles/law/yeung-karen.aspx,nzhgUG4AAAAJ
Kari Smolander,Aalto University,https://people.aalto.fi/new/kari.smolander,f1w2dAwAAAAJ
Karim Ali 0001,University of Alberta,http://karimali.ca,TC8495oAAAAJ
Karim Djemame,University of Leeds,https://eps.leeds.ac.uk/computing/staff/187/professor-karim-djemame,qUWqg9UAAAAJ
Karin A. Hummel,JKU Linz,https://www.jku.at/institut-fuer-telekooperation/ueber-uns/team/karin-anna-hummel,CB7dUsIAAAAJ
Karin Anna Hummel,JKU Linz,https://www.jku.at/institut-fuer-telekooperation/ueber-uns/team/karin-anna-hummel,CB7dUsIAAAAJ
Karin Becker,UFRGS,http://inf.ufrgs.br/~kbecker,aZA2pGQAAAAJ
Karin Harbusch,University of Koblenz-Landau,https://www.uni-koblenz-landau.de/de/koblenz/fb4/icv/agharbusch/mitarbeiter/harbusch,NOSCHOLARPAGE
Karin M. Verspoor,University of Melbourne,http://findanexpert.unimelb.edu.au/display/person458973,dUxHnbcAAAAJ
Karin Verspoor,University of Melbourne,http://findanexpert.unimelb.edu.au/display/person458973,dUxHnbcAAAAJ
Karina S. Machado,Federal University of Rio Grande,http://karina.c3.furg.br,3j-IYXoAAAAJ
Karina Santos Machado,Federal University of Rio Grande,http://karina.c3.furg.br,3j-IYXoAAAAJ
Karina Valdivia Delgado,USP,http://www.ime.usp.br/~kvd,xSgMBCMAAAAJ
Karina dos Santos Machado,Federal University of Rio Grande,http://karina.c3.furg.br,3j-IYXoAAAAJ
Karl Aberer,EPFL,http://lsir.epfl.ch/aberer,ifU81ikAAAAJ
Karl Anton Froeschl,University of Vienna,https://cs.univie.ac.at/karl-anton.froeschl,NOSCHOLARPAGE
Karl Anton Fröschl,University of Vienna,https://cs.univie.ac.at/karl-anton.froeschl,NOSCHOLARPAGE
Karl Bringmann,Saarland University,https://people.mpi-inf.mpg.de/~kbringma,DhfyBy0AAAAJ
Karl Christoph Ruland,University of Siegen,https://www.eti.uni-siegen.de/dcs/mitarbeiter/professoren/ruland/?lang=de,b4M0T4IAAAAJ
Karl Crary,Carnegie Mellon University,https://www.cs.cmu.edu/~crary,DTjqn9QAAAAJ
Karl F. MacDorman,IUPUI,https://soic.iupui.edu/people/karl-macdorman,W-DuNjYAAAAJ
Karl Frederic MacDorman,IUPUI,https://soic.iupui.edu/people/karl-macdorman,W-DuNjYAAAAJ
Karl Friehs,Bielefeld University,http://ekvv.uni-bielefeld.de/pers_publ/publ/PersonDetail.jsp?personId=11015,NOSCHOLARPAGE
Karl J. Lieberherr,Northeastern University,https://www.ccis.northeastern.edu/people/karl-lieberherr,pAUVJS0AAAAJ
Karl Meerbergen,KU Leuven,https://people.cs.kuleuven.be/~karl.meerbergen,8exvwHMAAAAJ
Karl Meinke,KTH Royal Institute of Technology,http://www.csc.kth.se/~karlm,Xnkj7FgAAAAJ
Karl N. Levitt,Univ. of California - Davis,http://faculty.engineering.ucdavis.edu/levitt,NOSCHOLARPAGE
Karl Rohr,Heidelberg University,http://www.bioquant.uni-heidelberg.de/index.php?id=322,mfB460IAAAAJ
Karl Stratos,Rutgers University,http://karlstratos.com,Fx8-1JMAAAAJ
Karl Tuyls,University of Liverpool,https://www.liverpool.ac.uk/computer-science/staff/karl-tuyls,cxRqeVwAAAAJ
Karl-Erik Årzen,Lund University,http://www.control.lth.se/Staff/KarlErikArzen.html,OZIadUUAAAAJ
Karl-Heinz Zimmermann,Hamburg University of Technology,https://www.tuhh.de/es/aeg/people/khzimmermann.html,NOSCHOLARPAGE
Karl-Rudolf Moll,TU Munich,http://wwwbroy.informatik.tu-muenchen.de/~moll,NOSCHOLARPAGE
Karol Myszkowski [INF],Max Planck Society,https://people.mpi-inf.mpg.de/~karol,eZ40F-MAAAAJ
Karon E. MacLean,University of British Columbia,https://www.cs.ubc.ca/~maclean,qANkJFwAAAAJ
Karrie G. Karahalios,Univ. of Illinois at Urbana-Champaign,https://cs.illinois.edu/directory/profile/kkarahal,xyHrRFUAAAAJ
Karrie Karahalios,Univ. of Illinois at Urbana-Champaign,https://cs.illinois.edu/directory/profile/kkarahal,xyHrRFUAAAAJ
Karsten Berns,TU Kaiserslautern,https://agrosy.informatik.uni-kl.de/lehrstuhl/lehrstuhl-leiter,KFlzbrUAAAAJ
Karsten Kahl,University of Wuppertal,https://www.ai.uni-wuppertal.de/de/angewandte-informatik/personen/karsten-kahl.html,rrt7FX0AAAAJ
Karsten Lundqvist,Victoria University of Wellington,https://ecs.victoria.ac.nz/Main/KarstenLundqvist,aLfZJJQAAAAJ
Karsten Schmidt 0004,University of Rostock,https://theo.informatik.uni-rostock.de/theo-team/karsten-wolf,1OleyYgAAAAJ
Karsten Weihe,TU Darmstadt,https://www.algo.informatik.tu-darmstadt.de/algorithmik/mitarbeiter/karsten-weihe,NOSCHOLARPAGE
Karsten Wolf,University of Rostock,https://theo.informatik.uni-rostock.de/theo-team/karsten-wolf,1OleyYgAAAAJ
Karsten Øster Lundqvist,Victoria University of Wellington,https://ecs.victoria.ac.nz/Main/KarstenLundqvist,aLfZJJQAAAAJ
Karteek Sreenivasaiah,IIT Hyderabad,http://www.iith.ac.in/~karteek,NOSCHOLARPAGE
Karthekeyan Chandrasekaran,Univ. of Illinois at Urbana-Champaign,http://karthik.ise.illinois.edu,VqhGYrUAAAAJ
Karthik Dantu,University at Buffalo,http://www.cse.buffalo.edu/~kdantu,aOO2tOwAAAAJ
Karthik Narasimhan,Princeton University,https://www.cs.princeton.edu/~karthikn,euc0GX4AAAAJ
Karthik Pattabiraman,University of British Columbia,http://blogs.ubc.ca/karthik,p_V9YWgAAAAJ
Karthik Sridharan,Cornell University,http://www.cs.cornell.edu/~sridharan,nX9D5AoAAAAJ
Karthikeyan Sankaralingam,University of Wisconsin - Madison,http://pages.cs.wisc.edu/~karu,O0W9jEQAAAAJ
Kartik Gopalan,Binghamton University,http://www.cs.binghamton.edu/~kartik,gSnisPkAAAAJ
Kartik Nagar,IIT Madras,https://kartiknagar.github.io,KiT5oNUAAAAJ
Kartik Nayak,Duke University,https://users.cs.duke.edu/~kartik,JEyz8wEAAAAJ
Kartikeya Mayaram,Oregon State University,http://eecs.oregonstate.edu/people/mayaram-karti,NOSCHOLARPAGE
Karu Sankaralingam,University of Wisconsin - Madison,http://pages.cs.wisc.edu/~karu,O0W9jEQAAAAJ
Kashif Munir,King Abdulaziz University,http://fcit2.kau.edu.sa:9002/reports/rwservlet?cmdkey=FCVKEY+p_fac_id=00062561,BHPpU8oAAAAJ
Kasim Selçuk Candan,Arizona State University,http://aria.asu.edu/candan,keO-0s0AAAAJ
Kasim Sinan Yildirim,University of Trento,http://sinanyil81.github.io,LXUvnL0AAAAJ
Kasim Terzic,University of St Andrews,https://kt54.host.cs.st-andrews.ac.uk,kSIPwxMAAAAJ
Kasper Bonne Rasmussen,University of Oxford,http://www.cs.ox.ac.uk/people/kasper.rasmussen,NOSCHOLARPAGE
Kasper Dalgaard Larsen,Aarhus University,http://www.madalgo.au.dk/~larsen,ZluoxUcAAAAJ
Kasper Green Larsen,Aarhus University,http://www.madalgo.au.dk/~larsen,ZluoxUcAAAAJ
Kasper Hornbæk,University of Copenhagen,http://diku.dk/Ansatte/?pure=da/persons/141851,S6VMDA8AAAAJ
Kasper Rasmussen,University of Oxford,http://www.cs.ox.ac.uk/people/kasper.rasmussen,NOSCHOLARPAGE
Kasper Støy,IT University of Copenhagen,https://pure.itu.dk/portal/en/persons/kasper-stoey(2a9c0934-98ca-4101-b829-b88d77f6487e).html,NOSCHOLARPAGE
Kassem Fawaz,University of Wisconsin - Madison,https://kassemfawaz.com,8TINuv4AAAAJ
Kasturi R. Varadarajan,University of Iowa,http://homepage.cs.uiowa.edu/~kvaradar,UNxLPX8AAAAJ
Kasım Sinan Yildirim,University of Trento,http://https://sinanyil81.github.io,LXUvnL0AAAAJ
Katarzyna Budzynska,University of Dundee,https://www.computing.dundee.ac.uk/about/staff/9,NOSCHOLARPAGE
Katarzyna E. Paluch,University of Wroclaw,http://www.ii.uni.wroc.pl/~abraka,NOSCHOLARPAGE
Katarzyna Paluch,University of Wroclaw,http://www.ii.uni.wroc.pl/~abraka,NOSCHOLARPAGE
Katarzyna Stawarz,Cardiff University,https://www.cardiff.ac.uk/people/view/1764545-stawarz-katarzyna,s_HiBtEAAAAJ
Katarzyna Wac,University of Copenhagen,http://diku.dk/english/staff/vip/?pure=en/persons/501789,GIejbKQAAAAJ
Katayoun Farrahi,University of Southampton,https://www.ecs.soton.ac.uk/people/kf2u17,c_E3E4kAAAAJ
Kate Ching-Ju Lin,National Chiao Tung University,http://people.cs.nctu.edu.tw/~katelin,dT-9dtwAAAAJ
Kate Hone,Brunel University London,https://www.brunel.ac.uk/people/kate-hone,kDS5XxgAAAAJ
Kate Howland,University of Sussex,http://www.sussex.ac.uk/informatics/people/peoplelists/person/172510,XUfk6ekAAAAJ
Kate Isaacs,University of Arizona,http://cgi.cs.arizona.edu/~kisaacs,sYt1rjsAAAAJ
Kate Larson,University of Waterloo,https://cs.uwaterloo.ca/~klarson,QK-c5esAAAAJ
Kate S. Hone,Brunel University London,https://www.brunel.ac.uk/people/kate-hone,kDS5XxgAAAAJ
Kate Saenko,Boston University,http://www.cs.uml.edu/~saenko,9xDADY4AAAAJ
Katerina Fragkiadaki,Carnegie Mellon University,https://www.cs.cmu.edu/~katef,FWp7728AAAAJ
Katerina Goseva-Popstojanova,West Virginia University,https://www.statler.wvu.edu/faculty-staff/faculty/katerina-goseva-popstojanova,Zi5QsLYAAAAJ
Katerina J. Argyraki,EPFL,https://people.epfl.ch/katerina.argyraki,TvV_SVwAAAAJ
Katerina Mitrokotsa,Chalmers/GU,https://www.chalmers.se/en/staff/Pages/aikmitr.aspx,NOSCHOLARPAGE
Katerina Stankova,Maastricht University,http://www.stankova.net,wYupkOAAAAAJ
Katerina Stanková,Maastricht University,http://www.stankova.net,wYupkOAAAAAJ
Katharina Anna Lehmann,TU Kaiserslautern,http://aalab.cs.uni-kl.de/en/gruppe/zweig,UyG7biIAAAAJ
Katharina Anna Zweig,TU Kaiserslautern,http://aalab.cs.uni-kl.de/en/gruppe/zweig,UyG7biIAAAAJ
Katharina Kann,University of Colorado Boulder,https://kelina.github.io,3XF5bqEAAAAJ
Katharina Krombholz,CISPA Helmholtz Center,https://cispa.saarland/people/katharina.krombholz,BkeawyUAAAAJ
Katharina Morik,TU Dortmund,https://www-ai.cs.tu-dortmund.de/PERSONAL/morik.html,LfmjF2UAAAAJ
Katharina Reinecke,University of Washington,https://www.cs.washington.edu/people/faculty/reinecke,_4EISRwAAAAJ
Katherine A. Yelick,Univ. of California - Berkeley,https://www.cs.berkeley.edu/~yelick,93yNuV0AAAAJ
Katherine E. Isaacs,University of Arizona,http://cgi.cs.arizona.edu/~kisaacs,sYt1rjsAAAAJ
Katherine Heller,Duke University,http://www2.stat.duke.edu/~kheller,WOAlvmoAAAAJ
Katherine Howland,University of Sussex,http://www.sussex.ac.uk/informatics/people/peoplelists/person/172510,XUfk6ekAAAAJ
Katherine Isaacs,University of Arizona,http://cgi.cs.arizona.edu/~kisaacs,sYt1rjsAAAAJ
Katherine J. Kuchenbecker [IS],Max Planck Society,https://hi.is.mpg.de,ED5iKYYAAAAJ
Katherine St. John,CUNY,http://comet.lehman.cuny.edu/stjohn,k_K-PFkAAAAJ
Kathi Fisler,Worcester Polytechnic Institute,http://www.cs.wpi.edu/~kfisler,ybnTsdMAAAAJ
Kathleen F. McCoy,University of Delaware,http://udel.edu/~mccoy,NOSCHOLARPAGE
Kathleen Fisher,Tufts University,http://www.cs.tufts.edu/~kfisher/Kathleen_Fisher/Home.html,8mi-oYYAAAAJ
Kathleen Gray,University of Melbourne,http://www.msi.unimelb.edu.au/people/kathleen-gray,HicyoB0AAAAJ
Kathleen M. Carley,Carnegie Mellon University,http://www.casos.cs.cmu.edu/bios/carley/carley.html,KeJfN-IAAAAJ
Kathleen McKeown,Columbia University,http://www.cs.columbia.edu/~kathy,ujDhg2sAAAAJ
Kathleen R. McKeown,Columbia University,http://www.cs.columbia.edu/~kathy,ujDhg2sAAAAJ
Kathleen Steinhöfel,King's College London,https://www.kcl.ac.uk/people/kathleen-steinhofel,NOSCHOLARPAGE
Kathrin Gerling,KU Leuven,https://iiw.kuleuven.be/onderzoek/emedia/people/gerlingkathrin,Ujh2RSsAAAAJ
Kathrin Klamroth,University of Wuppertal,https://www.opt.uni-wuppertal.de/de/ag-opt/mitarbeiter/klamroth.html,8ETjTscAAAAJ
Kathrin Maria Gerling,KU Leuven,https://iiw.kuleuven.be/onderzoek/emedia/people/gerlingkathrin,Ujh2RSsAAAAJ
Kathryn E. Jones,Cardiff University,https://www.cardiff.ac.uk/people/view/978504-jones-kathryn,BMZenCsAAAAJ
Kathryn Elizabeth Jones,Cardiff University,https://www.cardiff.ac.uk/people/view/978504-jones-kathryn,BMZenCsAAAAJ
Kathryn T. Stolee,North Carolina State University,https://kstolee.github.io,YICZNZAAAAAJ
Kathy McGrath,Brunel University London,https://www.brunel.ac.uk/people/kathy-mcgrath,49RIzd4AAAAJ
Kathy McKeown,Columbia University,http://www.cs.columbia.edu/~kathy,ujDhg2sAAAAJ
Kathy Yelick,Univ. of California - Berkeley,https://www.cs.berkeley.edu/~yelick,93yNuV0AAAAJ
Kati Kuusinen,DTU,https://www.compute.dtu.dk/english,NOSCHOLARPAGE
Katia Obraczka,Univ. of California - Santa Cruz,https://www.soe.ucsc.edu/people/katia,xALG_EMAAAAJ
Katie A. Siek,Indiana University,http://wphomes.soic.indiana.edu/ksiek,-R9W7IkAAAAJ
Katie Atkinson,University of Liverpool,https://www.csc.liv.ac.uk/~katie,fvQicksAAAAJ
Katie Bentley,King's College London,https://www.kcl.ac.uk/people/katie-bentley,vCDdIT4AAAAJ
Katie Moor,Indiana University,http://wphomes.soic.indiana.edu/ksiek,-R9W7IkAAAAJ
Katinka Wolter,Freie Universitaet Berlin,https://www.mi.fu-berlin.de/inf/groups/ag-tech/staff/0Current/wolter.html,JqtocLYAAAAJ
Katja D. Mombaur,Heidelberg University,https://typo.iwr.uni-heidelberg.de/groups/orb/people/prof-katja-mombaur,HuN7dvgAAAAJ
Katja Daniela Mombaur,Heidelberg University,https://typo.iwr.uni-heidelberg.de/groups/orb/people/prof-katja-mombaur,HuN7dvgAAAAJ
Katja Hose,Aalborg University,http://people.cs.aau.dk/~khose,LbXvZUoAAAAJ
Katja Nieselt,University of Tübingen,https://uni-tuebingen.de/en/faculties/faculty-of-science/departments/computer-science/lehrstuehle/integrative-transcriptomics/group,Ty-5Q7sAAAAJ
Katrien Verbert,KU Leuven,https://people.cs.kuleuven.be/~katrien.verbert/KatrienVerbert/Katrien_Verbert.html,t5cgwVAAAAAJ
Katrin Erk,University of Texas at Austin,http://www.katrinerk.com,v7kFHRoAAAAJ
Katrin S. Lohan,Heriot-Watt University,https://www.hw.ac.uk/staff/uk/macs/katrin-solveig-lohan.htm,6uHYQzYAAAAJ
Katrin Solveig Lohan,Heriot-Watt University,https://www.hw.ac.uk/staff/uk/macs/katrin-solveig-lohan.htm,6uHYQzYAAAAJ
Katrina Faulkner,University of Adelaide,http://www.adelaide.edu.au/directory/katrina.falkner,ItdtO3wAAAAJ
Katrina Ligett,Hebrew University of Jerusalem,http://www.huji.ac.il/dataj/controller/ihoker/MOP-STAFF_LINK?sno=68805179&Save_t=,PqQAVcAAAAAJ
Katrina Ysabel Solomon,De La Salle University,https://www.dlsu.edu.ph/colleges/ccs/faculty-profile/single/?id=32665787950&command=GETPROFILE,2NoqTYcAAAAJ
Katsuhiko Gondow,Tokyo Institute of Technology,http://www.sde.cs.titech.ac.jp/english,NOSCHOLARPAGE
Katsumi Inoue,Tokyo Institute of Technology,http://research.nii.ac.jp/il/index18.html,vei697QAAAAJ
Katsuro Inoue,Osaka University,https://sel.ist.osaka-u.ac.jp/people/inoue,S1iG5sAAAAAJ
Katy Börner,Indiana University,http://info.ils.indiana.edu/~katy,YirSp_cAAAAJ
Katy Howland,University of Sussex,http://www.sussex.ac.uk/informatics/people/peoplelists/person/172510,XUfk6ekAAAAJ
Kaushal K. Shukla,IIT (BHU) Varanasi,http://www.old.iitbhu.ac.in/cse/index.php/people/faculty/30_pubs.html,2kCEA2kAAAAJ
Kaveh Razavi,ETH Zurich,https://comsec.ethz.ch/people/kaveh-razavi,bWBN3cwAAAAJ
Kavi Arya,IIT Bombay,https://www.cse.iitb.ac.in/~kavi,Qz7H0U0AAAAJ
Kavita Bala,Cornell University,http://www.cs.cornell.edu/~kb,Rh16nsIAAAAJ
Kavita Vemuri,IIIT Hyderabad,https://www.iiit.ac.in/people/faculty/kvemuri,NOSCHOLARPAGE
Kay A. Robbins,University of Texas at San Antonio,http://www.cs.utsa.edu/~krobbins,g0dz7JoAAAAJ
Kay C. Wiese,Simon Fraser University,https://www.sfu.ca/computing/people/faculty/kaywiese.html,155UuRYAAAAJ
Kay Connelly,Indiana University,http://wphomes.soic.indiana.edu/connelly,uZZ7HtIAAAAJ
Kay H. Connelly,Indiana University,http://wphomes.soic.indiana.edu/connelly,uZZ7HtIAAAAJ
Kay Katja Nieselt,University of Tübingen,https://uni-tuebingen.de/en/faculties/faculty-of-science/departments/computer-science/lehrstuehle/integrative-transcriptomics/group,Ty-5Q7sAAAAJ
Kay Nieselt,University of Tübingen,https://uni-tuebingen.de/en/faculties/faculty-of-science/departments/computer-science/lehrstuehle/integrative-transcriptomics/group,Ty-5Q7sAAAAJ
Kay Nieselt-Struwe,University of Tübingen,https://uni-tuebingen.de/en/faculties/faculty-of-science/departments/computer-science/lehrstuehle/integrative-transcriptomics/group,Ty-5Q7sAAAAJ
Kay Robbins,University of Texas at San Antonio,http://www.cs.utsa.edu/~krobbins,g0dz7JoAAAAJ
Kayhan M. Imre,Hacettepe University,https://web.cs.hacettepe.edu.tr/~kimre,1d2qMREAAAAJ
Kayhan N. Batmanghelich,University of Pittsburgh,https://kayhan.dbmi.pitt.edu,PvHFAfIAAAAJ
Kayla Booth,University of Pittsburgh,http://www.sci.pitt.edu/faculty-and-research/faculty-directory/kayla-booth,NOSCHOLARPAGE
Kayla M. Booth,University of Pittsburgh,http://www.sci.pitt.edu/faculty-and-research/faculty-directory/kayla-booth,NOSCHOLARPAGE
Kayvon Fatahalian,Stanford University,http://graphics.stanford.edu/~kayvonf,ZeG4wDgAAAAJ
Kazem Taghva,University of Nevada Las Vegas,https://www.unlv.edu/people/kazem-taghva,m4mAgIgAAAAJ
Kazuhiko Kato,University of Tsukuba,http://www.osss.cs.tsukuba.ac.jp/kato,P6Weh7AAAAAJ
Kazuhiro Fukui,University of Tsukuba,http://www.cvlab.cs.tsukuba.ac.jp/~kfukui/english/indexE.html,sHcEkmAAAAAJ
Kazunori Ueda,Waseda University,https://www.ueda.info.waseda.ac.jp/~ueda/index-j.html,6mMoOdAAAAAJ
Kazuo Yano,Tokyo Institute of Technology,https://www.facebook.com/yano.labo,tqMGsJwAAAAJ
Kazuto Fukuchi,University of Tsukuba,https://kfukuchi.me,496_ICsAAAAJ
Kazuyoshi Takagi,Kyoto University,http://kyouindb.iimc.kyoto-u.ac.jp/e/hU7zC,NOSCHOLARPAGE
Kazuyoshi Yoshii,Kyoto University,http://sap.ist.i.kyoto-u.ac.jp/members/yoshii,QaNTClUAAAAJ
Kazuyuki Aihara,University of Tokyo,https://www.iis.u-tokyo.ac.jp/en/research/staff/kazuyuki-aihara,NOSCHOLARPAGE
Kazuyuki Shudo,Tokyo Institute of Technology,http://www.shudo.net,RJyUXU0AAAAJ
Kazuyuki Yagasaki,Kyoto University,http://yang.amp.i.kyoto-u.ac.jp/~yagasaki/index_e.html,NOSCHOLARPAGE
Ke Chen 0005,Zhejiang University,http://mypage.zju.edu.cn/kechenpage,NOSCHOLARPAGE
Ke Deng,RMIT University,https://www.rmit.edu.au/contact/staff-contacts/academic-staff/d/deng-dr-ke,MuWCgskAAAAJ
Ke Li 0001,University of Exeter,http://emps.exeter.ac.uk/computer-science/staff/kl406,lUFU8KsAAAAJ
Ke Li 0011,Simon Fraser University,https://www.math.ias.edu/~ke.li,vQc8tI4AAAAJ
Ke Tang,USTC,http://staff.ustc.edu.cn/~ketang,mzLHFbAAAAAJ
Ke Wang 0001,Simon Fraser University,http://www.cs.sfu.ca/~wangk,i6wFsEQAAAAJ
Ke Wei,Fudan University,http://www.sdspeople.fudan.edu.cn/weike,9nr1fe8AAAAJ
Ke Xie 0001,Shenzhen University,https://vcc.tech/~kexie,UI977YQAAAAJ
Ke Xu 0001,Beihang University,http://sites.nlsde.buaa.edu.cn/~kexu,NOSCHOLARPAGE
Ke Xu 0002,Tsinghua University,http://www.cs.tsinghua.edu.cn/publish/csen/4623/2010/20101224195105834581145/20101224195105834581145_.html,_XXLtZgAAAAJ
Ke Yi 0001,HKUST,https://www.cse.ust.hk/~yike,dWcZPFEAAAAJ
Ke Zhou 0003,University of Nottingham,https://www.nottingham.ac.uk/computerscience/people/ke.zhou,yv756woAAAAJ
Ke-jun Zhang,Zhejiang University,http://mypage.zju.edu.cn/en/zhangkejun,NOSCHOLARPAGE
Kecheng Yang 0001,Texas State University,http://cs.txstate.edu/~k_y47,lfM6otYAAAAJ
Kede Ma,City University of Hong Kong,https://kedema.org,sfzOyFoAAAAJ
Kee Siong Ng,Australian National University,https://cs.anu.edu.au/people/kee-siong-ng,4bL3ThUAAAAJ
Kee-Eung Kim,KAIST,http://ailab.kaist.ac.kr/users/kekim,NOSCHOLARPAGE
Keenan Crane,Carnegie Mellon University,http://www.cs.cmu.edu/~kmcrane,Qs9FzFUAAAAJ
Kees Huizing,TU Eindhoven,https://www.win.tue.nl/~keesh,j-Uuvt0AAAAJ
Kees Joost Batenburg,CWI,https://www.cwi.nl/people/1742,6WpX7xUAAAAJ
Keh-Hsun Chen,UNC - Charlotte,https://webpages.uncc.edu/chen,NOSCHOLARPAGE
Kei Okada,University of Tokyo,http://www.jsk.t.u-tokyo.ac.jp/~k-okada/index-e.html,D0I9x20AAAAJ
Keiichi Zempo,University of Tsukuba,http://www.xpercept.aclab.esys.tsukuba.ac.jp/index.php/about/zempo,wExHgv4AAAAJ
Keiji Kimura,Waseda University,http://www.apal.cs.waseda.ac.jp/kimura/index.en.html,NOSCHOLARPAGE
Keijo Heljanko,University of Helsinki,https://researchportal.helsinki.fi/en/persons/keijo-tapio-heljanko,TOSfazMAAAAJ
Keishi Tajima,Kyoto University,http://www.dl.soc.i.kyoto-u.ac.jp/~tajima/index.html,NOSCHOLARPAGE
Keisuke Tanaka,Tokyo Institute of Technology,http://www.is.titech.ac.jp/~keisuke,sNHvEUwAAAAJ
Keith Andrews,Graz University of Technology,https://keithandrews.com/keith,NOSCHOLARPAGE
Keith B. Gallagher,Florida Institute of Technology,https://cs.fit.edu/~kgallagher,iDCDbB4AAAAJ
Keith Brian Gallagher,Florida Institute of Technology,https://cs.fit.edu/~kgallagher,iDCDbB4AAAAJ
Keith Bugeja,University of Malta,https://www.um.edu.mt/profile/keithbugeja,zr5TEAYAAAAJ
Keith Cheverst,Lancaster University,https://www.lancaster.ac.uk/scc/about-us/people/keith-cheverst,XElVSIEAAAAJ
Keith D. Cooper,Rice University,https://www.cs.rice.edu/~keith,ubiUvvgAAAAJ
Keith Decker,University of Delaware,https://www.eecis.udel.edu/~decker,8odG5jkAAAAJ
Keith Edwards,University of Dundee,http://staff.computing.dundee.ac.uk/kedwards/index.html,NOSCHOLARPAGE
Keith Gallagher,Florida Institute of Technology,https://cs.fit.edu/~kgallagher,iDCDbB4AAAAJ
Keith M. Martin,Royal Holloway University of London,https://pure.royalholloway.ac.uk/portal/en/persons/keith-m-martin(ffa7fb4d-3b17-40ca-96cd-48600a0ae84f).html,zKB9PoAAAAAJ
Keith Mannock,Birkbeck University of London,https://www.dcs.bbk.ac.uk/about/people/academic-staff/keith,cKaxrLIAAAAJ
Keith Marzullo,University of Maryland - College Park,https://www.cs.umd.edu/people/marzullo,hWzTk6MAAAAJ
Keith Mayes,Royal Holloway University of London,https://pure.royalholloway.ac.uk/portal/en/persons/keith-mayes(290542c6-8422-457e-85c0-cc4dde743624).html,ANisCGAAAAAJ
Keith S. Decker,University of Delaware,https://www.eecis.udel.edu/~decker,8odG5jkAAAAJ
Keith Soo,University of Waikato,http://www.cms.waikato.ac.nz/people/ceks,NOSCHOLARPAGE
Keith Vertanen,Michigan Technological University,https://www.mtu.edu/cs/department/faculty-staff/faculty/vertanen,ItRAq1sAAAAJ
Keith W. Cheverst,Lancaster University,https://www.lancaster.ac.uk/scc/about-us/people/keith-cheverst,XElVSIEAAAAJ
Keith W. Ross,NYU Shanghai,http://nyu.edu/projects/keithwross,RhUcYmQAAAAJ
Keith Winstein,Stanford University,https://cs.stanford.edu/~keithw,S5sz8gIAAAAJ
Keivan Navaie,Lancaster University,https://www.lancaster.ac.uk/scc/about-us/people/keivan-navaie,bWDRdFoAAAAJ
Kejun Huang,University of Florida,https://cise.ufl.edu/~kejun,ozTLHs8AAAAJ
Kejun Zhang,Zhejiang University,http://mypage.zju.edu.cn/en/zhangkejun,NOSCHOLARPAGE
Kelin Kuhn,Oregon State University,http://eecs.oregonstate.edu/people/kuhn-kelin,NOSCHOLARPAGE
Kelly A. Lyons,University of Toronto,http://individual.utoronto.ca/klyons,PJsN8P0AAAAJ
Kelly Androutsopoulos,Middlesex University,http://www.eis.mdx.ac.uk/staffpages/kellyandroutsopoulos,0VGY3MQAAAAJ
Kelly Caine,Clemson University,https://kellycaine.wordpress.com,nTMBPAIAAAAJ
Kelly E. Caine,Clemson University,https://kellycaine.wordpress.com,nTMBPAIAAAAJ
Kelly Garcés,Universidad de los Andes,https://profesores.virtual.uniandes.edu.co/kjgarces971/es/inicio,5p7oedgAAAAJ
Kelly Lyons,University of Toronto,http://individual.utoronto.ca/klyons,PJsN8P0AAAAJ
Kelly Rosa Braghetto,USP,http://www.ime.usp.br/~kellyrb,GZ66SBcAAAAJ
Kemafor Anyanwu-Ogan,North Carolina State University,https://www.csc.ncsu.edu/people/kogan,NOSCHOLARPAGE
Kemafor Ogan,North Carolina State University,https://www.csc.ncsu.edu/people/kogan,NOSCHOLARPAGE
Kemal Akkaya,Florida International University,http://web.eng.fiu.edu/kakkaya,63HyXSkAAAAJ
Kemal Oflazer,Carnegie Mellon University,https://www.andrew.cmu.edu/user/ko,JLk0hs8AAAAJ
Kemao Qian,Nanyang Technological University,http://research.ntu.edu.sg/expertise/academicprofile/Pages/StaffProfile.aspx?ST_EMAILID=MKMQIAN,JCehBDoAAAAJ
Ken Anderson 0001,University of Colorado Boulder,http://www.cs.colorado.edu/~kena,wOO8rEMAAAAJ
Ken Baclawski,Northeastern University,http://www.ccs.neu.edu/home/kenb,Vwi6Ya8AAAAJ
Ken Barker 0001,University of Calgary,http://www.ucalgary.ca/kbarker,jX6Svt4AAAAJ
Ken Birman,Cornell University,http://www.cs.cornell.edu/ken,I-rKkyEAAAAJ
Ken Friis Larsen,University of Copenhagen,http://www.diku.dk/~kflarsen,BcWkstQAAAAJ
Ken Goldberg,Univ. of California - Berkeley,http://goldberg.berkeley.edu,8fztli4AAAAJ
Ken Koedinger,Carnegie Mellon University,http://pact.cs.cmu.edu/koedinger.html,_8DDVkAAAAAJ
Ken Mattsson,Uppsala University,https://www.it.uu.se/katalog/ken,KplZrDwAAAAJ
Ken Mercer,Massey University,http://www.massey.ac.nz/massey/expertise/profile.cfm?stref=531330,NOSCHOLARPAGE
Ken Mitchell,University of Missouri - Kansas City,https://sce.umkc.edu/about/directory/name/ken-mitchell-ph-d,Lv9FEdUAAAAJ
Ken Perlin,New York University,https://mrl.nyu.edu/~perlin,TGRPKRIAAAAJ
Ken S. Stevens,University of Utah,http://www.ece.utah.edu/~kstevens,WeRUynMAAAAJ
Ken S. Thomas,University of Southampton,https://www.ecs.soton.ac.uk/people/kst,NOSCHOLARPAGE
Ken Salem,University of Waterloo,https://cs.uwaterloo.ca/~kmsalem,t7z2V78AAAAJ
Ken Umeno,Kyoto University,http://chaosken.amp.i.kyoto-u.ac.jp/index_eng.html,LH8eRMMAAAAJ
Ken Wakita,Tokyo Institute of Technology,https://kwakita.blog,lh5DnywAAAAJ
Ken Wing-Kin Sung,National University of Singapore,https://www.comp.nus.edu.sg/~ksung,KaCbE9MAAAAJ
Ken Wong 0001,University of Alberta,https://webapps.cs.ualberta.ca/profile,I__Yju4AAAAJ
Ken-ichi Fukui,Osaka University,http://www.ai.sanken.osaka-u.ac.jp/en/index.php?Ken-ichi%20Fukui,NOSCHOLARPAGE
Kendall E. Nygard,North Dakota State University,http://www.cs.ndsu.nodak.edu/~nygard,NOSCHOLARPAGE
Kendra Cooper,University of Texas at Dallas,https://www.utdallas.edu/~kcooper,mwSaet0AAAAJ
Kendra M. L. Cooper,University of Texas at Dallas,https://www.utdallas.edu/~kcooper,mwSaet0AAAAJ
Kenichiro Tanaka,University of Tokyo,http://www.i.u-tokyo.ac.jp/edu/course/mi/members_e.shtml,o1to5nMAAAAJ
Kenji Kashima,Kyoto University,http://www.bode.amp.i.kyoto-u.ac.jp/~kashima,bCRWekMAAAAJ
Kenji Kise,Tokyo Institute of Technology,http://www.arch.cs.titech.ac.jp/index-e.html,NOSCHOLARPAGE
Kenji Kono,Keio University,https://www.st.keio.ac.jp/en/tprofile/ics/kono.html,lYetPkIAAAAJ
Kenji Sagae,Univ. of California - Davis,http://compling.ucdavis.edu/sagae,8HdRoroAAAAJ
Kenji Suzuki 0002,University of Tsukuba,http://www.ai.iit.tsukuba.ac.jp/kenji,NOSCHOLARPAGE
Kenji Yamanishi,University of Tokyo,http://www.ibis.t.u-tokyo.ac.jp/yamanishi/index_e.html,NOSCHOLARPAGE
Kenji Yoshigoe,University of Arkansas - Little Rock,https://ualr.edu/eit/2017/02/10/dr-kenji-yoshigoe-2017,NOSCHOLARPAGE
Kenjiro Taura,University of Tokyo,https://www.eidos.ic.i.u-tokyo.ac.jp/~tau,E7gtxhEAAAAJ
Kenli Li 0001,Hunan University,http://csee.hnu.edu.cn/people/likenli,NOSCHOLARPAGE
Kenneth A. Berman,University of Cincinnati,http://www.ece.uc.edu/~berman,tV5iRZAAAAAJ
Kenneth A. De Jong,George Mason University,https://cs.gmu.edu/~kdejong,NOSCHOLARPAGE
Kenneth A. Ross,Columbia University,http://www.cs.columbia.edu/~kar,pWGeNUQAAAAJ
Kenneth Alan Stafford,Worcester Polytechnic Institute,http://www.wpi.edu/academics/facultydir/kzs.html,NOSCHOLARPAGE
Kenneth B. Kent,University of New Brunswick,http://www.cs.unb.ca/~ken,N__697EAAAAJ
Kenneth Baclawski,Northeastern University,http://www.ccs.neu.edu/home/kenb,Vwi6Ya8AAAAJ
Kenneth Chiu,Binghamton University,https://www.binghamton.edu/cs/people/kchiu.html,TAi5L5MAAAAJ
Kenneth Christensen,University of South Florida,http://www.csee.usf.edu/~christen,LCMdPKcAAAAJ
Kenneth D. Forbus,Northwestern University,http://www.cs.northwestern.edu/~forbus,IdRYT-8AAAAJ
Kenneth Demarest,University of Kansas,https://people.eecs.ku.edu/~demarest,0hm7u-IAAAAJ
Kenneth E. Jansen,University of Colorado Boulder,https://experts.colorado.edu/display/fisid_147360,qWTgFQUAAAAJ
Kenneth F. Galloway,Vanderbilt University,http://engineering.vanderbilt.edu/bio/kenneth-galloway,NOSCHOLARPAGE
Kenneth Fletcher,University of Massachusetts Boston,http://www.cs.umb.edu/people/Kenneth_Fletcher,KbptTQEAAAAJ
Kenneth G. Paterson,ETH Zurich,https://appliedcrypto.ethz.ch/people/kenny-paterson.html,NkuWcH0AAAAJ
Kenneth Heafield,University of Edinburgh,https://kheafield.com,VEJE37AAAAAJ
Kenneth J. Rodham,Brigham Young University,https://cs.byu.edu/faculty/rodham,NOSCHOLARPAGE
Kenneth J. Supowit,Ohio State University,https://cse.osu.edu/people/supowit.1,NOSCHOLARPAGE
Kenneth Joseph,University at Buffalo,https://kennyjoseph.github.io,TNS6P14AAAAJ
Kenneth L. Calvert,University of Kentucky,https://www.cs.uky.edu/~calvert,-6v-CdkAAAAJ
Kenneth L. McMillan,University of Texas at Austin,https://scholar.google.com/citations?user=pzFc-eEAAAAJ,pzFc-eEAAAAJ
Kenneth M. Anderson,University of Colorado Boulder,http://www.cs.colorado.edu/~kena,wOO8rEMAAAAJ
Kenneth M. Hopkinson,Air Force Institute of Technology,https://www.afit.edu/BIOS/bio.cfm?facID=87,NOSCHOLARPAGE
Kenneth Mark Anderson,University of Colorado Boulder,http://www.cs.colorado.edu/~kena,wOO8rEMAAAAJ
Kenneth P. Birman,Cornell University,http://www.cs.cornell.edu/ken,I-rKkyEAAAAJ
Kenneth Paul Baclawski,Northeastern University,http://www.ccs.neu.edu/home/kenb,Vwi6Ya8AAAAJ
Kenneth R. Jackson,University of Toronto,http://www.cs.toronto.edu/~krj,1tVu3SoAAAAJ
Kenneth R. Koedinger,Carnegie Mellon University,http://pact.cs.cmu.edu/koedinger.html,_8DDVkAAAAAJ
Kenneth S. Stevens,University of Utah,http://www.ece.utah.edu/~kstevens,WeRUynMAAAAJ
Kenneth Salem,University of Waterloo,https://cs.uwaterloo.ca/~kmsalem,t7z2V78AAAAJ
Kenneth Salisbury,Stanford University,https://med.stanford.edu/profiles/john-salisbury,FmrDR68AAAAJ
Kenneth W. Regan,University at Buffalo,http://www.cse.buffalo.edu/~regan,8nk9k5oAAAAJ
Kenneth Wai-Ting Leung,HKUST,https://www.cse.ust.hk/~kwtleung,NOSCHOLARPAGE
Kenneth Wingate Regan,University at Buffalo,http://www.cse.buffalo.edu/~regan,8nk9k5oAAAAJ
Kenneth Y. Goldberg,Univ. of California - Berkeley,http://goldberg.berkeley.edu,8fztli4AAAAJ
Kenny Erleben,University of Copenhagen,http://www.diku.dk/~kenny,CQkvlpUAAAAJ
Kenny Paterson,ETH Zurich,https://appliedcrypto.ethz.ch/people/kenny-paterson.html,NkuWcH0AAAAJ
Kenny Q. Zhu,Shanghai Jiao Tong University,http://www.cs.sjtu.edu.cn/~kzhu,ZIRJ6lIAAAAJ
Kenny Qili Zhu,Shanghai Jiao Tong University,http://www.cs.sjtu.edu.cn/~kzhu,ZIRJ6lIAAAAJ
Kenny Wong,University of Alberta,https://webapps.cs.ualberta.ca/profile,I__Yju4AAAAJ
Kensuke Aishima,University of Tokyo,http://www.sr3.t.u-tokyo.ac.jp/~aishima/index_en.html,NOSCHOLARPAGE
Kensuke Harada,Osaka University,https://www.roboticmanipulation.org,X5hwUlIAAAAJ
Kent E. Seamons,Brigham Young University,https://cs.byu.edu/faculty/seamons,XY4ky-YAAAAJ
Kent Quanrud,Purdue University,https://www.kentquanrud.com,RrWxBOAAAAAJ
Kenta Nakai,University of Tokyo,https://www.hgc.jp/~knakai,glkyhpcAAAAJ
Kentaro Shimizu,University of Tokyo,http://www.bi.a.u-tokyo.ac.jp/~shimizu/index_e.html,rWnq5SEAAAAJ
Keon Jang [SWS],Max Planck Society,http://www.mpi-sws.org/~keonjang,L-nHQIkAAAAJ
Keqin Li 0001,Hunan University,http://csee.hnu.edu.cn/people/likeqin,x0YtT7QAAAAJ
Keren Censor,Technion,http://ckeren.net.technion.ac.il,HdOuwlQAAAAJ
Keren Censor-Hillel,Technion,http://ckeren.net.technion.ac.il,HdOuwlQAAAAJ
Kerri Morgan,Monash University,http://monash.edu/research/explore/en/persons/kerri-morgan(62727ef9-6bfc-4a09-9d9c-b91b69d8b6bb).html,5WOihGQAAAAJ
Kerry L. Taylor,Australian National University,https://cs.anu.edu.au/people/kerry-taylor,0XaEQkAAAAJ
Kerry Taylor,Australian National University,https://cs.anu.edu.au/people/kerry-taylor,0XaEQkAAAAJ
Kerstin Bach,NTNU,https://www.ntnu.edu/employees/kerstin.bach,DJzQ1J8AAAAJ
Kerstin Eder,University of Bristol,http://www.bris.ac.uk/engineering/people/kerstin-i-eder/index.html,SyDaZIoAAAAJ
Kerstin I. Eder,University of Bristol,http://www.bris.ac.uk/engineering/people/kerstin-i-eder/index.html,SyDaZIoAAAAJ
Kerstin Maike Strecker,University of Göttingen,https://www.uni-goettingen.de/de/team/611719.html,NOSCHOLARPAGE
Kerstin Schill,University of Bremen,http://www.cognitive-neuroinformatics.com/de/team/kerstin-schill,NOSCHOLARPAGE
Kerstin Strecker,University of Göttingen,https://www.uni-goettingen.de/de/team/611719.html,NOSCHOLARPAGE
Ketan D. Mulmuley,University of Chicago,https://www.cs.uchicago.edu/directory/ketan-mulmuley,NOSCHOLARPAGE
Ketan Mayer-Patel,University of North Carolina,http://www.cs.unc.edu/~kmp,S4GP-G4AAAAJ
Ketan Meyer-Patel,University of North Carolina,http://www.cs.unc.edu/~kmp,S4GP-G4AAAAJ
Ketan Mulmuley,University of Chicago,https://www.cs.uchicago.edu/directory/ketan-mulmuley,NOSCHOLARPAGE
Ketan Patel,University of North Carolina,http://www.cs.unc.edu/~kmp,S4GP-G4AAAAJ
Ketan Patel 0001,University of North Carolina,http://www.cs.unc.edu/~kmp,S4GP-G4AAAAJ
Ketil Malde,University of Bergen,https://www.uib.no/en/persons/Ketil.Malde,NOSCHOLARPAGE
Keting Jia,Tsinghua University,http://www.castu.tsinghua.edu.cn/publish/casen/1257/index.html,NOSCHOLARPAGE
Keval Vora,Simon Fraser University,http://www.cs.sfu.ca/~keval,l40B-WYAAAAJ
Kevin B. Korb,Monash University,http://monash.edu/research/explore/en/persons/kevin-korb(3170934f-4d80-435b-ad14-0af80566ad5a).html,RMtts8IAAAAJ
Kevin Bierre,Rochester Institute of Technology,https://www.rit.edu/gccis/igm/kevin-bierre,NOSCHOLARPAGE
Kevin Bryson,University College London,http://www0.cs.ucl.ac.uk/people/K.Bryson.html,m_OH6V8AAAAJ
Kevin Buchin,TU Eindhoven,http://www.win.tue.nl/~kbuchin,sNa1oWcAAAAJ
Kevin C. Almeroth,Univ. of California - Santa Barbara,http://www.cs.ucsb.edu/~almeroth,oXasn9EAAAAJ
Kevin Chang 0001,Univ. of Illinois at Urbana-Champaign,https://cs.illinois.edu/directory/profile/kcchang,sugWZ6MAAAAJ
Kevin Chen-Chuan Chang,Univ. of Illinois at Urbana-Champaign,https://cs.illinois.edu/directory/profile/kcchang,sugWZ6MAAAAJ
Kevin D. Seppi,Brigham Young University,https://cs.byu.edu/faculty/kseppi,xLQan5cAAAAJ
Kevin Elphinstone,UNSW,http://www.cse.unsw.edu.au/~kevine,iv6Rw20AAAAJ
Kevin Fu,University of Michigan,https://web.eecs.umich.edu/~kevinfu,8uK6aCEAAAAJ
Kevin G. Jamieson,University of Washington,https://homes.cs.washington.edu/~jamieson/about.html,dq3yXjkAAAAJ
Kevin Gimpel,TTI Chicago,http://ttic.uchicago.edu/~kgimpel,kDHs7DYAAAAJ
Kevin J. Compton,University of Michigan,http://web.eecs.umich.edu/~kjc,NOSCHOLARPAGE
Kevin Jamieson,University of Washington,https://homes.cs.washington.edu/~jamieson/about.html,dq3yXjkAAAAJ
Kevin Jeffay,University of North Carolina,http://jeffay.web.unc.edu,J12C3nYAAAAJ
Kevin K. Y. Kuan,University of Sydney,http://sydney.edu.au/engineering/people/kevin.kuan.php,nxiGa3EAAAAJ
Kevin Lano,King's College London,https://www.kcl.ac.uk/people/kevin-lano,JL7C3nMAAAAJ
Kevin Leyton-Brown,University of British Columbia,http://www.cs.ubc.ca/~kevinlb,_4dnp0IAAAAJ
Kevin Liu,Michigan State University,http://www.cse.msu.edu/~kjl,exrdRM0AAAAJ
Kevin Moran,George Mason University,https://www.kpmoran.com,CllWHUcAAAAJ
Kevin R. B. Butler,University of Florida,http://cise.ufl.edu/~butler,gvo0nMsAAAAJ
Kevin Schneider,University of Saskatchewan,http://research.usask.ca/staff-directory/kevin-schneider/index.php,XZvSaZYAAAAJ
Kevin Skadron,University of Virginia,http://www.cs.virginia.edu/skadron,Q-As1CEAAAAJ
Kevin Smith,KTH Royal Institute of Technology,https://www.kth.se/profile/ksmith,weicM8wAAAAJ
Kevin Stanley,University of Saskatchewan,http://www.cs.usask.ca/faculty/stanley/kstanley,NOSCHOLARPAGE
Kevin Sullivan,University of Virginia,https://www.cs.virginia.edu/people/faculty/sullivan.html,Dj0zwwQAAAAJ
Kevin Tomsovic,University of Tennessee,http://web.eecs.utk.edu/~ktomsovi,dffHNuwAAAAJ
Kevin Vella,University of Malta,https://www.um.edu.mt/profile/kevinvella,MUYHQY4AAAAJ
Kevin Verbeek,TU Eindhoven,http://www.win.tue.nl/~kverbeek,e-77C1EAAAAJ
Kevin W. Bowyer,University of Notre Dame,http://www3.nd.edu/~kwb,XZkvOTEAAAAJ
Kevin W. Hamlen,University of Texas at Dallas,http://www.utdallas.edu/~hamlen,NOSCHOLARPAGE
Kevin Waugh,Open University UK,http://stem.open.ac.uk/people/kgw9,l5ryKEkAAAAJ
Kevin Y. Yip,Chinese University of Hong Kong,http://www.cse.cuhk.edu.hk/~kevinyip,pAD5GlEAAAAJ
Kevyn Collins-Thompson,University of Michigan,http://www-personal.umich.edu/~kevynct,q__pgY9AkUQJ
Key-Sun Choi,KAIST,http://kschoi.kaist.ac.kr,r1ozviEAAAAJ
Kfir Y. Levy,Technion,https://kfiryehud.wixsite.com/kfir-y-levy,dG7KSW0AAAAJ
Kfir Yehuda Levy,Technion,https://kfiryehud.wixsite.com/kfir-y-levy,dG7KSW0AAAAJ
Khai N. Truong,University of Toronto,http://www.cs.toronto.edu/~khai,tsV_2pcAAAAJ
Khair Eddin Sabri,University of Jordan,http://eacademic.ju.edu.jo/k.sabri,JBbuUtsAAAAJ
Khairi Reda,IUPUI,https://soic.iupui.edu/people/khairi-reda,sxXvVekAAAAJ
Khaled B. Shaban,Qatar University,http://qufaculty.qu.edu.qa/khaled-shaban,jO_M2XoAAAAJ
Khaled Bashir Shaban,Qatar University,http://qufaculty.qu.edu.qa/khaled-shaban,jO_M2XoAAAAJ
Khaled Harfoush,North Carolina State University,http://www4.ncsu.edu/~kaharfou,NOSCHOLARPAGE
Khaled Khan,Qatar University,http://www.qu.edu.qa/engineering/computer/faculty/khaled_khan.php,SpQmNnoAAAAJ
Khaled M. Elbassioni,Masdar Institute,https://www.masdar.ac.ae/aboutus/management/faculty-directory/item/5982-khaled-elbassioni,yOXQRzMAAAAJ
Khaled M. Khan,Qatar University,http://www.qu.edu.qa/engineering/computer/faculty/khaled_khan.php,SpQmNnoAAAAJ
Khaled Md. Khan,Qatar University,http://www.qu.edu.qa/engineering/computer/faculty/khaled_khan.php,SpQmNnoAAAAJ
Khaled Rasheed,University of Georgia,http://cobweb.cs.uga.edu/~khaled,h_GqAPAAAAAJ
Khaled Shaban,Qatar University,http://qufaculty.qu.edu.qa/khaled-shaban,jO_M2XoAAAAJ
Khalid A. Qaraqe,Texas A&M at Qatar,http://people.qatar.tamu.edu/khalid.qaraqe/kqperso,bY3oBEAAAAAJ
Khalid Alsubhi,King Abdulaziz University,http://www.kau.edu.sa/CVEn.aspx?Site_ID=0012066&Lng=EN,yQb_UoYAAAAJ
Khalid Elgazzar,University of Louisiana - Lafayette,http://www.ucs.louisiana.edu/~kae9655,NOSCHOLARPAGE
Khalid Mahmood 0003,Oakland University,https://oakland.edu/secs/directory/mahmood,NOSCHOLARPAGE
Khalid Mahmood Malik,Oakland University,https://oakland.edu/secs/directory/mahmood,NOSCHOLARPAGE
Khalil Sima'an,University of Amsterdam,https://staff.fnwi.uva.nl/k.simaan,NOSCHOLARPAGE
Khurram Aziz,Dalhousie University,https://www.dal.ca/faculty/computerscience/faculty-staff.html,NbK8ltAAAAAJ
Khuzaima Daudjee,University of Waterloo,http://cs.uwaterloo.ca/~kdaudjee,NOSCHOLARPAGE
Ki Jun Han,Kyungpook National University,http://netopia.knu.ac.kr,QI61sTgAAAAJ
Kian Hsiang Low,National University of Singapore,http://www.comp.nus.edu.sg/~lowkh/research.html,2P-Q09UAAAAJ
Kian-Lee Tan,National University of Singapore,https://www.comp.nus.edu.sg/~tankl,NOSCHOLARPAGE
Kien A. Hua,University of Central Florida,http://dsg.eecs.ucf.edu/Faculty.htm,EjLI14IAAAAJ
Kieran McLaughlin,Queen's University Belfast,https://www.qub.ac.uk/schools/eeecs/Connect/Staff/BusinessCard/?name=Kieran.McLaughlin,UKCEWUQAAAAJ
Kieron O'Hara,University of Southampton,https://www.ecs.soton.ac.uk/people/kmoh,iC2xMrEAAAAJ
Kiev Gama,UFPE,http://www.cin.ufpe.br/~kiev,ZRq_UfUAAAAJ
Kiev Santos da Gama,UFPE,http://www.cin.ufpe.br/~kiev,ZRq_UfUAAAAJ
Kihong Heo,KAIST,https://kihongheo.kaist.ac.kr,bWY6MmgAAAAJ
Kihong Park,Purdue University,https://www.cs.purdue.edu/homes/park,3sh3er0AAAAJ
Kijun Han,Kyungpook National University,http://netopia.knu.ac.kr,QI61sTgAAAAJ
Kijung Shin,KAIST,http://kijungshin.com,Yp3Cz5AAAAAJ
Kilian Q. Weinberger,Cornell University,http://www.cs.cornell.edu/~kilian,jsxk8vsAAAAJ
Kim Binsted,University of Hawaii at Manoa,http://www2.hawaii.edu/~binsted,bd9-UG8AAAAJ
Kim G. Larsen,Aalborg University,http://www.cs.aau.dk/~kgl,neDFD60AAAAJ
Kim Guldstrand Larsen,Aalborg University,http://www.cs.aau.dk/~kgl,neDFD60AAAAJ
Kim Knudsen,DTU,https://www.compute.dtu.dk/english,NOSCHOLARPAGE
Kim Marriott,Monash University,http://monash.edu/research/explore/en/persons/kimbal-marriott(7d023b2c-6774-452b-850c-a1c3ce23cb49).html,sAjKW6oAAAAJ
Kim Steenstrup Pedersen,University of Copenhagen,http://image.diku.dk/kimstp,RzH2vKQAAAAJ
Kimmo K. Kaski,Aalto University,https://people.aalto.fi/kimmo_kaski,Cpay6fYAAAAJ
Kimmo Kaski,Aalto University,https://people.aalto.fi/kimmo_kaski,Cpay6fYAAAAJ
Kimon Fountoulakis,University of Waterloo,https://cs.uwaterloo.ca/people-profiles/kimon-fountoulakis,K-SafJUAAAAJ
Kin Hong Wong,Chinese University of Hong Kong,http://www.cse.cuhk.edu.hk/~khwong,qTcmHIcAAAAJ
Kin K. Leung,Imperial College London,http://www.commsp.ee.ic.ac.uk/~kkleung,IpG80kwAAAAJ
Kin-hong Wong,Chinese University of Hong Kong,http://www.cse.cuhk.edu.hk/~khwong,qTcmHIcAAAAJ
Kiona Ogle,Northern Arizona University,https://nau.edu/siccs/faculty/kiona-ogle,iNqaSrgAAAAJ
Kiriakos N. Kutulakos,University of Toronto,http://www.cs.toronto.edu/~kyros,NOSCHOLARPAGE
Kirill A. Sidorov,Cardiff University,https://www.cardiff.ac.uk/people/view/118163-sidorov-kirill,NOSCHOLARPAGE
Kirill Bogdanov 0002,University of Sheffield,https://www.sheffield.ac.uk/dcs/people/academic/kirill-bogdanov,7RuLDVMAAAAJ
Kirill Kogan,Ariel University,https://www.ariel.ac.il/projects/trp/GeneralInformation.asp?numRec=708&numtafrit=1&id_lang=1&d=,F7KKWfgAAAAJ
Kirill Levchenko,Univ. of Illinois at Urbana-Champaign,http://klevchen.ece.illinois.edu,bVGlTd4AAAAJ
Kirill Morozov,University of North Texas,http://www.cse.unt.edu/~morozov,NcYfeG4AAAAJ
Kirk D. Fiedler,University of South Carolina,https://sc.edu/study/colleges_schools/engineering_and_computing/faculty-staff/kirkfiedler.php,NYcJt0UAAAAJ
Kirk Fiedler,University of South Carolina,https://sc.edu/study/colleges_schools/engineering_and_computing/faculty-staff/kirkfiedler.php,NYcJt0UAAAAJ
Kirk Martinez,University of Southampton,https://www.ecs.soton.ac.uk/people/km2,Jsq0M0gAAAAJ
Kirk Pruhs,University of Pittsburgh,https://www.cs.pitt.edu/~kirk,Alc-aWoAAAAJ
Kirk W. Cameron,Virginia Tech,https://people.cs.vt.edu/~cameron,ZH1pa0EAAAAJ
Kiron K. Skinner,Carnegie Mellon University,https://www.cmu.edu/ir/cirp-people/faculty-affiliates/kiron-k-skinner.html,NOSCHOLARPAGE
Kirsten Cater,University of Bristol,https://www.cs.bris.ac.uk/~cater,NOSCHOLARPAGE
Kirsten Ellis,Monash University,http://monash.edu/research/explore/en/persons/kirsten-ellis(4f7896ec-09d2-40a7-ac03-e129e2d4523a).html,PwPbJOcAAAAJ
Kirsten F. Cater,University of Bristol,https://www.cs.bris.ac.uk/~cater,NOSCHOLARPAGE
Kirstie Hawkey,Dalhousie University,https://www.dal.ca/faculty/computerscience/faculty-staff/kirstie-hawkey.html,6KJL3-wAAAAJ
Kirstin Peterson,Cornell University,https://www.ece.cornell.edu/people/profile.cfm?netid=khp37,ESJILIEAAAAJ
Kishan G. Mehrotra,Syracuse University,http://eng-cs.syr.edu/directory,NOSCHOLARPAGE
Kishan Mehrotra,Syracuse University,http://eng-cs.syr.edu/directory,NOSCHOLARPAGE
Kishor S. Trivedi,Duke University,https://trivedi.pratt.duke.edu,fEVXhhAAAAAJ
Kishore Kothapalli,IIIT Hyderabad,https://www.iiit.ac.in/people/faculty/kkishore,fKTjFPIAAAAJ
Kishore Prahallad,IIIT Hyderabad,https://www.iiit.ac.in/people/faculty/kishore,3-8i_54AAAAJ
Kisung Lee,Louisiana State University,https://www.lsu.edu/eng/cse/people/faculty/lee.k.php,NOSCHOLARPAGE
Kitiporn Plaimas,Chulalongkorn University,http://www.bioinfo.sc.chula.ac.th/people/Kitiporn.html,NOSCHOLARPAGE
Kitty Meeks,University of Glasgow,https://www.gla.ac.uk/schools/computing/staff/kittymeeks,rrC2K4YAAAAJ
Kiyoharu Aizawa,University of Tokyo,https://www.hal.t.u-tokyo.ac.jp/~aizawa,CJRhhi0AAAAJ
Kiyohiko Nakamura,Tokyo Institute of Technology,http://www.brn.dis.titech.ac.jp/index-e.shtml,NOSCHOLARPAGE
Kiyoung Choi,Seoul National University,http://dal.snu.ac.kr/members/professor,_S_oE3gAAAAJ
Kizito Oluwaseun Salako,City University of London,https://www.city.ac.uk/people/academics/kizito-salako,NOSCHOLARPAGE
Kizito Salako,City University of London,https://www.city.ac.uk/people/academics/kizito-salako,NOSCHOLARPAGE
Kjell Orsborn,Uppsala University,https://www.it.uu.se/katalog/kjello,NOSCHOLARPAGE
Kjetil Nørvåg,NTNU,http://www.idi.ntnu.no/~noervaag,mADR4AYAAAAJ
Klara Nahrstedt,Univ. of Illinois at Urbana-Champaign,https://cs.illinois.edu/directory/profile/klara,CUO0vDcAAAAJ
Klas Nilsson,Lund University,http://cs.lth.se/klas_nilsson,NOSCHOLARPAGE
Klaus Buchenrieder,Bundeswehr University Munich,https://www.unibw.de/technische-informatik/mitarbeiter/professoren/univ-prof-ph-d-klaus-buchenrieder,NOSCHOLARPAGE
Klaus D. Maier,University of Essex,https://www.essex.ac.uk/people/mcdon01907/klaus-mcdonald-maier,xYARJTQAAAAJ
Klaus D. McDonald-Maier,University of Essex,https://www.essex.ac.uk/people/mcdon01907/klaus-mcdonald-maier,xYARJTQAAAAJ
Klaus D. Tönnies,University of Magdeburg,http://isgwww.cs.uni-magdeburg.de/bv,cXR4lJkAAAAJ
Klaus David,University of Kassel,https://www.comtec.eecs.uni-kassel.de/david,U7N4f6UAAAAJ
Klaus Dieter McDonald-Maier,University of Essex,https://www.essex.ac.uk/people/mcdon01907/klaus-mcdonald-maier,xYARJTQAAAAJ
Klaus Diller,University of Koblenz-Landau,https://www.uni-koblenz-landau.de/de/koblenz/fb4/ifm/agdiller/team/diller/klaus-diller,NOSCHOLARPAGE
Klaus Hildebrandt,TU Delft,https://graphics.tudelft.nl/klaus-hildebrandt,qYZBq5cAAAAJ
Klaus J. Buchenrieder,Bundeswehr University Munich,https://www.unibw.de/technische-informatik/mitarbeiter/professoren/univ-prof-ph-d-klaus-buchenrieder,NOSCHOLARPAGE
Klaus Jansen,University of Kiel,https://www.algo.informatik.uni-kiel.de/de/team/klaus-jansen,gaqzMHAAAAAJ
Klaus Kabitzsch,TU Dresden,https://tu-dresden.de/cdd/leitung_und_beteiligte/mitglieder/bereich-mathematik/Kabitzsch,NOSCHOLARPAGE
Klaus Marius Hansen,University of Copenhagen,http://www.diku.dk/~klausmh,6yJ09KwAAAAJ
Klaus Meer,Brandenburg University of Technology,https://www.b-tu.de/fg-theoretische-informatik/team/lehrstuhlinhaber,NOSCHOLARPAGE
Klaus Meißner,TU Dresden,https://mmt.inf.tu-dresden.de/Team/mitarbeiter.xhtml?id=66,NOSCHOLARPAGE
Klaus Meyer-Wegener,University of Erlangen–Nuremberg,https://www.cs6.tf.fau.de/lehrstuhl/personen/klaus-meyer-wegener,0Td2SfoAAAAJ
Klaus Miesenberger,JKU Linz,https://www.jku.at/institut-integriert-studieren/team/auniv-dr-klaus-miesenberger,hw-8_h4AAAAJ
Klaus Mueller,Stony Brook University,http://www3.cs.stonybrook.edu/~mueller,uya_Zb4AAAAJ
Klaus Obermayer,TU Berlin,https://www.ni.tu-berlin.de/menue/mitarbeiter/leiter_der_forschungsgruppe/obermayer_klaus/parameter/de,pGKzaMMAAAAJ
Klaus Ostermann,University of Tübingen,http://ps.informatik.uni-tuebingen.de/team/ostermann,doJ07f8oUtQC
Klaus Reinhardt,University of Halle-Wittenberg,https://www.informatik.uni-halle.de/mitarbeiter/prof._klaus_reinhardt,NOSCHOLARPAGE
Klaus Schilling 0001,University of Würzburg,http://www7.informatik.uni-wuerzburg.de/mitarbeiter/schilling,NOSCHOLARPAGE
Klaus Schmid,University of Hildesheim,https://sse.uni-hildesheim.de/mitglieder/prof-dr-rer-nat-klaus-schmid,dK9g6a4AAAAJ
Klaus Schneider 0001,TU Kaiserslautern,https://es.cs.uni-kl.de/people/schneider,NOSCHOLARPAGE
Klaus Tochtermann,University of Kiel,https://www.zbw.eu/en/research/klaus-tochtermann,2j9m_PMAAAAJ
Klaus Tönnies,University of Magdeburg,http://isgwww.cs.uni-magdeburg.de/bv,cXR4lJkAAAAJ
Klaus Turowski,University of Magdeburg,http://www.mrcc.ovgu.de/agwi/home,NOSCHOLARPAGE
Klaus U. Schulz,LMU Munich,https://www.cis.uni-muenchen.de/people/schulz.html,NOSCHOLARPAGE
Klaus Wehrle,RWTH Aachen,https://www.comsys.rwth-aachen.de/team/klaus,3jzgrIcAAAAJ
Klaus von Gleissenthall,VU Amsterdam,http://goto.ucsd.edu/~gleissen,Lc4IbnsAAAAJ
Klaus-Dieter Althoff,University of Hildesheim,https://www.uni-hildesheim.de/fb4/institute/ifi/intelligente-informationssysteme-iis/mitglieder/prof-dr-klaus-dieter-althoff,i4hdvtYAAAAJ
Klaus-Dieter Kuhnert,University of Siegen,https://fokos.de/personal/prof-dr-ing-klaus-dieter-kuhnert,NOSCHOLARPAGE
Klaus-Dietz Tönnies,University of Magdeburg,http://isgwww.cs.uni-magdeburg.de/bv,cXR4lJkAAAAJ
Klaus-Jörn Lange,University of Tübingen,https://uni-tuebingen.de/en/faculties/faculty-of-science/departments/computer-science/lehrstuehle/theoretical-computer-science/home,NOSCHOLARPAGE
Klaus-Peter Zauner,University of Southampton,https://www.ecs.soton.ac.uk/people/kpz,NOSCHOLARPAGE
Klaus-Robert Müller,TU Berlin,https://www.ml.tu-berlin.de/menue/mitglieder/klaus-robert_mueller,jplQac8AAAAJ
Klemens Böhm,Karlsruhe Institute of Technology,https://dbis.ipd.kit.edu/336.php,RzCtTjYAAAAJ
Knud Henriksen,University of Copenhagen,http://diku.dk/english/staff/?pure=en%2Fpersons%2Fknud-henriksen(3aa8e9bd-9fc3-4f59-a679-3211d362871a).html,dJvAmqwAAAAJ
Ko Nishino,Kyoto University,https://vision.ist.i.kyoto-u.ac.jp/people,SXXEZhYAAAAJ
Kobbi Nissim,Georgetown University,http://people.cs.georgetown.edu/~kobbi,U-RE8IgAAAAJ
Kobi Gal,Ben-Gurion University of the Negev,http://www.ise.bgu.ac.il/engineering/PersonalWebSite1main.aspx?id=djueVuMe,lNHuLiQAAAAJ
Kobus Barnard,University of Arizona,http://kobus.ca,fKESO6sAAAAJ
Koby Crammer,Technion,http://webee.technion.ac.il/people/koby,NOSCHOLARPAGE
Koen Claessen,Chalmers/GU,https://www.chalmers.se/en/staff/Pages/koen.aspx,-sGcY-QAAAAJ
Koen Langendoen,TU Delft,http://www.st.ewi.tudelft.nl/~koen,goNfvF8AAAAJ
Koen V. Hindriks,VU Amsterdam,http://www.koenhindriks.nl,BpwoE18AAAAJ
Koh Hosoda,Osaka University,https://www-arl.sys.es.osaka-u.ac.jp/site,5ledxpAAAAAJ
Kohei Suenaga,Kyoto University,https://www.fos.kuis.kyoto-u.ac.jp/~ksuenaga,rwSrOdwAAAAJ
Koichi Shinoda,Tokyo Institute of Technology,http://www.ks.c.titech.ac.jp/english/index.html,jsCimMgAAAAJ
Koiti Hasida,University of Tokyo,http://www.i.u-tokyo.ac.jp/edu/course/ice/members_e.shtml,NOSCHOLARPAGE
Koji Hasebe,University of Tsukuba,http://www.cs.tsukuba.ac.jp/~hasebe,NOSCHOLARPAGE
Kok Soon Tey,University of Malaya,https://umexpert.um.edu.my/koksoon,Icwg0B8AAAAJ
Kok-Ming Leung,New York University,http://engineering.nyu.edu/people/kok-ming-leung,NOSCHOLARPAGE
Kolin Paul,IIT Delhi,http://www.cse.iitd.ernet.in/~kolin,6TWEO3IAAAAJ
Komei Sugiura,Keio University,https://www.st.keio.ac.jp/en/tprofile/ics/sugiura_komei.html,1Kd0W0oAAAAJ
Konrad Froitzheim,TU Freiberg,https://tu-freiberg.de/fakult1/inf/organisation/professuren/bs-kt-prof-froitzheim,NOSCHOLARPAGE
Konrad Iwanicki,University of Warsaw,http://www.mimuw.edu.pl/~iwanicki,ALTjvpMAAAAJ
Konrad Rieck,TU Braunschweig,https://www.tu-braunschweig.de/sec/team/rieck,MrYBOTEAAAAJ
Konrad Tollmar,KTH Royal Institute of Technology,https://www.kth.se/profile/konrad,l1jt6UAAAAAJ
Konstantin Korovin,University of Manchester,http://www.cs.manchester.ac.uk/about-us/staff/profile/?ea=Konstantin.Korovin,NCNsDlYAAAAJ
Konstantin Makarychev,Northwestern University,http://www.mccormick.northwestern.edu/research-faculty/directory/profiles/makarychev-konstantin.html,NOSCHOLARPAGE
Konstantina S. Nikita,NTUA,http://www.biosim.ntua.gr/gr/people/knikita,4t9gJcUAAAAJ
Konstantinos Blekas,University of Ioannina,https://cs.uoi.gr/~kblekas,dgH4XJkAAAAJ
Konstantinos Daniilidis,University of Pennsylvania,http://www.cis.upenn.edu/~kostas,dGs2BcIAAAAJ
Konstantinos Daskalakis,Massachusetts Institute of Technology,http://people.csail.mit.edu/costis,iTv2cOgAAAAJ
Konstantinos F. Sagonas,Uppsala University,http://user.it.uu.se/~kostis,ijCSV_wAAAAJ
Konstantinos G. Derpanis,Ryerson University,http://www.scs.ryerson.ca/~kosta,3Br8x_gAAAAJ
Konstantinos Karantzalos,NTUA,http://users.ntua.gr/karank,U6t7QpsAAAAJ
Konstantinos Karydis,Univ. of California - Riverside,https://sites.google.com/site/kkaryd,4Urexvi1sIcC
Konstantinos Lambrinoudakis,University of Piraeus,https://www.ds.unipi.gr/en/faculty/clam-en,D-mfQXsAAAAJ
Konstantinos Mamouras,Rice University,https://mamouras.web.rice.edu,ZvY6VHsAAAAJ
Konstantinos Markantonakis,Royal Holloway University of London,https://pure.royalholloway.ac.uk/portal/en/persons/konstantinos-markantonakis(61472f42-bf1d-44fa-9f10-856c99997d9e).html,NygekFcAAAAJ
Konstantinos Mersinas,Royal Holloway University of London,https://pure.royalholloway.ac.uk/portal/en/persons/konstantinos-mersinas(28941450-a04a-41a9-a8f7-b2840ba0e00a).html,Zn7AzcAAAAAJ
Konstantinos Metaxiotis,University of Piraeus,https://www.unipi.gr/unipi/en/kmetax.html,NOSCHOLARPAGE
Konstantinos P. Michmizos,Rutgers University,http://combra.cs.rutgers.edu,NOSCHOLARPAGE
Konstantinos Parsopoulos,University of Ioannina,https://cs.uoi.gr/~kostasp,WoeMY3YAAAAJ
Konstantinos Pelechrinis,University of Pittsburgh,http://www.pitt.edu/~kpele,mVj8o7gAAAAJ
Konstantinos S. Metaxiotis,University of Piraeus,https://www.unipi.gr/unipi/en/kmetax.html,NOSCHOLARPAGE
Konstantinos Sagonas,Uppsala University,http://user.it.uu.se/~kostis,ijCSV_wAAAAJ
Konstantinos Tsakalidis,University of Liverpool,https://cgi.csc.liv.ac.uk/~tsakalid,ijD-PSQAAAAJ
Korin Richmond,University of Edinburgh,http://homepages.inf.ed.ac.uk/korin,C_VIkbsAAAAJ
Korlakai Vinayak Rashmi,Carnegie Mellon University,http://www.cs.cmu.edu/~rvinayak,gUO59T8AAAAJ
Kostadin Damevski,Virginia Commonwealth University,http://damevski.github.io,3f847ugAAAAJ
Kostantinos Kalpakis,Univ. of Maryland - Baltimore County,http://www.csee.umbc.edu/people/faculty/konstantinos-kalpakis,NOSCHOLARPAGE
Kostas Alexis,NTNU,http://www.kostasalexis.com,1rPSVNAAAAAJ
Kostas Blekas,University of Ioannina,https://cs.uoi.gr/~kblekas,dgH4XJkAAAAJ
Kostas Daniilidis,University of Pennsylvania,http://www.cis.upenn.edu/~kostas,dGs2BcIAAAAJ
Kostas E. Bekris,Rutgers University,http://www.pracsyslab.org/bekris,gwC7rCUAAAAJ
Kostas Kontogiannis,Western University,http://www.softlab.ntua.gr/~kkontog,gNZOUUAAAAAJ
Kostas Magoutis,University of Crete,https://www.csd.uoc.gr/~magoutis,Hqg_5AsAAAAJ
Kostas S. Metaxiotis,University of Piraeus,https://www.unipi.gr/unipi/en/kmetax.html,NOSCHOLARPAGE
Kostas Stathis,Royal Holloway University of London,https://pure.royalholloway.ac.uk/portal/en/persons/kostas-stathis_7f422719-142b-409c-97a8-f3efd9113f6d.html,6Kwf-xkAAAAJ
Kostas Vlachos,University of Ioannina,https://cs.uoi.gr/~kostaswl,JL-zo2UAAAAJ
Kostis P. Michmizos,Rutgers University,http://combra.cs.rutgers.edu,NOSCHOLARPAGE
Kostis Sagonas,Uppsala University,http://user.it.uu.se/~kostis,ijCSV_wAAAAJ
Kosuke Sato,Osaka University,http://kosuke-sato.jimdo.com,NOSCHOLARPAGE
Kotagiri Ramamohanarao,University of Melbourne,http://findanexpert.unimelb.edu.au/display/person16028,UrYhkwQAAAAJ
Kotaro Hara,Singapore Management University,https://sis.smu.edu.sg/faculty/profile/153351/HARA-Kotaro,Uc5mFiQAAAAJ
Kotaro Kataoka,IIT Hyderabad,http://cse.iith.ac.in/profile/faculty/kotaro,uAuKJY4AAAAJ
Koteswar Rao Jerripothula,IIIT Delhi,https://sites.google.com/site/koteswarraojerripothula,QgTEe-gAAAAJ
Kourosh Neshatian,University of Canterbury,http://www.cosc.canterbury.ac.nz/kourosh.neshatian,NOSCHOLARPAGE
Kousha Etessami,University of Edinburgh,http://homepages.inf.ed.ac.uk/kousha,_rUcw0EAAAAJ
Koushik Maharatna,University of Southampton,https://www.ecs.soton.ac.uk/people/km1j06,9lfTPQ0AAAAJ
Koushik Sen,Univ. of California - Berkeley,http://www.eecs.berkeley.edu/Faculty/Homepages/ksen.html,Vn3L_ioAAAAJ
Kouta Minamizawa,Keio University,http://embodiedmedia.org/member/kouta-minamizawa,gxCL2_wAAAAJ
Krasimir Angelov,Chalmers/GU,https://www.chalmers.se/en/staff/Pages/krasimir-angelov.aspx,NOSCHOLARPAGE
Kris Bubendorfer,Victoria University of Wellington,http://ecs.victoria.ac.nz/Main/KrisBubendorfer,PufVt-8AAAAJ
Kris Hauser,Univ. of Illinois at Urbana-Champaign,http://cs.illinois.edu/directory/profile/kkhauser,-sGaL8sAAAAJ
Kris K. Hauser,Univ. of Illinois at Urbana-Champaign,http://cs.illinois.edu/directory/profile/kkhauser,-sGaL8sAAAAJ
Kris Pister,Univ. of California - Berkeley,https://www2.eecs.berkeley.edu/Faculty/Homepages/pister.html,NOSCHOLARPAGE
Krishna K. Venkatasubramanian,Worcester Polytechnic Institute,http://hibou.cs.wpi.edu/~kven/wordpress,PFlrXooAAAAJ
Krishna Kant 0001,Temple University,http://www.kkant.net,sME_06YAAAAJ
Krishna Kavi,University of North Texas,http://www.csrl.unt.edu/kavi,Q1xQdWUAAAAJ
Krishna Kumar Venkatasubramanian,Worcester Polytechnic Institute,http://hibou.cs.wpi.edu/~kven/wordpress,PFlrXooAAAAJ
Krishna M. Kavi,University of North Texas,http://www.csrl.unt.edu/kavi,Q1xQdWUAAAAJ
Krishna M. Sivalingam,IIT Madras,http://www.cse.iitm.ac.in/~skrishnam,aQVHUU8AAAAJ
Krishna Narayanan 0001,Texas A&M University,http://www.ece.tamu.edu/~krn,oDivxXQAAAAJ
Krishna P. Gummadi [SWS],Max Planck Society,https://www.mpi-sws.org/~gummadi,Bz3APTsAAAAJ
Krishna P. Miyapuram,IIT Gandhinagar,http://cogs.iitgn.ac.in/people/faculty/krishna-miyapuram,R20YmxkAAAAJ
Krishna Prasad Miyapuram,IIT Gandhinagar,http://cogs.iitgn.ac.in/people/faculty/krishna-miyapuram,R20YmxkAAAAJ
Krishna R. Narayanan,Texas A&M University,http://www.ece.tamu.edu/~krn,oDivxXQAAAAJ
Krishna Shankara Narayanan,IIT Bombay,https://www.cse.iitb.ac.in/~krishnas,14JlaZsAAAAJ
Krishna V. Palem,Rice University,http://www.cs.rice.edu/~kvp1,TW6dnZUAAAAJ
Krishnamoorthy Sivakumar,Washington State University,http://www.eecs.wsu.edu/~siva,bEic8SsAAAAJ
Krishnan Prasad,IIIT Hyderabad,https://www.iiit.ac.in/people/faculty/prasad.krishnan,tRbRF34AAAAJ
Krishnendu Chakrabarty,Duke University,http://people.ee.duke.edu/~krish,R_VPUyEAAAAJ
Krishnendu Chatterjee,IST Austria,http://pub.ist.ac.at/~kchatterjee,1kaW8bwAAAAJ
Kristen B. Venable,Tulane University,http://www2.tulane.edu/sse/cs/faculty/k-brent-venable.cfm,iqkTonoAAAAJ
Kristen Brent Venable,Tulane University,http://www2.tulane.edu/sse/cs/faculty/k-brent-venable.cfm,iqkTonoAAAAJ
Kristen Johnson,Michigan State University,https://www.egr.msu.edu/people/profile/kristenj,iHeTIZEAAAAJ
Kristen Shinohara,Rochester Institute of Technology,http://www.kristenshinohara.com,phGrIKYAAAAJ
Kristen Vaccaro,Univ. of California - San Diego,http://kvaccaro.com,O5s8ApsAAAAJ
Kristen Walcott-Justice,UCCS,http://cs.uccs.edu/~kjustice,5QcR0JYAAAAJ
Kristian G. Olesen,Aalborg University,http://people.cs.aau.dk/~kgo/cv.html,qrPdfAcAAAAJ
Kristian J. Hammond,Northwestern University,http://www.mccormick.northwestern.edu/research-faculty/directory/profiles/hammond-kristian.html,c324JbkAAAAJ
Kristian Kersting,TU Darmstadt,http://www.ml.informatik.tu-darmstadt.de,QY-earAAAAAJ
Kristian M. Müller,Bielefeld University,https://ekvv.uni-bielefeld.de/pers_publ/publ/PersonDetail.jsp?personId=37324073&lang=en,AZ7oPkcAAAAJ
Kristian Torp,Aalborg University,http://people.cs.aau.dk/~torp,EusRZN0AAAAJ
Kristian Uldall Kristiansen,DTU,https://www.compute.dtu.dk/english,NOSCHOLARPAGE
Kristin J. Dana,Rutgers University,https://www.ece.rutgers.edu/~kdana,FLmgLo0AAAAJ
Kristina Vuskovic,University of Leeds,https://eps.leeds.ac.uk/computing/staff/249/professor-kristina-vuskovic,NOSCHOLARPAGE
Kristof Van Laerhoven,University of Siegen,https://www.eti.uni-siegen.de/ubicomp/home/team/kristof.html.en?lang=en,iPI39lEAAAAJ
Kristofer S. J. Pister,Univ. of California - Berkeley,https://www2.eecs.berkeley.edu/Faculty/Homepages/pister.html,NOSCHOLARPAGE
Kristoffer Arnsfelt Hansen,Aarhus University,http://www.cs.au.dk/~arnsfelt,QttFU2YAAAAJ
Kristoffer H. Madsen,DTU,https://www.compute.dtu.dk/english,NOSCHOLARPAGE
Kristoffer Hougaard Madsen,DTU,https://www.compute.dtu.dk/english,NOSCHOLARPAGE
Kristopher K. Micinski,Syracuse University,http://kmicinski.com,HpJLJWUAAAAJ
Kristy Boyer,North Carolina State University,https://www.csc.ncsu.edu/people/keboyer,HWSuYAEAAAAJ
Kristy Elizabeth Boyer,North Carolina State University,https://www.csc.ncsu.edu/people/keboyer,HWSuYAEAAAAJ
Krithi Ramamritham,IIT Bombay,http://cuse.iitb.ac.in/people/faculty/krithi-ramamritham,LFLG5pcAAAAJ
Krothapalli S. Rao,IIT Kharagpur,https://cse.iitkgp.ac.in/~ksrao,TATEL2EAAAAJ
Krothapalli Sreenivasa Rao,IIT Kharagpur,https://cse.iitkgp.ac.in/~ksrao,TATEL2EAAAAJ
Krung Sinapiromsaran,Chulalongkorn University,http://pioneer.netserv.chula.ac.th/~skrung,Pqic3LgAAAAJ
Krys J. Kochut,University of Georgia,http://cobweb.cs.uga.edu/~kochut,NOSCHOLARPAGE
Krys Kochut,University of Georgia,http://cobweb.cs.uga.edu/~kochut,NOSCHOLARPAGE
Krzysztof Diks,University of Warsaw,https://www.mimuw.edu.pl/osoba/291,I0Cd4eYAAAAJ
Krzysztof Gajos,Harvard University,http://www.eecs.harvard.edu/~kgajos,MnnERiQAAAAJ
Krzysztof J. Cios,Virginia Commonwealth University,http://cioslab.vcu.edu/index.html,hrWVmoAAAAAJ
Krzysztof J. Kochut,University of Georgia,http://cobweb.cs.uga.edu/~kochut,NOSCHOLARPAGE
Krzysztof Jozef Cios,Virginia Commonwealth University,http://cioslab.vcu.edu/index.html,hrWVmoAAAAAJ
Krzysztof Kuchcinski,Lund University,http://cs.lth.se/krzysztof_kuchcinski,NOSCHOLARPAGE
Krzysztof Lorys,University of Wroclaw,http://www.ii.uni.wroc.pl/~lorys,NOSCHOLARPAGE
Krzysztof Pawlikowski,University of Canterbury,http://www.cosc.canterbury.ac.nz/krys.pawlikowski,_kwcKaYAAAAJ
Krzysztof Pietrzak,IST Austria,https://ist.ac.at/research/research-groups/pietrzak-group,uEjyGZUAAAAJ
Krzysztof R. Apt,University of Warsaw,http://www.bokus.com/bok/9780521866286/constraint-logic-programming-using-eclipse,80M1xD0AAAAJ
Krzysztof Rzadca,University of Warsaw,http://www.mimuw.edu.pl/~krzadca,ctiDQxUAAAAJ
Krzysztof Stencel,University of Warsaw,http://uw.academia.edu/KrzysztofStencel,393Ddr0AAAAJ
Krzysztof Z. Gajos,Harvard University,http://www.eecs.harvard.edu/~kgajos,MnnERiQAAAAJ
Ku-Jin Kim,Kyungpook National University,http://bh.knu.ac.kr/~kujinkim,yD2zLvYAAAAJ
Kuan Cheng,Peking University,https://sites.google.com/site/ckkcdh/home,cHneZMEAAAAJ
Kuan-Wen Chen,National Chiao Tung University,http://www.cs.nctu.edu.tw/~kuanwen,2kfjkmEAAAAJ
Kuanquan Wang,Harbin Institute of Technology,http://homepage.hit.edu.cn/wangkuanquan,FMb0GfYAAAAJ
Kudakwashe Dube,Massey University,http://www.massey.ac.nz/massey/expertise/profile.cfm?stref=844040,XKD3U7gAAAAJ
Kui Ren 0001,Zhejiang University,https://person.zju.edu.cn/kuiren,uuQA_rcAAAAJ
Kui Wu 0001,University of Victoria,http://www.cs.uvic.ca/~wkui,YW2PefUAAAAJ
Kuk-Jin Yoon,KAIST,http://vi.kaist.ac.kr,1NvBj_gAAAAJ
Kuldeep Kumar,BITS Pilani,http://www.bits-pilani.ac.in/pilani/kuldeep/profile,RdiHr7UAAAAJ
Kuldeep S. Meel,National University of Singapore,https://www.comp.nus.edu.sg/~meel,bvW5Hs8AAAAJ
Kuldeep Singh Meel,National University of Singapore,https://www.comp.nus.edu.sg/~meel,bvW5Hs8AAAAJ
Kumiko Tanaka,University of Tokyo,http://www.rcast.u-tokyo.ac.jp/research/people/staff-tanaka-ishii_kumiko_en.html,NOSCHOLARPAGE
Kumiko Tanaka-Ishii,University of Tokyo,http://www.rcast.u-tokyo.ac.jp/research/people/staff-tanaka-ishii_kumiko_en.html,NOSCHOLARPAGE
Kun Xie 0001,Hunan University,https://cskxie.github.io,2cfH6_0AAAAJ
Kun Xu 0003,Tsinghua University,http://cg.cs.tsinghua.edu.cn/people/~kun,dRlBzscAAAAJ
Kun Yang 0001,University of Essex,https://www.essex.ac.uk/people/yangk82907/kun-yang,qpe3iUkAAAAJ
Kun Zhang 0001,Carnegie Mellon University,https://www.cmu.edu/dietrich/philosophy/people/faculty/zhang.html,RGoypN4AAAAJ
Kun Zhou 0001,Zhejiang University,http://mypage.zju.edu.cn/kunzhou,N-iYby0AAAAJ
Kun-Mao Chao,National Taiwan University,https://www.csie.ntu.edu.tw/~kmchao,rkpVQI4AAAAJ
Kun-Pyo Lee,KAIST,http://dpl.kaist.ac.kr/people,NOSCHOLARPAGE
Kun-Ta Chuang,National Cheng Kung University,http://www.csie.ncku.edu.tw/ncku_csie/depmember/teacherdetail/id/35,f1ENUEQAAAAJ
Kun-chan Lan,National Cheng Kung University,http://www.csie.ncku.edu.tw/ncku_csie/depmember/teacherdetail/id/27,NOSCHOLARPAGE
Kunal Agrawal,Washington University in St. Louis,http://www.cse.wustl.edu/~kunal,W362rUwAAAAJ
Kunal Dutta,University of Warsaw,https://www.mimuw.edu.pl/~kdutta,1K29GoUAAAAJ
Kung-Kiu Lau,University of Manchester,http://www.cs.man.ac.uk/~kung-kiu,NOSCHOLARPAGE
Kunihiko Sadakane,University of Tokyo,http://www.tkl.iis.u-tokyo.ac.jp/FIRST/members/sadakane.en.html,yh2tWLIAAAAJ
Kunle Olukotun,Stanford University,http://arsenalfc.stanford.edu/kunle,IzXDyR8AAAAJ
Kunqing Xie,Peking University,http://www.cis.pku.edu.cn/faculty/system/xiekunqing/english.htm,NOSCHOLARPAGE
Kunsoo Park,Seoul National University,http://theory.snu.ac.kr/?page_id=982,StNl-UAAAAAJ
Kuo Chen,University of Southern Mississippi,https://www.usm.edu/computing/faculty/kuo-chen,NOSCHOLARPAGE
Kuo-Chen Wang,National Chiao Tung University,http://mbl.cs.nctu.edu.tw,NOSCHOLARPAGE
Kuo-Cheng Wang,National Chiao Tung University,http://mbl.cs.nctu.edu.tw,NOSCHOLARPAGE
Kurt Driessens,Maastricht University,https://www.maastrichtuniversity.nl/kurt.driessens,rlUZtakAAAAJ
Kurt E. Oughstun,University of Vermont,http://www.cems.uvm.edu/~oughstun,lmYBo-oAAAAJ
Kurt Geihs,University of Kassel,http://www.uni-kassel.de/eecs/fachgebiete/vs/team/kge-detail-page/person/578-Kurt-Geihs.html,JsrZG2YAAAAJ
Kurt Jensen,Aarhus University,http://pure.au.dk/portal/en/persons/kurt-jensen(40695a62-b356-4d94-b437-4db0be203bdc).html,OLXJpH8AAAAJ
Kurt Keutzer,Univ. of California - Berkeley,https://people.eecs.berkeley.edu/~keutzer,IzaagZkAAAAJ
Kurt Luther,Virginia Tech,https://www.kurtluther.com,b8cNEHwAAAAJ
Kurt Mehlhorn [INF],Max Planck Society,https://www.mpi-inf.mpg.de/~mehlhorn,28CWXPUAAAAJ
Kurt Nørmark,Aalborg University,http://people.cs.aau.dk/~normark,5L7St-cAAAAJ
Kurt Otto,Uppsala University,http://www.it.uu.se/katalog/kurt,NOSCHOLARPAGE
Kurt Rohloff,NJIT,https://web.njit.edu/~rohloff,N5fPp3YAAAAJ
Kurt Rothermel,University of Stuttgart,https://www.ipvs.uni-stuttgart.de/abteilungen/vs/abteilung/mitarbeiter/kurt.rothermel,LWI2KAMAAAAJ
Kurt Sandkuhl,University of Rostock,https://www.wirtschaftsinformatik.uni-rostock.de/lehrstuhl/team/professoren/prof-dr-kurt-sandkuhl,5MxuPr4AAAAJ
Kurt Schneider,University of Hannover,http://www.se.uni-hannover.de/pages/de:mitarbeiter_kurt_schneider,Jlu_3qcAAAAJ
Kurt VanLehn,Arizona State University,http://www.public.asu.edu/~kvanlehn,hjYT3JYAAAAJ
Kwan Hui Lim 0001,SUTD,https://sites.google.com/site/limkwanhui,K3oGQ4QAAAAJ
Kwan Woo Ryu,Kyungpook National University,http://isaac.knu.ac.kr,NOSCHOLARPAGE
Kwan-Liu Ma,Univ. of California - Davis,http://www.cs.ucdavis.edu/~ma,LgL2HpkAAAAJ
Kwan-Yee K. Wong,University of Hong Kong,https://i.cs.hku.hk/~kykwong,Dxpvy4EAAAAJ
Kwan-Yee Kenneth Wong,University of Hong Kong,https://i.cs.hku.hk/~kykwong,Dxpvy4EAAAAJ
Kwang In Kim,UNIST,https://researchportal.bath.ac.uk/en/persons/kwang-in-kim,0wIdMGEAAAAJ
Kwang Moo Yi,University of British Columbia,https://cs.ubc.ca/~kmyi,pr6rIJEAAAAJ
Kwang-Sung Jun,University of Arizona,https://kwangsungjun.github.io,VgvC7o8AAAAJ
Kwang-Ting (Tim) Cheng,HKUST,http://www.ust.hk/about-hkust/senior-adm/dean-of-engineering,NOSCHOLARPAGE
Kwang-Ting Cheng,HKUST,http://www.ust.hk/about-hkust/senior-adm/dean-of-engineering,NOSCHOLARPAGE
KwangSoo Yang,Florida Atlantic University,http://faculty.eng.fau.edu/yangk/home/index.html,ou-o00sAAAAJ
Kwanghoon Sohn,Yonsei University,http://diml.yonsei.ac.kr,zEtk0QsAAAAJ
Kwangjo Kim,KAIST,http://caislab.kaist.ac.kr/kkj,ENIkgBkAAAAJ
Kwangkeun Yi,Seoul National University,http://ropas.snu.ac.kr/~kwang,VddKJ_wAAAAJ
Kwangtaek Kim,Kent State University,https://www.kent.edu/cs/kwangtaek-kim,itUoRvUAAAAJ
Kwanguk Kim,Hanyang University,http://hci.dothome.co.kr/xe/Professor,NOSCHOLARPAGE
Kwang­Moo Choe,KAIST,http://adamant.kaist.ac.kr,NOSCHOLARPAGE
Kwoh Chee Keong,Nanyang Technological University,http://www.ntu.edu.sg/home/asckkwoh,jVn0wDMAAAAJ
Kwoh Chee Keong 0001,Nanyang Technological University,http://www.ntu.edu.sg/home/asckkwoh,jVn0wDMAAAAJ
Kwok-Ping Chan,University of Hong Kong,https://i.cs.hku.hk/~kpchan,oas17QIAAAAJ
Kwok-Wai Cheung 0001,Hong Kong Baptist University,http://www.comp.hkbu.edu.hk/~william,e42JkYIAAAAJ
Kwok-Wai Hung,Shenzhen University,http://www.escience.cn/people/kwhung/index.html,61DydQUAAAAJ
Kwok-Yan Lam,Nanyang Technological University,http://research.ntu.edu.sg/expertise/academicprofile/Pages/StaffProfile.aspx?ST_EMAILID=KWOKYAN.LAM,NOSCHOLARPAGE
Kwong-Sak Leung,Chinese University of Hong Kong,http://www.cs.cuhk.edu.hk/~ksleung,x--r9cIAAAAJ
Kyla A. McMullen,University of Florida,https://www.cise.ufl.edu/people/faculty/kyla,DzvXnyoAAAAJ
Kyle C. Hale,Illinois Institute of Technology,https://science.iit.edu/people/faculty/kyle-hale,zYAOJqwAAAAJ
Kyle Fox,University of Texas at Dallas,http://utdallas.edu/~kyle.fox,7TKz5UgAAAAJ
Kyle Jamieson,Princeton University,https://www.cs.princeton.edu/~kylej,NOSCHOLARPAGE
Kyle K. Rector,University of Iowa,https://homepage.cs.uiowa.edu/~krector,oSHTlC4AAAAJ
Kyle Rector,University of Iowa,https://homepage.cs.uiowa.edu/~krector,oSHTlC4AAAAJ
Kyle Winfree,Northern Arizona University,https://nau.edu/siccs/faculty/kyle-winfree,JHtMG2QAAAAJ
Kylie A. Peppler,Univ. of California - Irvine,http://kpeppler.com,FACtCgUAAAAJ
Kylie Peppler,Univ. of California - Irvine,http://kpeppler.com,FACtCgUAAAAJ
Kyo Chul Kang,POSTECH,https://cse.postech.ac.kr/kck,NOSCHOLARPAGE
Kyogu Lee,Seoul National University,http://marg.snu.ac.kr,Fk4jQFEAAAAJ
Kyomin Jung,Seoul National University,http://milab.snu.ac.kr/kjung/index.html,u3uMl4MAAAAJ
Kyong Hoon Kim,Kyungpook National University,http://rtc.knu.ac.kr,NOSCHOLARPAGE
Kyong-Ho Lee,Yonsei University,http://icl.yonsei.ac.kr/member-prof.html,xFohNkYAAAAJ
Kyoung Mu Lee,Seoul National University,https://cv.snu.ac.kr/~kmlee,Hofj9kAAAAAJ
Kyoung-Don Kang,Binghamton University,https://www.binghamton.edu/cs/people/kang.html,5Qrq3p0AAAAJ
KyoungSoo Park,KAIST,https://www.ndsl.kaist.edu/~kyoungsoo,ZrPrFicAAAAJ
Kyoungwoo Lee,Yonsei University,http://dclab.yonsei.ac.kr/kwlee,eM9Nv7UAAAAJ
Kyriakos Mouratidis,Singapore Management University,https://www.smu.edu.sg/faculty/profile/9633/Kyriakos-MOURATIDIS,vq5oTnEAAAAJ
Kyros Kutulakos,University of Toronto,http://www.cs.toronto.edu/~kyros,NOSCHOLARPAGE
Kyu Hyung Lee,University of Georgia,http://cobweb.cs.uga.edu/~kyuhlee,oHcacuIAAAAJ
Kyu Min Lee,Worcester Polytechnic Institute,http://web.cs.wpi.edu/~kmlee,zQKRsSEAAAAJ
Kyu-Young Whang,KAIST,http://dblab.kaist.ac.kr/Prof/main_eng.html,LZSo1YEAAAAJ
Kyumin Lee,Worcester Polytechnic Institute,http://web.cs.wpi.edu/~kmlee,zQKRsSEAAAAJ
KyungHyun Cho,New York University,http://www.kyunghyuncho.me,0RAmmIAAAAAJ
Kyungdon Joo,UNIST,https://kdjoo369.wixsite.com/kdjoo,hNxIPzMAAAAJ
Kyunghan Lee,Seoul National University,http://nxc.snu.ac.kr,IwQCRuQAAAAJ
Kyunghyun Cho,New York University,http://www.kyunghyuncho.me,0RAmmIAAAAAJ
Kyungim Baek,University of Hawaii at Manoa,http://www2.hawaii.edu/~kyungim,NOSCHOLARPAGE
Kyungmin Bae,POSTECH,http://sevlab.postech.ac.kr/~kmbae,RfWIHGsAAAAJ
Kyungshik Lim,Kyungpook National University,http://wicom.knu.ac.kr,NOSCHOLARPAGE
Kyuseok Shim,Seoul National University,http://kdd.snu.ac.kr/~shim,3Y254i4AAAAJ
