name,affiliation,homepage,scholarid
E. Allen Emerson,University of Texas at Austin,http://www.cs.utexas.edu/~emerson,NOSCHOLARPAGE
E. C. Xavier,UNICAMP,http://www.ic.unicamp.br/~ecx,JMx0rAMAAAAJ
E. J. Yannakoudakis,AUEB,http://www.aueb.gr/Users/yannakoudakis/english,37tD5JsAAAAJ
E. James Whitehead Jr.,Univ. of California - Santa Cruz,https://www.soe.ucsc.edu/people/ejw,_2UkAYEAAAAJ
E. N. Cáceres,UFMS,https://www.facom.ufms.br/~edson,NOSCHOLARPAGE
E. N. Elnozahy,KAUST,https://www.kaust.edu.sa/en/study/faculty/mootaz-elnozahy,3jLwtgkAAAAJ
E.M.J. Huis in 't Veld,Tilburg University,https://www.tilburguniversity.edu/webwijs/show/e.m.j.huisintveld.htm,NOSCHOLARPAGE
Eakta Jain,University of Florida,http://www.cise.ufl.edu/~ejain,5ouAiisAAAAJ
Eamonn J. Keogh,Univ. of California - Riverside,http://www.cs.ucr.edu/~eamonn,slVcOQIAAAAJ
Eamonn O'Neill,University of Bath,http://www.bath.ac.uk/comp-sci/contacts/academics/eamonn_oneill,1m173DEAAAAJ
Eamonn O. Nuallain,Trinity College Dublin,https://www.tcd.ie/research/profiles/?profile=ONUALLAE,NOSCHOLARPAGE
Earl T. Barr,University College London,http://earlbarr.com,lSvqKPkAAAAJ
Earlence Fernandes,Univ. of California - San Diego,http://earlence.com,OSPeHGAAAAAJ
Earnest Paul Ijjina,National Institute of Technology Warangal,https://wsdc.nitw.ac.in/facultynew/facultyprofile/id/16915,OVWm3v8AAAAJ
Eatai Roth,Indiana University,http://www.eatairoth.com,Wf_rspwAAAAJ
Eberhard Zehendner,Friedrich Schiller University Jena,http://www2.informatik.uni-jena.de/~nez,NOSCHOLARPAGE
Ebroul Izquierdo,Queen Mary University of London,http://mmv.eecs.qmul.ac.uk/Ebroul,cyiYJhMAAAAJ
Ebru Akcapinar Sezer,Hacettepe University,http://yunus.hacettepe.edu.tr/~ebru,0xMgS9AAAAAJ
Ebru Akçapinar Sezer,Hacettepe University,http://yunus.hacettepe.edu.tr/~ebru,0xMgS9AAAAAJ
Ebru Aydin Gol,Middle East Technical University,http://user.ceng.metu.edu.tr/~ebru/wordpress,iO5JVYIAAAAJ
Ebru Aydin Göl,Middle East Technical University,http://user.ceng.metu.edu.tr/~ebru/wordpress,iO5JVYIAAAAJ
Ebru Gökalp,Hacettepe University,http://web.cs.hacettepe.edu.tr/~ebrugokalp,iDmoPK8AAAAJ
Ebubekir Avci,Massey University,https://www.massey.ac.nz/massey/learning/colleges/college-of-sciences/staff-list.cfm?stref=288350,Q1gDTVgAAAAJ
Eck Doerry,Northern Arizona University,https://www.cefns.nau.edu/~edo,NOSCHOLARPAGE
Eckehard Steinbach,TU Munich,https://campus.tum.de/tumonline/ee/ui/ca2/app/desktop/#/pl/ui/$ctx/visitenkarte.show_vcard?$ctx=design=ca2;header=max;lang=de&pPersonenGruppe=3&pPersonenId=7A6220365686FFC6,TB6o7YsAAAAJ
Eckhard Grass,Humboldt University of Berlin,https://www.informatik.hu-berlin.de/de/forschung/gebiete/bbk/modul-bbk,NOSCHOLARPAGE
Ed F. Deprettere,Leiden University,https://www.universiteitleiden.nl/en/staffmembers/ed-deprettere/publications#tab-1,NOSCHOLARPAGE
Ed Keedwell,University of Exeter,http://emps.exeter.ac.uk/computer-science/staff/eckeedwe,lApWCPUAAAAJ
Ed Lazowska,University of Washington,http://www.cs.washington.edu/people/faculty/lazowska,NhY4TT4AAAAJ
Eddie Kohler,Harvard University,http://read.seas.harvard.edu/~kohler,VMihW8oAAAAJ
Eddy Caron,Ecole Normale Superieure de Lyon,http://graal.ens-lyon.fr/~ecaron,9C4wZBsAAAAJ
Eddy Ilg,Saarland University,https://cvmp.cs.uni-saarland.de/#eddy-ilg,MYvSvGsAAAAJ
Eddy Z. Zhang,Rutgers University,http://www.cs.rutgers.edu/~zz124,uL470LwAAAAJ
Eddy Zheng Zhang,Rutgers University,http://www.cs.rutgers.edu/~zz124,uL470LwAAAAJ
Edel Sherratt,Aberystwyth University,https://www.aber.ac.uk/en/cs/staff-profiles/listing/profile/eds,NOSCHOLARPAGE
Edgar Gabriel,University of Houston,http://www2.cs.uh.edu/~gabriel,_82EhT4AAAAJ
Edgar Galván,Maynooth University,https://www.cs.nuim.ie/~egalvan/,IhjtFn0AAAAJ
Edgar R. Weippl,University of Vienna,https://sec.cs.univie.ac.at/team/person/83163,YU1wAV0AAAAJ
Edgar Simo-Serra,Waseda University,https://esslab.jp/~ess/en,2bDu3ecAAAAJ
Edison P. de Freitas,UFRGS,http://inf.ufrgs.br/~epfreitas,d6vo3uwAAAAJ
Edison Pignaton,UFRGS,http://inf.ufrgs.br/~epfreitas,d6vo3uwAAAAJ
Edison Pignaton de Freitas,UFRGS,http://inf.ufrgs.br/~epfreitas,d6vo3uwAAAAJ
Edith C. H. Ngai,Uppsala University,http://user.it.uu.se/~eding810,jFt4ZtUAAAAJ
Edith Cheuk-Han Ngai,Uppsala University,http://user.it.uu.se/~eding810,jFt4ZtUAAAAJ
Edith Elkind,University of Oxford,https://www.cs.ox.ac.uk/people/edith.elkind,MsGRzsoAAAAJ
Edith Hemaspaandra,Rochester Institute of Technology,https://www.cs.rit.edu/~eh,Z9W_SPAAAAAJ
Edith L. M. Law,University of Waterloo,http://edithlaw.ca,OOssnq8AAAAJ
Edith Law,University of Waterloo,http://edithlaw.ca,OOssnq8AAAAJ
Edith Spaan,Rochester Institute of Technology,https://www.cs.rit.edu/~eh,Z9W_SPAAAAAJ
Edmond Chow,Georgia Institute of Technology,http://www.cc.gatech.edu/~echow,NOSCHOLARPAGE
Edmund A. Lamagna,University of Rhode Island,https://web.uri.edu/cs/meet/edmund-lamagna/,NOSCHOLARPAGE
Edmund H. Durfee,University of Michigan,http://ai.eecs.umich.edu/people/durfee,NOSCHOLARPAGE
Edmund S. Yu,Syracuse University,http://eng-cs.syr.edu/our-departments/electrical-engineering-and-computer-science/people,0uelS_AAAAAJ
Edmund T. Rolls,University of Warwick,https://warwick.ac.uk/fac/sci/dcs/people/edmund_rolls,4tIgOKsAAAAJ
Edmundo Albuquerque de Souza e Silva,UFRJ,http://www.land.ufrj.br/~edmundo,r9ngIuMAAAAJ
Edmundo R. M. Madeira,UNICAMP,http://www.ic.unicamp.br/~edmundo,NOSCHOLARPAGE
Edmundo Roberto Mauro Madeira,UNICAMP,http://www.ic.unicamp.br/~edmundo,NOSCHOLARPAGE
Edmundo de Souza e Silva,UFRJ,http://www.land.ufrj.br/~edmundo,r9ngIuMAAAAJ
Edna Barros,UFPE,https://www.cin.ufpe.br/~ensb,HCGd3n0AAAAJ
Edna Natividade da Silva Barros,UFPE,https://www.cin.ufpe.br/~ensb,HCGd3n0AAAAJ
Edoardo Biagioni,University of Hawaii at Manoa,http://www2.hawaii.edu/~esb,Ls94lsAAAAAJ
Edoardo M. Ponti,University of Edinburgh,https://ducdauge.github.io/,tklL2q0AAAAJ
Edoardo Maria Ponti,University of Edinburgh,https://ducdauge.github.io/,tklL2q0AAAAJ
Edoardo S. Biagioni,University of Hawaii at Manoa,http://www2.hawaii.edu/~esb,Ls94lsAAAAAJ
Edoardo Serra,Boise State University,https://sites.google.com/site/serraedoardo,9FRe3hcAAAAJ
Edouard Amouroux,RMIT University,https://scholar.google.com/citations?user=XfUV3XAAAAAJ,XfUV3XAAAAAJ
Edouard Bugnion,EPFL,https://people.epfl.ch/edouard.bugnion,8ztj2yEAAAAJ
Edriss S. Titi,Weizmann Institute of Science,https://www.weizmann.ac.il/pages/search/people?language=english&single=1&person_id=3990,VrQC0_gAAAAJ
Edson Borin,UNICAMP,http://www.ic.unicamp.br/~edson,dZAu_PkAAAAJ
Edson Cáceres,UFMS,https://www.facom.ufms.br/~edson,NOSCHOLARPAGE
Edson Norberto Cáceres,UFMS,https://www.facom.ufms.br/~edson,NOSCHOLARPAGE
Edson Prestes,UFRGS,http://www.inf.ufrgs.br/~prestes,NOSCHOLARPAGE
Edson Prestes e Silva Jr.,UFRGS,http://www.inf.ufrgs.br/~prestes,NOSCHOLARPAGE
Edson Takashi Matsubara,UFMS,https://www.facom.ufms.br/~edsontm,-IkaSwy0boIC
Edson dos Santos Moreira,USP-ICMC,http://conteudo.icmc.usp.br/pessoas/edson,QisD2NoAAAAJ
Eduard Ayguadé,Polytechnic University of Catalonia,http://people.ac.upc.edu/eduard,lEho8pkAAAAJ
Eduard Ayguadé Parra,Polytechnic University of Catalonia,http://people.ac.upc.edu/eduard,lEho8pkAAAAJ
Eduard C. Dragut,Temple University,https://cis.temple.edu/~edragut,NOSCHOLARPAGE
Eduard Constantin Dragut,Temple University,https://cis.temple.edu/~edragut,NOSCHOLARPAGE
Eduard Eiben,Royal Holloway University of London,https://pure.royalholloway.ac.uk/portal/en/persons/eduard-eiben(9ee8fd8f-cbc6-4365-bda4-79850f62e36d).html,VzCxpJcAAAAJ
Eduard Gröller,TU Wien,https://www.cg.tuwien.ac.at/staff/EduardGroeller.html,eBsjFlIAAAAJ
Eduard Mehofer,University of Vienna,https://cs.univie.ac.at/eduard.mehofer,NOSCHOLARPAGE
Eduardo Alonso,City University of London,https://www.city.ac.uk/people/academics/eduardo-alonso#profile=publications,b48-mXoAAAAJ
Eduardo Antonio Guimarães Tavares,UFPE,https://www.cin.ufpe.br/~eagt,NOSCHOLARPAGE
Eduardo Blanco 0002,University of Arizona,https://eduardoblanco.github.io/,AqGa3-MAAAAJ
Eduardo Bonelli,Stevens Institute of Technology,https://www.cs.stevens.edu/~ebonelli,EGjxtngAAAAJ
Eduardo C. Xavier,UNICAMP,http://www.ic.unicamp.br/~ecx,JMx0rAMAAAAJ
Eduardo Candido Xavier,UNICAMP,http://www.ic.unicamp.br/~ecx,JMx0rAMAAAAJ
Eduardo Cotilla Sanchez,Oregon State University,http://eecs.oregonstate.edu/people/cotilla-sanchez-eduardo,tEN0VeMAAAAJ
Eduardo Cunha De Almeida,UFPR,https://www.inf.ufpr.br/eduardo,gHAq6Y0AAAAJ
Eduardo E. Veas,Graz University of Technology,https://www.tugraz.at/institutes/icg/institute/people,-78yV4YAAAAJ
Eduardo Fernández,Florida Atlantic University,http://faculty.eng.fau.edu/fernande,OAfHG7QAAAAJ
Eduardo Figueiredo 0001,UFMG,http://homepages.dcc.ufmg.br/~figueiredo,3sxP3E4AAAAJ
Eduardo J. Izquierdo,Indiana University,http://mypage.iu.edu/~edizquie,KWCQjl0AAAAJ
Eduardo Jaques Spinosa,UFPR,https://www.inf.ufpr.br/spinosa,AKUQhBYAAAAJ
Eduardo Magno Lages Figueiredo,UFMG,http://homepages.dcc.ufmg.br/~figueiredo,3sxP3E4AAAAJ
Eduardo Marques,USP-ICMC,http://icmc.usp.br/pessoas?id=178099,NOSCHOLARPAGE
Eduardo Mosqueira-Rey,University of A Coruña,https://pdi.udc.es/en/File/Pdi/4249E,SLExnjkAAAAJ
Eduardo N. Borges,Federal University of Rio Grande,http://www.eduardo.c3.furg.br,DF7aOYMAAAAJ
Eduardo Nunes Borges,Federal University of Rio Grande,http://www.eduardo.c3.furg.br,DF7aOYMAAAAJ
Eduardo R. Hruschka,USP-ICMC,http://icmc.usp.br/pessoas?id=11216567,KGgOhbAAAAAJ
Eduardo Raul Hruschka,USP-ICMC,http://icmc.usp.br/pessoas?id=11216567,KGgOhbAAAAAJ
Eduardo Sany Laber,PUC-RIO,http://www-di.inf.puc-rio.br/~laber,NOSCHOLARPAGE
Eduardo Tavares,UFPE,https://www.cin.ufpe.br/~eagt,NOSCHOLARPAGE
Eduardo Todt,UFPR,https://www.inf.ufpr.br/todt,Sbr5yW8AAAAJ
Eduardo Torres-Jara,Worcester Polytechnic Institute,http://www.wpi.edu/academics/facultydir/etj.html,NOSCHOLARPAGE
Eduardo Velloso,University of Melbourne,http://www.eduardovelloso.com,yHHlOiQAAAAJ
Eduardo del Castillo-Sánchez,EPFL,https://people.epfl.ch/eduardo.sanchez,NOSCHOLARPAGE
Eduardo do Valle Simões,USP-ICMC,http://conteudo.icmc.usp.br/pessoas/simoes,acJCV0AAAAAJ
Edward A. Fox,Virginia Tech,https://fox.cs.vt.edu/foxinfo.html,uDwy_JgAAAAJ
Edward A. Lee,Univ. of California - Berkeley,https://www2.eecs.berkeley.edu/Faculty/Homepages/lee.html,IJgXsgwAAAAJ
Edward Alan Fox,Virginia Tech,https://fox.cs.vt.edu/foxinfo.html,uDwy_JgAAAAJ
Edward Alexandru Todirica,DTU,https://www.compute.dtu.dk/english,NOSCHOLARPAGE
Edward Anstead,Goldsmiths University of London,https://www.gold.ac.uk/computing/people/anstead-edward,by96CrcAAAAJ
Edward Ashford Lee,Univ. of California - Berkeley,https://www2.eecs.berkeley.edu/Faculty/Homepages/lee.html,IJgXsgwAAAAJ
Edward C. Keedwell,University of Exeter,http://emps.exeter.ac.uk/computer-science/staff/eckeedwe,lApWCPUAAAAJ
Edward Chien,Boston University,https://cs-people.bu.edu/edchien,YZ1HFYIAAAAJ
Edward Choi,KAIST,https://mp2893.com,GUlGIPkAAAAJ
Edward D. Lazowska,University of Washington,http://www.cs.washington.edu/people/faculty/lazowska,NhY4TT4AAAAJ
Edward David Johns,Imperial College London,https://www.imperial.ac.uk/people/e.johns,dHec-LkAAAAJ
Edward F. Gehringer,North Carolina State University,http://www4.ncsu.edu/~efg,IEHo6YcAAAAJ
Edward F. Melcer,Univ. of California - Santa Cruz,http://edwardmelcer.net,ftmlYFsAAAAJ
Edward Hermann Haeusler,PUC-RIO,http://www-di.inf.puc-rio.br/~hermann,eQP-Ez8AAAAJ
Edward Hermann Häusler,PUC-RIO,http://www-di.inf.puc-rio.br/~hermann,eQP-Ez8AAAAJ
Edward Holden,Rochester Institute of Technology,http://www.ist.rit.edu/~eph,NOSCHOLARPAGE
Edward J. Anstead,Goldsmiths University of London,https://www.gold.ac.uk/computing/people/anstead-edward,by96CrcAAAAJ
Edward Jay Wang,Univ. of California - San Diego,https://www.ejaywang.com,W2EHn7gAAAAJ
Edward John Briscoe,MBZUAI,https://mbzuai.ac.ae/study/faculty/ted-briscoe,qNP6lAwAAAAJ
Edward Johns,Imperial College London,https://www.imperial.ac.uk/people/e.johns,dHec-LkAAAAJ
Edward K. Wong,New York University,http://engineering.nyu.edu/people/edward-k-wong,f7laURkAAAAJ
Edward Keedwell,University of Exeter,http://emps.exeter.ac.uk/computer-science/staff/eckeedwe,lApWCPUAAAAJ
Edward Kim 0006,Drexel University,http://edwardkim.net,1q-Fu6cAAAAJ
Edward Lank,University of Waterloo,https://cs.uwaterloo.ca/~lank,e7P8IwgAAAAJ
Edward Luke,Mississippi State University,http://www.cse.msstate.edu/people/faculty/edward-luke,zWx92q0AAAAJ
Edward M. Reingold,Illinois Institute of Technology,https://science.iit.edu/people/faculty/edward-reingold,UlQeH7AAAAAJ
Edward Omiecinski,Georgia Institute of Technology,http://www.cc.gatech.edu/~edwardo,NOSCHOLARPAGE
Edward P. Tighe,De La Salle University,https://www.dlsu.edu.ph/colleges/ccs/faculty-profile/single/?id=32665809537&command=GETPROFILE,_W85mMIAAAAJ
Edward Sciore,Boston College,http://www.cs.bc.edu/~sciore,NOSCHOLARPAGE
Edward Tremel,Augusta University,https://edwardtremel.com,7zX-PdgAAAAJ
Edward W. Knightly,Rice University,http://knightly.rice.edu,-0vALDMAAAAJ
Edwin C. Brady,University of St Andrews,https://edwinb.wordpress.com,v1butH8AAAAJ
Edwin D. Simpson,University of Bristol,https://research-information.bris.ac.uk/en/persons/edwin-d-simpson,SJIesOAAAAAJ
Edwin R. Hancock,University of York,https://www-users.cs.york.ac.uk/~erh,EjDU2ncAAAAJ
Edwin Robert Hancock,University of York,https://www-users.cs.york.ac.uk/~erh,EjDU2ncAAAAJ
Edwin Simpson,University of Bristol,https://research-information.bris.ac.uk/en/persons/edwin-d-simpson,SJIesOAAAAAJ
Ee-Chien Chang,National University of Singapore,https://www.comp.nus.edu.sg/~changec,qZavFBcAAAAJ
Ee-Peng Lim,Singapore Management University,https://sis.smu.edu.sg/faculty/profile/9626,r0wOAikAAAAJ
Eelco Herder,Radboud University,https://www.eelcoherder.com,YHzcc8cAAAAJ
Eelke Folmer,University of Nevada,https://www.unr.edu/cse/people/folmer,xZcSoqcAAAAJ
Eerke A. Boiten,University of Kent,https://www.cs.kent.ac.uk/~eab2,eUtcV10AAAAJ
Eero Hyry,Tampere University,https://www.tuni.fi/en/eero-hyry,qmT-ubgAAAAJ
Eero Hyvönen,Aalto University,https://seco.cs.aalto.fi/u/eahyvone,FqbJBcsAAAAJ
Eero Vainikko,University of Tartu,http://kodu.ut.ee/~eero,Ym_SSO8AAAAJ
Efstathios D. Sykas,NTUA,https://www.ece.ntua.gr/en/staff/36,NOSCHOLARPAGE
Efthimios Alepis,University of Piraeus,https://www.unipi.gr/unipi/en/talepis.html,3WyL7tUAAAAJ
Efthymios Alepis,University of Piraeus,https://www.unipi.gr/unipi/en/talepis.html,3WyL7tUAAAAJ
Eftichis Sifakis,University of Wisconsin - Madison,http://pages.cs.wisc.edu/~sifakis,swFWoHwAAAAJ
Eftychios Sifakis,University of Wisconsin - Madison,http://pages.cs.wisc.edu/~sifakis,swFWoHwAAAAJ
Egemen Tanin,University of Melbourne,https://people.eng.unimelb.edu.au/etanin/,LVKaMIgAAAAJ
Egon Boerger,University of Pisa,http://www.di.unipi.it/~boerger,j2lxsK0AAAAJ
Egon L. van den Broek,Utrecht University,https://www.uu.nl/medewerkers/ELvandenBroek,QCLRwy4AAAAJ
Egon Wanke,University of Düsseldorf,https://www.cs.hhu.de/lehrstuehle-und-arbeitsgruppen/algorithmen-und-datenstrukturen-prof-dr-egon-wanke/unser-team.html,w7omrq8AAAAJ
Ehab S. Elmallah,University of Alberta,https://webdocs.cs.ualberta.ca/~ehab,NOSCHOLARPAGE
Ehsan Abbasnejad,University of Adelaide,https://ehsanabb.github.io,OdlVfTsAAAAJ
Ehsan Aryafar,Portland State University,http://web.cecs.pdx.edu/~aryafare/,zLT0ek0AAAAJ
Ehsan Elhamifar,Northeastern University,http://www.ccs.neu.edu/home/eelhami,cpgUf6wAAAAJ
Ehsan Hoque 0001,University of Rochester,http://web.media.mit.edu/~mehoque,ZJrR0KQAAAAJ
Ehsan Shareghi,Monash University,https://research.monash.edu/en/persons/ehsan-shareghi-nojehdeh,NOSCHOLARPAGE
Ehud Reiter,University of Aberdeen,https://www.abdn.ac.uk/people/e.reiter,Ns0YuP0AAAAJ
Ehud Rivlin,Technion,http://www.cs.technion.ac.il/~ehudr,NOSCHOLARPAGE
Ehud Shapiro,Weizmann Institute of Science,https://www.weizmann.ac.il/pages/search/people?language=english&single=1&person_id=1830,GVENdC8AAAAJ
Ehud Sharlin,University of Calgary,http://utouch.cpsc.ucalgary.ca,eAFxlZIAAAAJ
Ehud Y. Shapiro,Weizmann Institute of Science,https://www.weizmann.ac.il/pages/search/people?language=english&single=1&person_id=1830,GVENdC8AAAAJ
Eibe Frank,University of Waikato,http://www.cs.waikato.ac.nz/~eibe,dUV_NvIAAAAJ
Eiichi Yoshida,University of Tsukuba,https://staff.aist.go.jp/e.yoshida,XWZydeMAAAAJ
Eiji Aramaki,NAIST,http://luululu.com,IV2W5d8AAAAJ
Eike Kiltz,Ruhr-University Bochum,http://kiltz.net,8d8jP60AAAAJ
Eike Ritter,University of Birmingham,https://www.birmingham.ac.uk/staff/profiles/computer-science/academic-staff/ritter-eike.aspx,01QHHq4AAAAJ
Eileen Kraemer,Clemson University,https://people.cs.clemson.edu/~etkraem,_5tjpG0AAAAJ
Eileen T. Kraemer,Clemson University,https://people.cs.clemson.edu/~etkraem,_5tjpG0AAAAJ
Eilish O'Rourke,UNSW,https://www.engineering.unsw.edu.au/computer-science-engineering/staff/eilish-orourke,NOSCHOLARPAGE
Eirina Bourtsoulatze,University of Essex,https://www.essex.ac.uk/people/bourt28406/eirina-bourtsoulatze,piQAo5YAAAAJ
Eirini Ntoutsi,Bundeswehr University Munich,https://aiml-research.github.io,RdA9uxYAAAAJ
Eisa Zarepour,UNSW,https://research.unsw.edu.au/people/dr-eisa-zarepour,MgSbGaYAAAAJ
Eisaku Sakane,National Institute of Informatics,https://www.nii.ac.jp/en/faculty/architecture/sakane_eisaku/,NOSCHOLARPAGE
Eitan Grinspun,University of Toronto,http://www.cs.columbia.edu/~eitan,0_vvBZkAAAAJ
Eitan Yaakobi,Technion,http://www.cs.technion.ac.il/people/yaakobi,Viv2E9AAAAAJ
Ekaterina Artemova,HSE University,https://www.hse.ru/staff/artemova,G0lCb3wAAAAJ
Ekaterina Kochmar,MBZUAI,https://mbzuai.ac.ae/study/faculty/ekaterina-kochmar,e2HTYnkAAAAJ
Ekaterina Komendantskaya,Heriot-Watt University,https://www.hw.ac.uk/staff/uk/macs/ekaterina-komendantskaya.htm,-HbSa84AAAAJ
Ekaterina Shutova,University of Amsterdam,https://www.illc.uva.nl/People/show_person.php?Person_id=Shutova+E.,jqOFBGoAAAAJ
Ekkart Kindler,DTU,https://www.compute.dtu.dk/english,NOSCHOLARPAGE
El Kindi Rezig,University of Utah,https://elkindi.github.io/,oapZdl8AAAAJ
El Mahdi Driouch,Université du Québec à Montréal,https://professeurs.uqam.ca/professeur/driouch.elmahdi/,V3bkzYcAAAAJ
El-Ghazali Talbi,CRIStAL,https://www.cristal.univ-lille.fr/profil/talbi,hoQmzocAAAAJ
El-Ghazil Talbi,CRIStAL,https://www.cristal.univ-lille.fr/profil/talbi,hoQmzocAAAAJ
Ela Claridge,University of Birmingham,https://www.birmingham.ac.uk/staff/profiles/computer-science/claridge-ela.aspx,oMP44BAAAAAJ
Elad Aigner-Horev,Ariel University,http://www.elad-horev.org,4-mES5gAAAAJ
Elad Alon,Univ. of California - Berkeley,https://www2.eecs.berkeley.edu/Faculty/Homepages/elad.html,ktlHDnQAAAAJ
Elad Hazan,Princeton University,https://www.cs.princeton.edu/~ehazan,LnhCGNMAAAAJ
Elad Horev,Ariel University,http://www.elad-horev.org,4-mES5gAAAAJ
Elad Michael Schiller,Chalmers/GU,https://www.chalmers.se/en/staff/Pages/elad-schiller.aspx,NOSCHOLARPAGE
Elad Schiller,Chalmers/GU,https://www.chalmers.se/en/staff/Pages/elad-schiller.aspx,NOSCHOLARPAGE
Elahe Soltanaghaei,Univ. of Illinois at Urbana-Champaign,https://elahe.web.illinois.edu,atrBEDkAAAAJ
Elahe Soltanaghai,Univ. of Illinois at Urbana-Champaign,https://elahe.web.illinois.edu,atrBEDkAAAAJ
Elaheh Bozorgzadeh,Univ. of California - Irvine,https://www.ics.uci.edu/~eli,6XecMQUAAAAJ
Elaheh Homayounvala,Goldsmiths University of London,https://www.gold.ac.uk/computing/people/homayounvala-elaheh,wCGEyNYAAAAJ
Elaheh Sadredini,Univ. of California - Riverside,https://www.cs.ucr.edu/~elaheh,YDESS28AAAAJ
Elaine Chew,Queen Mary University of London,http://www.eecs.qmul.ac.uk/~eniale,NOSCHOLARPAGE
Elaine Cohen,University of Utah,https://www.cs.utah.edu/~cohen,6lNd480AAAAJ
Elaine J. Weyuker,University of Central Florida,https://www.cs.ucf.edu/person/elaine-weyuker,xXjQoLIAAAAJ
Elaine M. Eschen,West Virginia University,https://www.statler.wvu.edu/faculty-staff/faculty/elaine-eschen,NOSCHOLARPAGE
Elaine M. Huang,University of Zurich,http://www.ifi.uzh.ch/zpac/people/huang.html,NOSCHOLARPAGE
Elaine May Huang,University of Zurich,http://www.ifi.uzh.ch/zpac/people/huang.html,NOSCHOLARPAGE
Elaine P. M. de Sousa,USP-ICMC,http://icmc.usp.br/pessoas?id=907405,uUuZoD4AAAAJ
Elaine Parros Machado de Sousa,USP-ICMC,http://icmc.usp.br/pessoas?id=907405,uUuZoD4AAAAJ
Elaine R. Faria,UFU,http://www.facom.ufu.br/~elaine,NOSCHOLARPAGE
Elaine Ribeiro de Faria,UFU,http://www.facom.ufu.br/~elaine,NOSCHOLARPAGE
Elaine Ribeiro de Faria Paiva,UFU,http://www.facom.ufu.br/~elaine,NOSCHOLARPAGE
Elaine Runting Shi,Carnegie Mellon University,http://elaineshi.com,rejzeocAAAAJ
Elaine Schaertl Short,Tufts University,https://engineering.tufts.edu/people/faculty/elaine-schaertl-short,J1awhoMAAAAJ
Elaine Shi,Carnegie Mellon University,http://elaineshi.com,rejzeocAAAAJ
Elaine Short,Tufts University,https://engineering.tufts.edu/people/faculty/elaine-schaertl-short,J1awhoMAAAAJ
Elda Paja,IT University of Copenhagen,https://pure.itu.dk/portal/en/persons/elda-paja(ce1a5350-f645-4a53-a745-fca8d4f1f030).html,5TAtu2cAAAAJ
Eldar Fischer,Technion,http://www.cs.technion.ac.il/~eldar,NOSCHOLARPAGE
Eleanor Mattern,University of Pittsburgh,https://sites.google.com/site/noramattern/home,zlAlSHAAAAAJ
Eleanor O'Rourke,Northwestern University,http://www.eleanorourke.com,DRt16WsAAAAJ
Eleazar Eskin,Univ. of California - Los Angeles,http://www.cs.ucla.edu/~eeskin,VBXG4CwAAAAJ
Eleftherios Garyfallidis,Indiana University,https://grg.sice.indiana.edu,Ln2EyRYAAAAJ
Eleftherios Kokoris-Kogias,IST Austria,https://ist.ac.at/en/research/kokoris-group,7TOIlqkAAAAJ
Elena Agapie,Univ. of California - Irvine,https://eagapie.com,nc3IT3kAAAAJ
Elena Filatova,CUNY,https://www.citytech.cuny.edu/faculty/EFilatova,NeOqk2kAAAAJ
Elena Glassman,Harvard University,https://www.seas.harvard.edu/directory/glassman,C_r8d0AAAAAJ
Elena Grigorescu,Purdue University,https://www.cs.purdue.edu/homes/egrigore,Gkc2UeUAAAAJ
Elena Hernández-Pereira,University of A Coruña,https://pdi.udc.es/en/File/Pdi/XC7AF,XDL4no8AAAAJ
Elena L. Glassman,Harvard University,https://www.seas.harvard.edu/directory/glassman,C_r8d0AAAAAJ
Elena Leah Glassman,Harvard University,https://www.seas.harvard.edu/directory/glassman,C_r8d0AAAAAJ
Elena Marchiori,Radboud University,http://www.cs.ru.nl/~elenam,NOSCHOLARPAGE
Elena Paslaru Bontas,King's College London,https://www.kcl.ac.uk/people/elena-simperl,xB7s3wgAAAAJ
Elena Paslaru Bontas Simperl,King's College London,https://www.kcl.ac.uk/people/elena-simperl,xB7s3wgAAAAJ
Elena Sherman,Boise State University,http://cs.boisestate.edu/~esherman,NOSCHOLARPAGE
Elena Simperl,King's College London,https://www.kcl.ac.uk/people/elena-simperl,xB7s3wgAAAAJ
Elena Troubitsyna,KTH Royal Institute of Technology,https://www.kth.se/profile/elenatro,wQrIOnoAAAAJ
Elena Zheleva,University of Illinois at Chicago,https://www.cs.uic.edu/~elena,Ug7VoyQAAAAJ
Eleni C. Akrida,Durham University,https://www.dur.ac.uk/computer.science/staff/profile/?id=18445,pjlwmS8AAAAJ
Eleni Ch. Akrida,Durham University,https://www.dur.ac.uk/computer.science/staff/profile/?id=18445,pjlwmS8AAAAJ
Eleni E. Mangina,University College Dublin,https://people.ucd.ie/eleni.mangina,50-QeIUAAAAJ
Eleni Mangina Phelan,University College Dublin,https://people.ucd.ie/eleni.mangina,50-QeIUAAAAJ
Eleni Stroulia,University of Alberta,https://webdocs.cs.ualberta.ca/~stroulia/index.old.html,TyM1dLwAAAAJ
Eleni Vasilaki,University of Sheffield,https://www.sheffield.ac.uk/dcs/people/academic/eleni-vasilaki,hqK2AG0AAAAJ
Eleonora Losiouk,University of Padova,https://www.math.unipd.it/~elosiouk,jwKQ2PUAAAAJ
Elf Eldridge,Victoria University of Wellington,http://ecs.victoria.ac.nz/Main/ElfEldridge,NOSCHOLARPAGE
Elfar Adalsteinsson,Massachusetts Institute of Technology,http://www.rle.mit.edu/adalsteinsson,NOSCHOLARPAGE
Elham Kashefi,University of Edinburgh,https://www.inf.ed.ac.uk/people/staff/Elham_Kashefi.html,oXpgxTIAAAAJ
Elhanan Borenstein,Tel Aviv University,http://www.borensteinlab.com,p6LukKAAAAAJ
Eli Biham,Technion,http://www.cs.technion.ac.il/~biham,NOSCHOLARPAGE
Eli Blevis,Indiana University,http://eli.informatics.indiana.edu,2BK-UYQAAAAJ
Eli Bozorgzadeh,Univ. of California - Irvine,https://www.ics.uci.edu/~eli,6XecMQUAAAAJ
Eli Gafni,Univ. of California - Los Angeles,http://www.cs.ucla.edu/~eli,pX-NLrYAAAAJ
Eli T. Brown,DePaul University,https://www.cdm.depaul.edu/about/Pages/People/facultyinfo.aspx?fid=1311,8zeXprkAAAAJ
Eli Tilevich,Virginia Tech,http://www.cs.vt.edu/~tilevich,t4OSUfgAAAAJ
Eli Upfal,Brown University,https://cs.brown.edu/people/eli,O_7MVDIAAAAJ
Eli Yablonovitch,Univ. of California - Berkeley,https://www2.eecs.berkeley.edu/Faculty/Homepages/yablonovitch.html,4wqIUjMAAAAJ
Eliana Colunga,University of Colorado Boulder,http://psych.colorado.edu/~colunga,NOSCHOLARPAGE
Eliane Martins,UNICAMP,http://www.ic.unicamp.br/~eliane,yrq9S_4AAAAJ
Eliane Stampfer,University of Utah,https://eliane-s-wiese.owlstown.net,hvEjrewAAAAJ
Eliane Stampfer Wiese,University of Utah,https://eliane-s-wiese.owlstown.net,hvEjrewAAAAJ
Eliane Wiese,University of Utah,https://eliane-s-wiese.owlstown.net,hvEjrewAAAAJ
Elias Bareinboim,Columbia University,http://causalai.net,r5U-D7YAAAAJ
Elias Bou-Harb,Louisiana State University,https://www.lsu.edu/eng/cse/people/faculty/bou-harb.php,nxEcAJUAAAAJ
Elias Koukoutsis,NTUA,https://www.ece.ntua.gr/en/staff/63,NOSCHOLARPAGE
Elias Koutsoupias,University of Oxford,https://www.cs.ox.ac.uk/people/elias.koutsoupias,BVD_LdgAAAAJ
Elias Procópio Duarte Júnior,UFPR,https://www.inf.ufpr.br/elias,BC8w04cAAAAJ
Elias S. Manolakos,University of Athens,http://gain.di.uoa.gr/index.php/the-group-members/faculty-members/manolakos,NOSCHOLARPAGE
Eliezer M. Gafni,Univ. of California - Los Angeles,http://www.cs.ucla.edu/~eli,pX-NLrYAAAAJ
Elif Bilge Kavun,University of Sheffield,https://www.sheffield.ac.uk/dcs/people/academic/elif-kavun,spLEkSYAAAAJ
Elif Mine Karsligil,Yıldız Technical University,https://www.ce.yildiz.edu.tr/personal/elifk?lang=en,NOSCHOLARPAGE
Elisa Bertino,Purdue University,https://www.cs.purdue.edu/people/bertino,EfuT9RoAAAAJ
Elisa D. Mekler,IT University of Copenhagen,https://pure.itu.dk/portal/da/persons/elisa-daphne-zahava-mekler,9j30OywAAAAJ
Elisa Quintarelli,Politecnico di Milano,http://home.deib.polimi.it/quintare,QpbUFRsAAAAJ
Elisa Ricci 0001,University of Trento,http://elisaricci.eu,xf1T870AAAAJ
Elisa Rubegni,Lancaster University,https://www.lancaster.ac.uk/scc/about-us/people/elisa-rubegni,jzBGorIAAAAJ
Elisa Yumi Nakagawa,USP-ICMC,http://conteudo.icmc.usp.br/pessoas/elisa,NOSCHOLARPAGE
Elisabeth André,University of Augsburg,https://www.uni-augsburg.de/de/fakultaet/fai/informatik/prof/hcm/team/andre,5gnr0JUAAAAJ
Elisabeth Larsson,Uppsala University,http://user.it.uu.se/~bette,a485kTcAAAAJ
Elisabeth Lex,Graz University of Technology,http://www.elisabethlex.info,kEzfvdYAAAAJ
Elisabeth Oswald,University of Klagenfurt,https://www.aau.at/team/oswald-elisabeth,1k_rBAkAAAAJ
Elisabeth Uhlemann,Mälardalen University,http://www.es.mdh.se/staff/219-Elisabeth_Uhlemann,7KaV5lEAAAAJ
Elisabetta Di Nitto,Politecnico di Milano,http://home.deib.polimi.it/dinitto,2xV8DfcAAAAJ
Elise de Doncker,Western Michigan University,https://wmich.edu/cs/directory/doncker,NOSCHOLARPAGE
Elisha Sacks,Purdue University,https://www.cs.purdue.edu/people/eps,NOSCHOLARPAGE
Elissa M. Redmiles,Georgetown University,https://elissaredmiles.com/,MKZBcasAAAAJ
Elissa M. Weeden,Rochester Institute of Technology,https://www.rit.edu/gccis/elissa-weeden,NOSCHOLARPAGE
Elissa Weeden,Rochester Institute of Technology,https://www.rit.edu/gccis/elissa-weeden,NOSCHOLARPAGE
Elizabeth A. Quaglia,Royal Holloway University of London,https://pure.royalholloway.ac.uk/en/persons/elizabeth-quaglia,wB-9ke0AAAAJ
Elizabeth Anne Quaglia,Royal Holloway University of London,https://pure.royalholloway.ac.uk/en/persons/elizabeth-quaglia,wB-9ke0AAAAJ
Elizabeth Black,King's College London,https://www.kcl.ac.uk/people/elizabeth-black,bS_k3fUAAAAJ
Elizabeth Bondi-Kelly,University of Michigan,https://sites.google.com/view/elizabethbondi/,jB66t5YAAAAJ
Elizabeth Bradley,University of Colorado Boulder,https://www.cs.colorado.edu/~lizb,5HLGWrIAAAAJ
Elizabeth Cherry,Georgia Institute of Technology,https://cse.gatech.edu/people/elizabeth-cherry,E6h84HUAAAAJ
Elizabeth D. Mynatt,Northeastern University,https://www.khoury.northeastern.edu/people/elizabeth-mynatt,l7nsfT4AAAAJ
Elizabeth DiSalvo,Georgia Institute of Technology,http://betsydisalvo.com,NOSCHOLARPAGE
Elizabeth Kaziunas,Indiana University,https://www.elizabethkaziunas.com,9oyO3fkAAAAJ
Elizabeth L. Murnane,Dartmouth College,https://engineering.dartmouth.edu/community/faculty/elizabeth-murnane,dfy3siAAAAAJ
Elizabeth L. White,George Mason University,https://cs.gmu.edu/~white,p1OyJIAAAAAJ
Elizabeth Lawley,Rochester Institute of Technology,http://lawley.rit.edu,aJi1r9wAAAAJ
Elizabeth Lindley Murnane,Dartmouth College,https://engineering.dartmouth.edu/community/faculty/elizabeth-murnane,dfy3siAAAAAJ
Elizabeth M. Belding,Univ. of California - Santa Barbara,http://people.cs.ucsb.edu/ebelding/front-page,NOSCHOLARPAGE
Elizabeth M. Belding-Royer,Univ. of California - Santa Barbara,http://people.cs.ucsb.edu/ebelding/front-page,NOSCHOLARPAGE
Elizabeth M. Cherry,Georgia Institute of Technology,https://cse.gatech.edu/people/elizabeth-cherry,E6h84HUAAAAJ
Elizabeth M. Royer,Univ. of California - Santa Barbara,http://people.cs.ucsb.edu/ebelding/front-page,NOSCHOLARPAGE
Elizabeth O'Neil,University of Massachusetts Boston,http://www.cs.umb.edu/people/Elizabeth_O'Neil,NOSCHOLARPAGE
Elizabeth Polgreen,University of Edinburgh,http://www.inf.ed.ac.uk/people/staff/Elizabeth_Polgreen.html,wFYhUkIAAAAJ
Elizabeth R. Jessup,University of Colorado Boulder,https://www.colorado.edu/cs/users/jessup,NOSCHOLARPAGE
Elizabeth Scott,Royal Holloway University of London,https://pure.royalholloway.ac.uk/portal/en/persons/elizabeth-scott_2b634c08-8249-413d-9654-031aed1f680b.html,NOSCHOLARPAGE
Elizabeth Varki,University of New Hampshire,https://ceps.unh.edu/faculty/varki,A3EXWRkAAAAJ
Eljas Soisalon-Soininen,Aalto University,https://people.aalto.fi/new/eljas.soisalon-soininen,NOSCHOLARPAGE
Elke A. Rundensteiner,Worcester Polytechnic Institute,http://davis.wpi.edu/dsrg/MEMBERS/rundenst,iIFHZ1UAAAAJ
Elke Duncker,Middlesex University,https://www.mdx.ac.uk/about-us/our-people/staff-directory/profile/duncker-gassen-elke,NOSCHOLARPAGE
Elke Pulvermüller,University of Osnabrück,https://www.informatik.uni-osnabrueck.de/arbeitsgruppen/software_engineering/people/pulvermueller_elke.html,NOSCHOLARPAGE
Ellen D. Zhong,Princeton University,https://www.cs.princeton.edu/people/profile/zhonge,17tGlqAAAAAJ
Ellen F. Barbosa,USP-ICMC,http://www.labes.icmc.usp.br/site/content/ellen-francine-barbosa-profa-dra,rWEar9sAAAAJ
Ellen Francine Barbosa,USP-ICMC,http://www.labes.icmc.usp.br/site/content/ellen-francine-barbosa-profa-dra,rWEar9sAAAAJ
Ellen Gethner,University of Colorado - Denver,http://www.ucdenver.edu/academics/colleges/Engineering/Programs/Computer-Science-and-Engineering/faculty/Pages/EllenGethner.aspx,NOSCHOLARPAGE
Ellen Riloff,University of Arizona,https://www.cs.arizona.edu/person/ellen-riloff,M1pa3_gAAAAJ
Ellen W. Zegura,Georgia Institute of Technology,http://www.cc.gatech.edu/fac/Ellen.Zegura,Z6EHuGcAAAAJ
Ellen Witte Zegura,Georgia Institute of Technology,http://www.cc.gatech.edu/fac/Ellen.Zegura,Z6EHuGcAAAAJ
Ellen Yi-Luen Do,University of Colorado Boulder,https://www.colorado.edu/cs/ellen-yi-luen-do,qDepoRUAAAAJ
Ellie Pavlick,Brown University,https://cs.brown.edu/people/epavlick/index.html,sFyrSa8AAAAJ
Elliot Anshelevich,Rensselaer Polytechnic Institute,http://www.cs.rpi.edu/~eanshel,Qp5971IAAAAJ
Elliot Soloway,University of Michigan,http://www.soe.umich.edu/people/profile/elliot_soloway,NOSCHOLARPAGE
Ellis Horowitz,University of Southern California,http://www.ellishorowitz.com,NOSCHOLARPAGE
Elmahdi Driouch,Université du Québec à Montréal,https://professeurs.uqam.ca/professeur/driouch.elmahdi/,V3bkzYcAAAAJ
Elmar A. Rückert,University of Lübeck,https://www.rob.uni-luebeck.de/index.php?id=448,EKUvWkkAAAAJ
Elmar Eder,University of Salzburg,https://www.cosy.sbg.ac.at/~eder/eder.html,NOSCHOLARPAGE
Elmar Eisemann,TU Delft,https://graphics.tudelft.nl/~eisemann,SFj3QkQAAAAJ
Elmar Nöth,University of Erlangen–Nuremberg,https://lme.tf.fau.de/person/noeth,QAo7nTUAAAAJ
Elmar Rueckert,University of Lübeck,https://www.rob.uni-luebeck.de/index.php?id=448,EKUvWkkAAAAJ
Elmar Rückert,University of Lübeck,https://www.rob.uni-luebeck.de/index.php?id=448,EKUvWkkAAAAJ
Elmar Schömer,University of Mainz,https://www.staff.uni-mainz.de/schoemer,NOSCHOLARPAGE
Elmar Tischhauser,University of Marburg,https://www.uni-marburg.de/de/fb12/arbeitsgruppen/itsicherheit,PxYLCDQAAAAJ
Elmar Wolfgang Tischhauser,University of Marburg,https://www.uni-marburg.de/de/fb12/arbeitsgruppen/itsicherheit,PxYLCDQAAAAJ
Elmootazbellah (Mootaz) Elnozahy,KAUST,https://www.kaust.edu.sa/en/study/faculty/mootaz-elnozahy,3jLwtgkAAAAJ
Elvin Isufi,TU Delft,https://sites.google.com/site/elvinisufihp,wvywFdwAAAAJ
Ely Porat,Bar-Ilan University,http://u.cs.biu.ac.il/~porately,uqTfLEgAAAAJ
Elzbieta Hajnicz,IPI PAN,https://ipipan.waw.pl/instytut/pracownicy/elzbieta-hajnicz,UH3lJT8xzIcC
Elín Carstensdóttir,Univ. of California - Santa Cruz,https://games.arts.ucsc.edu/people/elin-carstensdottir,fO6FFqAAAAAJ
Emad M. Al-Shawakfa,JUST,http://www.just.edu.jo/eportfolio/Pages/Default.aspx?email=emalshawakfa,NOSCHOLARPAGE
Emad M. Boctor,Johns Hopkins University,https://musiic.lcsr.jhu.edu/,17P8v9QAAAAJ
Emad Sami Jaha,King Abdulaziz University,http://ejaha.kau.edu.sa/CVEn.aspx?Site_ID=0009137&Lng=EN,NOSCHOLARPAGE
Emad Shihab,Concordia University,http://das.encs.concordia.ca/members/emad-shihab,kF76KPAAAAAJ
Emanuel H. Rubensson,Uppsala University,https://katalog.uu.se/empinfo/?id=N9-880,yHYTmqEAAAAJ
Emanuel Kieronski,University of Wroclaw,http://www.ii.uni.wroc.pl/~kiero,6Wj8A4kAAAAJ
Emanuel Todorov,University of Washington,http://homes.cs.washington.edu/~todorov,QCBdB7AAAAAJ
Emanuel da Silva Diaz Estrada,Federal University of Rio Grande,http://emanuel.c3.furg.br,nKZNnuYAAAAJ
Emanuela Fachini,Sapienza University of Rome,http://wwwusers.di.uniroma1.it/~fachini,NOSCHOLARPAGE
Emanuele Della Valle,Politecnico di Milano,http://home.deib.polimi.it/dellavalle,56lK2dUAAAAJ
Emanuele Panizzi,Sapienza University of Rome,https://www.di.uniroma1.it/it/docenti/panizzi-emanuele,Wba1UhIAAAAJ
Emanuele Rodolà,Sapienza University of Rome,https://sites.google.com/site/erodola/home,-EH4wBYAAAAJ
Emanuele Trucco,University of Dundee,https://www.computing.dundee.ac.uk/about/staff/26,AoqaZGkAAAAJ
Emanuele Viola,Northeastern University,http://www.ccs.neu.edu/home/viola,MA8PTRUAAAAJ
Emery Berger,University of Massachusetts Amherst,https://emeryberger.com,RaHaArkAAAAJ
Emery D. Berger,University of Massachusetts Amherst,https://emeryberger.com,RaHaArkAAAAJ
Emi Garcia,Queen's University Belfast,https://www.qub.ac.uk/schools/eeecs/Connect/Staff/BusinessCard/?name=e.garcia,NOSCHOLARPAGE
Emi Garcia-Palacios,Queen's University Belfast,https://www.qub.ac.uk/schools/eeecs/Connect/Staff/BusinessCard/?name=e.garcia,NOSCHOLARPAGE
Emil C. Lupu,Imperial College London,http://www.imperial.ac.uk/people/e.c.lupu,e23mVyoAAAAJ
Emil Constantine Lupu,Imperial College London,http://www.imperial.ac.uk/people/e.c.lupu,e23mVyoAAAAJ
Emil Lupu,Imperial College London,http://www.imperial.ac.uk/people/e.c.lupu,e23mVyoAAAAJ
Emil M. Petriu,University of Ottawa,http://www.site.uottawa.ca/~petriu,9Weluf0AAAAJ
Emil Sekerinski,McMaster University,http://www.cas.mcmaster.ca/~emil,h-WLnf8AAAAJ
Emiliano Casalicchio,Sapienza University of Rome,https://sites.google.com/view/emilianocasalicchio,oHPKVJgAAAAJ
Emiliano De Cristofaro,Univ. of California - Riverside,https://profiles.ucr.edu/app/home/profile/emiliand,1wfzUuEAAAAJ
Emiliano Garcia-Palacios,Queen's University Belfast,https://www.qub.ac.uk/schools/eeecs/Connect/Staff/BusinessCard/?name=e.garcia,NOSCHOLARPAGE
Emiliano Tramontana,University of Catania,https://www.dmi.unict.it/tramonta/,NOSCHOLARPAGE
Emilie Kaufmann,CRIStAL,http://chercheurs.lille.inria.fr/ekaufman,9GE1vx4AAAAJ
Emilie Morvant,Université Jean Monnet,http://perso.univ-st-etienne.fr/me63854h,4dzYdBsAAAAJ
Emilio Ferrara,University of Southern California,http://www.emilio.ferrara.name/,0r7Syh0AAAAJ
Emilio Tuosto,GSSI,https://cs.gssi.it/emilio.tuosto/,UsADbUQAAAAJ
Emily Hand,University of Nevada,http://www.cse.unr.edu/~ehand,5oWxowoAAAAJ
Emily M. Hand,University of Nevada,http://www.cse.unr.edu/~ehand,5oWxowoAAAAJ
Emily Morgan Hand,University of Nevada,http://www.cse.unr.edu/~ehand,5oWxowoAAAAJ
Emily Mower,University of Michigan,http://web.eecs.umich.edu/~emilykmp,2pH8BZwAAAAJ
Emily Mower Provost,University of Michigan,http://web.eecs.umich.edu/~emilykmp,2pH8BZwAAAAJ
Emily Prud'hommeaux,Boston College,http://cs.bc.edu/~prudhome,9Lmv4joAAAAJ
Emily Tucker Prud'hommeaux,Boston College,http://cs.bc.edu/~prudhome,9Lmv4joAAAAJ
Emily Wall,Emory University,https://emilywall.github.io,YfcphqMAAAAJ
Emily Whiting,Boston University,http://cs-people.bu.edu/whiting/#,_TU9kGYAAAAJ
Emine Yilmaz,University College London,https://emineyilmaz.cs.ucl.ac.uk,ocmAN4YAAAAJ
Emir Demirović,TU Delft,http://emirdemirovic.com,QUhD6A0AAAAJ
Emitza Guzman,VU Amsterdam,https://research.vu.nl/en/persons/emitza-guzman-ortega,cMs97_YAAAAJ
Emma Brunskill,Stanford University,http://www.cs.cmu.edu/~ebrun,HaN8b2YAAAAJ
Emma D. Wilson,Lancaster University,https://www.lancaster.ac.uk/scc/about-us/people/emma-wilson,bd5arcQAAAAJ
Emma Dixon,Clemson University,https://emmaedixon.wordpress.com,H9ZV3bAAAAAJ
Emma Frejinger,University of Montreal,http://en.diro.umontreal.ca/department-directory/vue/frejinger-emma,PBOoXfwAAAAJ
Emma Nicol,University of Strathclyde,https://pureportal.strath.ac.uk/en/persons/emma-nicol/publications,0zyU7jMAAAAJ
Emma Strubell,Carnegie Mellon University,https://strubell.github.io/,UCDMtM0AAAAJ
Emma Tosch,University of Vermont,https://emmatosch.com,v5dHW4wAAAAJ
Emmanouel A. Giakoumakis,AUEB,https://www-1.aueb.gr/en/content/new-rector-athens-university-economics-and-business,NOSCHOLARPAGE
Emmanouel A. Varvarigos,NTUA,http://hscnl.ece.ntua.gr/index.php/members/director,vqtH65oAAAAJ
Emmanouel Manos Varvarigos,NTUA,http://hscnl.ece.ntua.gr/index.php/members/director,vqtH65oAAAAJ
Emmanouil Benetos,Queen Mary University of London,http://www.eecs.qmul.ac.uk/~emmanouilb,Wg49oI4AAAAJ
Emmanouil Pountourakis,Drexel University,https://drexel.edu/cci/about/directory/P/Pountourakis-Emmanouil,gWygCaAAAAAJ
Emmanuel Abbe,EPFL,https://people.epfl.ch/emmanuel.abbe,NOSCHOLARPAGE
Emmanuel Agu,Worcester Polytechnic Institute,http://www.wpi.edu/academics/facultydir/eoa.html,Ke6ex0wAAAAJ
Emmanuel Beffara,Ecole Normale Superieure de Lyon,http://www.ens-lyon.fr/annuaire/m-beffara-emmanuel-145623.kjsp?RH=ENS-LYON,NOSCHOLARPAGE
Emmanuel Filiot,Université libre de Bruxelles,http://www.ulb.ac.be/di/ssd/filiot,EPCJ1lQAAAAJ
Emmanuel J. Yannakoudakis,AUEB,http://www.aueb.gr/Users/yannakoudakis/english,37tD5JsAAAAJ
Emmanuel Keuleers,Tilburg University,https://www.tilburguniversity.edu/webwijs/show/e.a.keuleers.htm,d5tp6I4AAAAJ
Emmanuel Letier,University College London,http://letier.cs.ucl.ac.uk,GVfkFgUAAAAJ
Emmanuel Müller,TU Dortmund,https://ls9-www.cs.tu-dortmund.de/,gg0HkEsAAAAJ
Emmanuel O. Agu,Worcester Polytechnic Institute,http://www.wpi.edu/academics/facultydir/eoa.html,Ke6ex0wAAAAJ
Emmanuel Renaux,CRIStAL,https://www.cristal.univ-lille.fr/profil/renaux,NOSCHOLARPAGE
Emmanuel Turner,University of Waikato,http://www.cms.waikato.ac.nz/people/eturner,AgdAkScAAAAJ
Emmett Witchel,University of Texas at Austin,https://www.cs.utexas.edu/users/witchel,k4oSgRkAAAAJ
Emo Todorov,University of Washington,http://homes.cs.washington.edu/~todorov,QCBdB7AAAAAJ
Emo Welzl,ETH Zurich,https://www.inf.ethz.ch/personal/emo,NOSCHOLARPAGE
Emre Akbas,Middle East Technical University,http://user.ceng.metu.edu.tr/~emre,HeXAdnEAAAAJ
Emre Sefer,Özyeğin University,http://www.emresefer.com,W5qWthcAAAAJ
Emre Telatar,EPFL,https://people.epfl.ch/emre.telatar,8fiH7UkAAAAJ
Emre Ugur,Boğaziçi University,https://www.cmpe.boun.edu.tr/~emre,B1Dy3WMAAAAJ
En-Hong Chen,USTC,http://staff.ustc.edu.cn/~cheneh,NOSCHOLARPAGE
Ender Ozcan,University of Nottingham,https://www.nottingham.ac.uk/computerscience/people/ender.ozcan,8maqKdgAAAAJ
Ender Özcan,University of Nottingham,https://www.nottingham.ac.uk/computerscience/people/ender.ozcan,8maqKdgAAAAJ
Endre Szemerédi,Rutgers University,http://www.math.rutgers.edu/docs/szemeredi.html,NOSCHOLARPAGE
Eng Siong Chng,Nanyang Technological University,http://www.ntu.edu.sg/home/aseschng,FJodrCcAAAAJ
Engelbert Hubbers,Radboud University,http://www.cs.ru.nl/E.Hubbers,NOSCHOLARPAGE
Engin Arslan,University of Texas at Arlington,https://www.uta.edu/academics/faculty/profile?username=arslane,F2TyKRgAAAAJ
Engin Demir,Hacettepe University,http://www.engindemir.com.tr,ZXdtEZ4AAAAJ
Engin Erzin,Koç University,http://mysite.ku.edu.tr/eerzin,8Bkxdx4AAAAJ
Engin Kirda,Northeastern University,http://www.ccs.neu.edu/home/ek,AHh8JssAAAAJ
Engsiong Chng,Nanyang Technological University,http://www.ntu.edu.sg/home/aseschng,FJodrCcAAAAJ
Enhong Chen,USTC,http://staff.ustc.edu.cn/~cheneh,NOSCHOLARPAGE
Enid Montague,DePaul University,http://www.cdm.depaul.edu/about/pages/people/facultyinfo.aspx?fid=1294,y6yxBkEAAAAJ
Enkelejda Kasneci,University of Tübingen,https://www.hci.uni-tuebingen.de/chair/team/enkelejda-kasneci,bZVkVvoAAAAJ
Enkelejda Tafaj,University of Tübingen,https://www.hci.uni-tuebingen.de/chair/team/enkelejda-kasneci,bZVkVvoAAAAJ
Enlu Zhou,Georgia Institute of Technology,https://www.enluzhou.gatech.edu/,LTKmex0AAAAJ
Enno Ohlebusch,University of Ulm,https://www.uni-ulm.de/ohlebusch,0aRMP0AAAAAJ
Enrico Bertini,Northeastern University,http://enrico.bertini.io,_jGHG0IAAAAJ
Enrico Blanzieri,University of Trento,http://www.dit.unitn.it/~blanzier,KLVRe58AAAAJ
Enrico Gerding,University of Southampton,https://www.ecs.soton.ac.uk/people/eg,TIuriUgAAAAJ
Enrico H. Gerding,University of Southampton,https://www.ecs.soton.ac.uk/people/eg,TIuriUgAAAAJ
Enrico Malizia,King's College London,https://www.kcl.ac.uk/people/enrico-malizia,bWxAXwYAAAAJ
Enrico Marchioni,University of Southampton,https://www.ecs.soton.ac.uk/people/em1g17,6cPUHikAAAAJ
Enrico Pontelli,New Mexico State University,https://www.cs.nmsu.edu/wp13/enrico-pontelli,vEbcIKYAAAAJ
Enrico Rukzio,University of Ulm,https://www.uni-ulm.de/in/mi/institut/mitarbeiter/er,sJ0vjg0AAAAJ
Enrico Tronci,Sapienza University of Rome,https://sites.google.com/di.uniroma1.it/enrico-tronci/home,DQwPkskAAAAJ
Enrique Carlos Segura,University of Buenos Aires,http://www-2.dc.uba.ar/profesores/segura/homepage.html,NOSCHOLARPAGE
Enrique Carlos Segura Meccia,University of Buenos Aires,http://www-2.dc.uba.ar/profesores/segura/homepage.html,NOSCHOLARPAGE
Enrique Dunn,Stevens Institute of Technology,https://www.cs.stevens.edu/~edunn,eEOX_EoAAAAJ
Enrique Fernández-Blanco,University of A Coruña,https://pdi.udc.es/en/File/Pdi/BE39G,SVCVCH8AAAAJ
Enrique Mallada,Johns Hopkins University,https://mallada.ece.jhu.edu/,ZvRFA04AAAAJ
Enyi Tang,Nanjing University,https://software.nju.edu.cn//eytang/index.html,csjlmp4AAAAJ
Eraldo Ribeiro,Florida Institute of Technology,https://www.fit.edu/faculty-profiles/3/eraldo-ribeiro,OhniypkAAAAJ
Eran A. Edirishinghe,Loughborough University,https://www.lboro.ac.uk/departments/compsci/staff/academic-teaching/eran-edirisinghe,HQKsg3oAAAAJ
Eran A. Edirisinghe,Loughborough University,https://www.lboro.ac.uk/departments/compsci/staff/academic-teaching/eran-edirisinghe,HQKsg3oAAAAJ
Eran Halperin,Univ. of California - Los Angeles,https://en-lifesci.tau.ac.il/profile/heran,bpDPt1QAAAAJ
Eran Omri,Ariel University,http://www.ariel.ac.il/Projects/trp/GeneralInformation.asp?numRec=368&numtafrit=1&id_lang=1&d=,UUho8zsAAAAJ
Eran Segal,Weizmann Institute of Science,https://www.weizmann.ac.il/pages/search/people?language=english&single=1&person_id=30021,oAD8PrkAAAAJ
Eran Tromer,Tel Aviv University,http://www.tau.ac.il/~tromer,Rjywx9wAAAAJ
Eran Yahav,Technion,http://www.cs.technion.ac.il/~yahave,grAfX0MAAAAJ
Eray Tuzun,Bilkent University,http://www.cs.bilkent.edu.tr/~eraytuzun,D4jovncAAAAJ
Eray Tüzün,Bilkent University,http://www.cs.bilkent.edu.tr/~eraytuzun,D4jovncAAAAJ
Erchin Serpedin,Texas A&M at Qatar,https://www.qatar.tamu.edu/programs/ecen/faculty-and-staff/duplicate-of-dr.-mohamed-nounou,THi_ypMAAAAJ
Erdem Biyik,University of Southern California,http://people.eecs.berkeley.edu/~ebiyik,P-G3sjYAAAA
Erden Tugcu,Galatasaray University,https://avesis.gsu.edu.tr/etugcu,NOSCHOLARPAGE
Erdinç Öztürk,Sabancı University,http://people.sabanciuniv.edu/erdinco,xHYqay0AAAAJ
Erez Karpas,Technion,https://karpase.net.technion.ac.il,Dya6lhgAAAAJ
Erez Petrank,Technion,http://www.cs.technion.ac.il/~erez,ME7VLY8AAAAJ
Erez Zadok,Stony Brook University,http://www3.cs.stonybrook.edu/~ezk,ZG4V_jYAAAAJ
Ergun Akleman,Texas A&M University,http://www.viz.tamu.edu/faculty/ergun,T5-M6YMAAAAJ
Ergun Simsek,Univ. of Maryland - Baltimore County,https://redirect.cs.umbc.edu/~simsek/,o30tR0QgLxUC
Erhan Öztop,Özyeğin University,https://robotics.ozyegin.edu.tr/members/erhan-oztop,A8YEQMMAAAAJ
Erhard Ploedereder,University of Stuttgart,http://www.iste.uni-stuttgart.de/ps/team/ploedereder.html,NOSCHOLARPAGE
Erhard Plödereder,University of Stuttgart,http://www.iste.uni-stuttgart.de/ps/team/ploedereder.html,NOSCHOLARPAGE
Erhard Rahm,University of Leipzig,https://dbs.uni-leipzig.de/personen/rahm.html,N9wi5soAAAAJ
Erhardt Barth,University of Lübeck,https://www.inb.uni-luebeck.de/mitarbeiter/mitarbeiter/professoren/erhardt-barth.html,YX3ympsAAAAJ
Eric A. Brewer,Univ. of California - Berkeley,https://www.cs.berkeley.edu/~brewer,BbzYzsgAAAAJ
Eric A. Hansen,Mississippi State University,http://web.cse.msstate.edu/~hansen,9PEURssAAAAJ
Eric A. Martin,UNSW,https://research.unsw.edu.au/people/dr-eric-andre-martin,87ZJEUsAAAAJ
Eric Allender,Rutgers University,http://www.cs.rutgers.edu/~allender,dQwv9e4AAAAJ
Eric Andre Martin,UNSW,https://www.engineering.unsw.edu.au/computer-science-engineering/staff/eric-martin,dgTxZiUAAAAJ
Eric Atkinson,Binghamton University,https://www.binghamton.edu/computer-science/people/profile.html?id=eatkinson2,GW8Z1Z8AAAAJ
Eric Atwell,University of Leeds,https://eps.leeds.ac.uk/computing/staff/33/professor-eric-atwell,Iu5WFskAAAAJ
Eric Aubanel,University of New Brunswick,http://www.cs.unb.ca/~aubanel,5KrloWkAAAAJ
Eric Bach 0001,University of Wisconsin - Madison,http://pages.cs.wisc.edu/~bach/bach.html,NOSCHOLARPAGE
Eric Baumer,Lehigh University,http://ericbaumer.com,rnLD7z0AAAAJ
Eric Beaudry,Université du Québec à Montréal,http://ericbeaudry.uqam.ca/index.en.html,OtllxVQAAAAJ
Eric Blais,University of Waterloo,https://cs.uwaterloo.ca/~eblais,V75BAeIAAAAJ
Eric Bodden,Paderborn University,https://www.hni.uni-paderborn.de/swt/mitarbeiter/bodden,Kr7kPfAAAAAJ
Eric C. Price,University of Texas at Austin,http://www.cs.utexas.edu/~ecprice,UiKzYNMAAAAJ
Eric C. R. Hehner,University of Toronto,http://www.cs.utoronto.ca/~hehner,NOSCHOLARPAGE
Eric C. Rouchka,University of Louisville,http://louisville.edu/speed/people/faculty/rouchkaEric,0RPDeS8AAAAJ
Eric Chan-Tin,Oklahoma State University,https://chantin.cs.luc.edu/~chantin,WfuFGnsAAAAJ
Eric D. Ragan,University of Florida,https://www.cise.ufl.edu/ragan-eric/,VT7D6oYAAAAJ
Eric Dinet,Université Jean Monnet,https://laboratoirehubertcurien.univ-st-etienne.fr,NOSCHOLARPAGE
Eric Dubois 0002,University of Ottawa,http://www.site.uottawa.ca/~edubois,1KEbwBkAAAAJ
Eric E. Aubanel,University of New Brunswick,http://www.cs.unb.ca/~aubanel,5KrloWkAAAAJ
Eric E. Gilbert,University of Michigan,http://eegilbert.org,71OktocAAAAJ
Eric Feron,KAUST,https://cemse.kaust.edu.sa/people/person/eric-feron,wKvaIJgAAAAJ
Eric Fleury,Ecole Normale Superieure de Lyon,http://perso.ens-lyon.fr/eric.fleury,NoSE0UIAAAAJ
Eric Fosler,Ohio State University,http://web.cse.ohio-state.edu/~fosler,AlsMV98AAAAJ
Eric Fosler-Lussier,Ohio State University,http://web.cse.ohio-state.edu/~fosler,AlsMV98AAAAJ
Eric G. Mercer,Brigham Young University,https://cs.byu.edu/faculty/egm,FbUhdYYAAAAJ
Eric Gilbert,University of Michigan,http://eegilbert.org,71OktocAAAAJ
Eric Granger,ETS Montreal,https://etsmtl.ca/Professeurs/egranger/Accueil?lang=en-CA,TmfbdagAAAAJ
Eric Harley,Toronto Metropolitan University,https://www.scs.torontomu.ca/~eharley,NOSCHOLARPAGE
Eric J. Pauwels,CWI,https://www.cwi.nl/people/1302,NOSCHOLARPAGE
Eric J. Schwabe,DePaul University,http://www.cdm.depaul.edu/about/Pages/People/facultyinfo.aspx?fid=728,NOSCHOLARPAGE
Eric John Koskinen,Stevens Institute of Technology,http://www.erickoskinen.com,XUhd_LwAAAAJ
Eric K. Ringger,Brigham Young University,https://faculty.cs.byu.edu/~ringger,XkkU-hwAAAAJ
Eric Keller,University of Colorado Boulder,https://eric-keller.github.io,ngLX-kwAAAAJ
Eric Knauss,Chalmers/GU,https://www.chalmers.se/en/staff/Pages/eric-knauss.aspx,jlnAa9cAAAAJ
Eric Koskinen,Stevens Institute of Technology,http://www.erickoskinen.com,XUhd_LwAAAAJ
Eric Larson,Southern Methodist University,https://www.smu.edu/Lyle/Departments/CSE/People/Faculty/LarsonEric,vThE9GIAAAAJ
Eric Leprêtre,CRIStAL,https://www.cristal.univ-lille.fr/profil/elepretr,NOSCHOLARPAGE
Eric Lo 0001,Chinese University of Hong Kong,https://appsrv.cse.cuhk.edu.hk/~ericlo,saGnAtQAAAAJ
Eric Martin 0002,UNSW,https://www.engineering.unsw.edu.au/computer-science-engineering/staff/eric-martin,dgTxZiUAAAAJ
Eric Mercer,Brigham Young University,https://cs.byu.edu/faculty/egm,FbUhdYYAAAAJ
Eric Mjolsness,Univ. of California - Irvine,http://emj.ics.uci.edu,tqF2ld4AAAAJ
Eric Monteiro,NTNU,https://www.ntnu.edu/employees/eric.monteiro,T2FKQKsAAAAJ
Eric Neufeld,University of Saskatchewan,https://www.cs.usask.ca/faculty/eric,mEQZrhcAAAAJ
Eric Nyberg,Carnegie Mellon University,http://www.cs.cmu.edu/~ehn,G6XN5cRm0FIJ
Eric Osterweil,George Mason University,https://cs.gmu.edu/~eoster/,Jw1ccPYAAAAJ
Eric P. S. Baumer,Lehigh University,http://ericbaumer.com,rnLD7z0AAAAJ
Eric P. Xing,MBZUAI,http://www.cs.cmu.edu/~epxing,5pKTRxEAAAAJ
Eric Patterson,Clemson University,https://people.cs.clemson.edu/~ekp,Avto8CcAAAAJ
Eric Paulos,Univ. of California - Berkeley,https://www2.eecs.berkeley.edu/Faculty/Homepages/paulos.html,K__JmtcAAAAJ
Eric Po Xing,MBZUAI,http://www.cs.cmu.edu/~epxing,5pKTRxEAAAAJ
Eric Postma,Tilburg University,https://www.tilburguniversity.edu/webwijs/show/e.o.postma.htm,EpsyWjIAAAAJ
Eric Price 0001,University of Texas at Austin,http://www.cs.utexas.edu/~ecprice,UiKzYNMAAAAJ
Eric R. Verheul,Radboud University,http://www.cs.ru.nl/E.Verheul,yQtciuQAAAAJ
Eric Roberts,Stanford University,http://cs.stanford.edu/people/eroberts,BgLKWLUAAAAJ
Eric Rogers,University of Southampton,https://www.ecs.soton.ac.uk/people/er,NOSCHOLARPAGE
Eric Rotenberg,North Carolina State University,https://people.engr.ncsu.edu/ericro,L0Lz4t0AAAAJ
Eric Rozner,University of Colorado Boulder,http://www.ericrozner.com,z0KD3z4AAAAJ
Eric Ruppert,York University,http://www.cs.yorku.ca/~ruppert,ficDn98AAAAJ
Eric S. K. Yu,University of Toronto,http://www.cs.toronto.edu/~eric,c36OREEAAAAJ
Eric Samperton,Purdue University,https://www.cs.purdue.edu/people/faculty/esampert.html,NOSCHOLARPAGE
Eric Sedgwick,DePaul University,https://www.cdm.depaul.edu/about/Pages/People/facultyinfo.aspx?fid=121,pKWxgxUAAAAJ
Eric Steegmans,KU Leuven,https://distrinet.cs.kuleuven.be/people/eric,Iv6jkGcAAAAJ
Eric Thierry,Ecole Normale Superieure de Lyon,http://perso.ens-lyon.fr/eric.thierry,NOSCHOLARPAGE
Eric Torng,Michigan State University,http://www.cse.msu.edu/~torng,FyeZL14AAAAJ
Eric Van Wyk,University of Minnesota,http://www-users.cs.umn.edu/~evw,fMI1OlIAAAAJ
Eric Vigoda,Univ. of California - Santa Barbara,https://sites.cs.ucsb.edu/~vigoda,NOSCHOLARPAGE
Eric W. Frew,University of Colorado Boulder,https://www.colorado.edu/faculty/frew,Tvmf6RAAAAAJ
Eric Werner Knauss,Chalmers/GU,https://www.chalmers.se/en/staff/Pages/eric-knauss.aspx,jlnAa9cAAAAJ
Eric Wong 0001,University of Pennsylvania,https://riceric22.github.io,pWnTMRkAAAAJ
Eric Wustrow,University of Colorado Boulder,https://ericw.us/trow,becbtxgAAAAJ
Eric Yu 0001,University of Toronto,http://www.cs.toronto.edu/~eric,c36OREEAAAAJ
Erich Christian Teppan,University of Klagenfurt,https://www.aau.at/team/teppan-erich-christian,-Lh5chkAAAAJ
Erich Grädel,RWTH Aachen University,https://logic.rwth-aachen.de/People/Graedel/index.html.en,4TbxnY0AAAAJ
Erich J. Baker,Baylor University,http://cs.ecs.baylor.edu/~baker/,NOSCHOLARPAGE
Erich P. Ippen,Massachusetts Institute of Technology,http://web.mit.edu/physics/people/faculty/ippen_erich.html,5RfBYzcAAAAJ
Erich Schikuta,University of Vienna,https://cs.univie.ac.at/erich.schikuta,MluSpmIAAAAJ
Erich Schubert,TU Dortmund,https://www-ai.cs.tu-dortmund.de/PERSONAL/schubert.html,Ca8f9TEAAAAJ
Erich Teppan,University of Klagenfurt,https://www.aau.at/team/teppan-erich-christian,-Lh5chkAAAAJ
Erickson R. Nascimento,UFMG,http://homepages.dcc.ufmg.br/~erickson,GTWCJkQAAAAJ
Erickson R. do Nascimento,UFMG,http://homepages.dcc.ufmg.br/~erickson,GTWCJkQAAAAJ
Erickson Rangel do Nascimento,UFMG,http://homepages.dcc.ufmg.br/~erickson,GTWCJkQAAAAJ
Erik Andersen,Cornell University,http://www.cs.cornell.edu/~eland,iDMvmEYAAAAJ
Erik Andersen 0001,Cornell University,http://www.cs.cornell.edu/~eland,iDMvmEYAAAAJ
Erik Andreas Martens,DTU,https://www.compute.dtu.dk/english,NOSCHOLARPAGE
Erik Aurell,KTH Royal Institute of Technology,https://www.kth.se/profile/eaurell,NwiimYAAAAAJ
Erik B. Dam,University of Copenhagen,https://di.ku.dk/english/staff/vip/?pure=en/persons/93620,X_SLVUIAAAAJ
Erik B. Sudderth,Univ. of California - Irvine,https://cs.brown.edu/people/sudderth,ePiPQ2cAAAAJ
Erik Bjørnager Dam,University of Copenhagen,https://di.ku.dk/english/staff/vip/?pure=en/persons/93620,X_SLVUIAAAAJ
Erik Brunvand,University of Utah,https://www.cs.utah.edu/~elb,Hkw7KOoAAAAJ
Erik Cambria,Nanyang Technological University,https://dr.ntu.edu.sg/cris/rp/rp00927,ilSYpW0AAAAJ
Erik D. Demaine,Massachusetts Institute of Technology,http://erikdemaine.org,6Ff2c8wAAAAJ
Erik Dam,University of Copenhagen,https://di.ku.dk/english/staff/vip/?pure=en/persons/93620,X_SLVUIAAAAJ
Erik Fransén,KTH Royal Institute of Technology,https://www.kth.se/profile/erikf,VFtGuvcAAAAJ
Erik Frøkjær,University of Copenhagen,http://www.diku.dk/Ansatte/?pure=da/persons/113767,N-445VIAAAAJ
Erik G. Learned-Miller,University of Massachusetts Amherst,http://people.cs.umass.edu/~elm,Li-BrU4AAAAJ
Erik G. Miller,University of Massachusetts Amherst,http://people.cs.umass.edu/~elm,Li-BrU4AAAAJ
Erik Grönvall,IT University of Copenhagen,https://pure.itu.dk/portal/en/persons/erik-groenvall(1e0534b4-fe3e-4c5e-ad6d-5f1c7df6a14e).html,LQAjXeoAAAAJ
Erik Gundersen Miller,University of Massachusetts Amherst,http://people.cs.umass.edu/~elm,Li-BrU4AAAAJ
Erik Hagersten,Uppsala University,http://user.it.uu.se/~eh,0D8vpBwAAAAJ
Erik Jan van Leeuwen,Utrecht University,http://www.erikjanvl.nl,uplxP0cAAAAJ
Erik L. Andersen,Cornell University,http://www.cs.cornell.edu/~eland,iDMvmEYAAAAJ
Erik M. Fredericks,Oakland University,https://oakland.edu/secs/directory/fredericks,wpdiGa0AAAAJ
Erik P. de Vink,TU Eindhoven,http://www.win.tue.nl/~evink,1L7UeyMAAAAJ
Erik Perrins,University of Kansas,https://people.eecs.ku.edu/~esp/doku,JdQ8BYwAAAAJ
Erik Poll,Radboud University,http://www.cs.ru.nl/E.Poll,rsJ5kGYAAAAJ
Erik S. Perrins,University of Kansas,https://people.eecs.ku.edu/~esp/doku,JdQ8BYwAAAAJ
Erik Saule,UNC - Charlotte,https://webpages.uncc.edu/~esaule/public-website/welcome.html,QoClHFIAAAAJ
Erik Sintorn,Chalmers/GU,https://www.chalmers.se/en/staff/Pages/erik-sintorn.aspx,dGeukVsAAAAJ
Erik Stolterman,Indiana University,https://www.soic.indiana.edu/all-people/profile.html?profile_id=305,iotMZFMAAAAJ
Erik Waingarten,University of Pennsylvania,https://sites.google.com/site/erikwaing/home,Yh0IoBgAAAAJ
Erik Winfree,California Institute of Technology,http://www.dna.caltech.edu/~winfree,5GQF2FwAAAAJ
Erik van der Kouwe,VU Amsterdam,https://www.vusec.net/people/erik-van-der-kouwe,lY6_v1EAAAAJ
Erika Ábrahám,RWTH Aachen University,http://www-i2.informatik.rwth-aachen.de/i2/eab,NOSCHOLARPAGE
Erika Ábrahám-Mumm,RWTH Aachen University,http://www-i2.informatik.rwth-aachen.de/i2/eab,NOSCHOLARPAGE
Eriko Fukuda,Tilburg University,https://www.tilburguniversity.edu/webwijs/show/e.fukuda.htm,NOSCHOLARPAGE
Erin Brady,IUPUI,https://soic.iupui.edu/people/erin-brady,BAZIWBUAAAAJ
Erin K. Molloy,University of Maryland - College Park,https://www.cs.umd.edu/article/2020/07/new-professors-join-computer-science-faculty,DZshML0AAAAJ
Erin L. Brady,IUPUI,https://soic.iupui.edu/people/erin-brady,BAZIWBUAAAAJ
Erin Parker,University of Utah,http://www.cs.utah.edu/~parker,NOSCHOLARPAGE
Erin Solovey,Worcester Polytechnic Institute,https://users.wpi.edu/~esolovey,d3Xr2dcAAAAJ
Erin Treacy Solovey,Worcester Polytechnic Institute,https://users.wpi.edu/~esolovey,d3Xr2dcAAAAJ
Erin W. Chambers,Saint Louis University,https://cs.slu.edu/~chambers/,3JRh4RUAAAAJ
Erin Walker,University of Pittsburgh,https://cs.pitt.edu/faculty/tenure-stream/erin-walker,5P7Vo2IAAAAJ
Erisa Karafili,University of Southampton,https://www.ecs.soton.ac.uk/people/ek1c19,cmVbXGQAAAAJ
Erkan Uslu,Yıldız Technical University,https://www.ce.yildiz.edu.tr/personal/erkan?lang=en,NOSCHOLARPAGE
Erkay Savas,Sabancı University,http://people.sabanciuniv.edu/~erkays,biKy5tsAAAAJ
Erkki Luuk,University of Tartu,http://www.ut.ee/en/erkki-luuk,3JSc8DUAAAAJ
Erkun Yang,Xidian University,https://faculty.xidian.edu.cn/YangErkun/zh_CN/index/434064/list/index.htm,jo8L49AAAAAJ
Erkut Erdem,Hacettepe University,https://web.cs.hacettepe.edu.tr/~erkut,eALwl74AAAAJ
Erland Holmström,Chalmers/GU,https://www.chalmers.se/en/staff/Pages/erland.aspx,NOSCHOLARPAGE
Erland Jonsson,Chalmers/GU,https://www.chalmers.se/en/staff/Pages/erland-jonsson.aspx,TSK-EHYAAAAJ
Erma Rahayu Mohd Faizal Abdullah,University of Malaya,https://umexpert.um.edu.my/erma,SzdAufgAAAAJ
Erman Ayday,Case Western Reserve University,https://engineering.case.edu/profiles/exa208,o-4PzycAAAAJ
Ernest Davis,New York University,http://cs.nyu.edu/davise,tLO-x-IAAAAJ
Ernesto Compatangelo,University of Aberdeen,https://www.abdn.ac.uk/people/e.compatangelo,NOSCHOLARPAGE
Ernesto G. Birgin,USP,http://www.ime.usp.br/~egbirgin,K5oE4mAAAAAJ
Ernesto Jiménez-Ruiz,City University of London,https://www.city.ac.uk/people/academics/ernesto-jimenez-ruiz,07ioke0AAAAJ
Ernesto Priego,City University of London,https://www.city.ac.uk/people/academics/ernesto-priego,GrftN9AAAAAJ
Ernesto William De Luca,University of Magdeburg,http://dtdh.ovgu.de,j0Z4fwAAAAJ
Ernst Althaus,University of Mainz,https://www.algorithmics.informatik.uni-mainz.de/people/ernst-althaus,NOSCHOLARPAGE
Ernst Denert,TU Munich,http://wwwbroy.informatik.tu-muenchen.de/~denert,NOSCHOLARPAGE
Ernst Günter Schukat-Talamazzini,Friedrich Schiller University Jena,http://www.minet.uni-jena.de/www/fakultaet/schukat,NOSCHOLARPAGE
Ernst Leiss,University of Houston,http://www.uh.edu/nsm/computer-science/people/faculty,_oaGlK0AAAAJ
Ernst-Rüdiger Olderog,University of Oldenburg,https://uol.de/en/computingscience/csd/persons-contacts/prof-dr-ernst-ruediger-olderog,G57CATkAAAAJ
Erol Kazan,IT University of Copenhagen,https://pure.itu.dk/portal/en/persons/erol-kazan(1f20a1a6-2a95-4fb1-8f8b-444b441f6afe).html,7qkYh8oAAAAJ
Erol Sahin,Middle East Technical University,http://www.kovan.ceng.metu.edu.tr/~erol/Home.html,aO-849gAAAAJ
Erqiang Zhou,UESTC,https://www.is.uestc.edu.cn/teachers.do?id=1095,NOSCHOLARPAGE
Errol L. Lloyd,University of Delaware,https://www.eecis.udel.edu/~elloyd,805n5zYAAAAJ
Ersin Uzun,Rochester Institute of Technology,https://www.rit.edu/directory/exugci-ersin-uzun,-sf4IhMAAAAJ
Ertan Onur,Middle East Technical University,https://eonur.ceng.metu.edu.tr/blog,6ybYW3QAAAAJ
Erukala Suresh Babu,National Institute of Technology Warangal,https://wsdc.nitw.ac.in/facultynew/facultyprofile/id/16879,NzeOVE0AAAAJ
Erwin M. Bakker,Leiden University,https://liacs.leidenuniv.nl/~bakkerem2/,XSsSrhEAAAAJ
Erwin P. Bottinger,Hasso Plattner Institute,https://hpi.de/en/the-hpi/people/professors/prof-dr-ewin-boettinger.html,3dWDnnYAAAAJ
Erwin P. Böttinger,Hasso Plattner Institute,https://hpi.de/en/the-hpi/people/professors/prof-dr-ewin-boettinger.html,3dWDnnYAAAAJ
Eryk Kopczynski,University of Warsaw,https://www.mimuw.edu.pl/~erykk,KyoDvw4AAAAJ
Esa Rahtu,Tampere University,https://www.tuni.fi/en/esa-rahtu,SmGZwHYAAAAJ
Esam El-Araby,University of Kansas,http://www.ittc.ku.edu/~esam,Ajlx9soAAAAJ
Esat Belviranli,Colorado School of Mines,https://mehmet.belviranli.com,8FX4WfwAAAAJ
Esfandiar Haghverdi,Indiana University,http://homes.soic.indiana.edu/ehaghver,NOSCHOLARPAGE
Esfandiar Mohammadi,University of Lübeck,https://www.its.uni-luebeck.de/mitarbeiterinnen/esfandiar-mohammadi.html,O9Z2mN8AAAAJ
Eshan Chattopadhyay,Cornell University,https://www.cs.cornell.edu/~eshan,NOSCHOLARPAGE
Eshed Ohn-Bar,Boston University,https://eshed1.github.io,p9zVBV4AAAAJ
Eshwar Chandrasekharan,Univ. of Illinois at Urbana-Champaign,http://www.eshwarchandrasekharan.com/,1cPwS48AAAAJ
Esko Turunen,Tampere University,https://www.tuni.fi/en/esko-turunen,mLMNubsAAAAJ
Esma Aïmeur,University of Montreal,http://www.iro.umontreal.ca/~aimeur,rBTFbxYAAAAJ
Espen Aarseth,IT University of Copenhagen,https://pure.itu.dk/portal/en/persons/espen-aarseth(487cead7-277a-461f-9b82-9d6c4c18c276).html,xxdwlx8AAAAJ
Esra Akbas,Oklahoma State University,http://www.cs.okstate.edu/~eakbas,jlN9gEYAAAAJ
Esra Alzaghoul,University of Jordan,http://eacademic.ju.edu.jo/e.zaghoul,mmo_E_AAAAAJ
Esra Erdem 0001,Sabancı University,http://people.sabanciuniv.edu/~esraerdem,q-hZTe0AAAAJ
Esra Fawaz Ahmad Alzaghoul,University of Jordan,http://eacademic.ju.edu.jo/e.zaghoul,mmo_E_AAAAAJ
Essam Badreddin,Heidelberg University,http://proaut.ziti.uni-heidelberg.de/joomla/index.php/en/staff/head,NOSCHOLARPAGE
Essam Mansour 0001,Concordia University,http://emansour.com/,dqgckDgAAAAJ
Essameddin Badreddin,Heidelberg University,http://proaut.ziti.uni-heidelberg.de/joomla/index.php/en/staff/head,NOSCHOLARPAGE
Esteban Clua,UFF,http://www2.ic.uff.br/~esteban,p1-e5NMAAAAJ
Esteban E. Mocskos,University of Buenos Aires,https://www.dc.uba.ar/inv/lsc/EMosckos,Epv1jNoAAAAJ
Esteban Feuerstein,University of Buenos Aires,http://www-2.dc.uba.ar/profesores/feuerstein,tPLDixQAAAAJ
Esteban W. G. Clua,UFF,http://www2.ic.uff.br/~esteban,p1-e5NMAAAAJ
Esteban Walter Gonzalez Clua,UFF,http://www2.ic.uff.br/~esteban,p1-e5NMAAAAJ
Esteban Zindel Feuerstein,University of Buenos Aires,http://www-2.dc.uba.ar/profesores/feuerstein,tPLDixQAAAAJ
Esther Mondragón,City University of London,https://www.city.ac.uk/people/academics/esther-mondragon,y6yXLDcAAAAJ
Esther Salami San Juan,Polytechnic University of Catalonia,https://icarus.upc.edu/en/staff-and-collaborators/staff,NOSCHOLARPAGE
Estrid He,RMIT University,https://www.rmit.edu.au/contact/staff-contacts/academic-staff/h/he-dr-estrid,Lwso-psAAAAJ
Ethan Cecchetti,University of Wisconsin - Madison,https://ethan.umiacs.io,GoanxxoAAAAJ
Ethan Katz-Bassett,Columbia University,http://www-bcf.usc.edu/~katzbass,CknstQwAAAAJ
Ethan L. Miller,Univ. of California - Santa Cruz,https://users.soe.ucsc.edu/~elm,fnVvzq8AAAAJ
Ethan V. Munson,University of Wisconsin - Milwaukee,https://uwm.edu/engineering/people/munson-ph-d-ethan,LbUcU9EAAAAJ
Ethan Zuckerman,University of Massachusetts Amherst,http://www.ethanzuckerman.com/blog,1lvJXKQAAAAJ
Ethel Chua Joy Ong,De La Salle University,https://www.dlsu.edu.ph/colleges/ccs/faculty-profile/single/?id=32742696153&command=GETPROFILE,mssKyjgAAAAJ
Ethel Chuajoy Ong,De La Salle University,https://www.dlsu.edu.ph/colleges/ccs/faculty-profile/single/?id=32742696153&command=GETPROFILE,mssKyjgAAAAJ
Ethel Ong,De La Salle University,https://www.dlsu.edu.ph/colleges/ccs/faculty-profile/single/?id=32742696153&command=GETPROFILE,mssKyjgAAAAJ
Ethem Alpaydin,Özyeğin University,https://faculty.ozyegin.edu.tr/ethemalpaydin,lXYKgiYAAAAJ
Etienne Gagnon,Université du Québec à Montréal,https://professeurs.uqam.ca/professeur/gagnon.etienne_m/,NOSCHOLARPAGE
Etienne M. Gagnon,Université du Québec à Montréal,https://professeurs.uqam.ca/professeur/gagnon.etienne_m/,NOSCHOLARPAGE
Etienne Vouga,University of Texas at Austin,http://www.cs.utexas.edu/users/evouga,Pm23sq4AAAAJ
Etimad A. Fadel,King Abdulaziz University,http://eafadel.kau.edu.sa/Default.aspx?Site_ID=0004108&lng=EN,NOSCHOLARPAGE
Ettore Merlo,Polytechnique Montreal,https://www.polymtl.ca/expertises/en/merlo-ettore,NOSCHOLARPAGE
Euee S. Jang,Hanyang University,http://dmlab.hanyang.ac.kr/professor,nBemrMgAAAAJ
Euee Seon Jang,Hanyang University,http://dmlab.hanyang.ac.kr/professor,nBemrMgAAAAJ
Eugene Agichtein,Emory University,https://cs.emory.edu/~eugene,3BX3vWcAAAAJ
Eugene Belilovsky,Concordia University,http://eugenium.github.io/,CffJDoEAAAAJ
Eugene Charniak,Brown University,https://cs.brown.edu/~ec,_XHudx4AAAAJ
Eugene Fiume,Simon Fraser University,https://www.sfu.ca/computing/people/faculty/eugenefiume.html,FHwvVmkAAAAJ
Eugene H. Spafford,Purdue University,https://spaf.cerias.purdue.edu,MkC5kHcAAAAJ
Eugene Roventa,York University,http://eecs.lassonde.yorku.ca/faculty/eugene-roventa,NOSCHOLARPAGE
Eugene Syriani,University of Montreal,http://www-ens.iro.umontreal.ca/~syriani,iQlrBWkAAAAJ
Eugene Vasserman,Kansas State University,http://people.cs.ksu.edu/~eyv,cEBIS9oAAAAJ
Eugene W. Myers [CBG],Max Planck Society,https://www.mpi-cbg.de/research-groups/current-groups/gene-myers/group-leader,jlas1aMAAAAJ
Eugene W. Stark,Stony Brook University,http://bsd7.cs.sunysb.edu/~stark,a_JbJBwAAAAJ
Eugene Wu 0002,Columbia University,http://www.cs.columbia.edu/~ewu,X53rkecAAAAJ
Eugene Zhang,Oregon State University,http://web.engr.oregonstate.edu/~zhange,hbrClrEAAAAJ
Eugenia Ha Rim Rho,Virginia Tech,https://website.cs.vt.edu/people/faculty/eugenia-rho.html,RWpkmWwAAAAJ
Eugenia Ternovska,Simon Fraser University,http://www.cs.sfu.ca/~ter,NOSCHOLARPAGE
Eugenia Ternovskaia,Simon Fraser University,http://www.cs.sfu.ca/~ter,NOSCHOLARPAGE
Eugenio Zimeo,University of Sannio,https://www.unisannio.it/en/users/Eugenio-Zimeo,o8-JBUEAAAAJ
Eugénie Foustoucos,AUEB,https://uregister-ldap.aueb.gr/en/content/applied-mathematics-informatics-finance-and-operational-research-sector,t1TycUYAAAAJ
Eui-Nam Huh,Kyung Hee University,http://icnslab.net/#/introduction,0ATpZl0AAAAJ
Eui-nam Huh,Kyung Hee University,http://icnslab.net/#/introduction,0ATpZl0AAAAJ
Euijin Choo,University of Alberta,https://alleychoo.github.io/,ISmS4C8AAAAJ
Euijong Whang,KAIST,http://stevenwhang.com,w6hts30AAAAJ
Euiseong Seo,Sungkyunkwan University,http://csl.skku.edu,VjycY14AAAAJ
Euiwoong Lee,University of Michigan,https://web.eecs.umich.edu/~euiwoong,9Yxhn6oAAAAJ
Eul Gyu Im,Hanyang University,http://usecurity.hanyang.ac.kr/people/professor,DTq34zQAAAAJ
Eul-Gyu Im,Hanyang University,http://usecurity.hanyang.ac.kr/people/professor,DTq34zQAAAAJ
Eun Jung Kim 0001,Texas A&M University,http://faculty.cse.tamu.edu/ejkim,sc9YppcAAAAJ
Eun Kyoung Choe,University of Maryland - College Park,https://terpconnect.umd.edu/~choe,YjSJWqkAAAAJ
Eun-Seok Lee 0001,Sungkyunkwan University,https://sites.google.com/view/skkuselab/about,pvUFE7EAAAAJ
EunSeok Lee 0001,Sungkyunkwan University,https://sites.google.com/view/skkuselab/about,pvUFE7EAAAAJ
Eunbyung Park,Sungkyunkwan University,https://silverbottlep.github.io/,iPyuJmQAAAAJ
Eunho Yang,KAIST,https://ml.kaist.ac.kr/labs,NOSCHOLARPAGE
Eunhyeok Park,POSTECH,https://sites.google.com/view/eh-p,pBr1GV4AAAAJ
Eunice E. Santos,Illinois Institute of Technology,https://science.iit.edu/people/faculty/eunice-santos,NOSCHOLARPAGE
Eunil Park,Sungkyunkwan University,http://dsl.skku.edu,RILiQ3gAAAAJ
Eunjee Song,Baylor University,https://www.ecs.baylor.edu/index.php?id=961988,KJQExiIAAAAJ
Eunjin Oh 0001,POSTECH,https://sites.google.com/view/eunjinoh,HDOzXuEAAAAJ
Eunjoo Lee,Kyungpook National University,http://zorba.knu.ac.kr,qktG3K8AAAAJ
Eunjung Kim 0001,Texas A&M University,http://faculty.cse.tamu.edu/ejkim,sc9YppcAAAAJ
Eunok Paek,Hanyang University,http://bislab.hanyang.ac.kr/index.php?mid=Professor,NlXEWLQAAAAJ
Eunseok Lee 0001,Sungkyunkwan University,https://sites.google.com/view/skkuselab/about,pvUFE7EAAAAJ
Eunsol Choi,University of Texas at Austin,https://homes.cs.washington.edu/~eunsol,dCEcahMAAAAJ
Eunsuk Kang,Carnegie Mellon University,https://eskang.github.io,Pz0Nzr8AAAAJ
Eusebius J. Doedel,Concordia University,http://cmvl.cs.concordia.ca/doedel.html,2Hhnhn0AAAAJ
Eva A. C. Bittner,University of Hamburg,https://www.inf.uni-hamburg.de/inst/ab/wists/people/bittner.html,Rqe4a1QAAAAJ
Eva Alice Christiane Bittner,University of Hamburg,https://www.inf.uni-hamburg.de/inst/ab/wists/people/bittner.html,Rqe4a1QAAAAJ
Eva Benkova,IST Austria,https://ist.ac.at/research/research-groups/benkova-group,NOSCHOLARPAGE
Eva Darulova [SWS],Max Planck Society,http://www.mpi-sws.org/~eva,GrC1RcEAAAAJ
Eva Eriksson,Chalmers/GU,https://www.chalmers.se/en/staff/Pages/eva-eriksson.aspx,Zr2s6EAAAAAJ
Eva Heinrich,Massey University,http://www.massey.ac.nz/massey/learning/colleges/college-of-sciences/staff-profile.cfm?stref=474230,yYMCSSwAAAAJ
Eva Hladká,Masaryk University,https://www.muni.cz/en/people/2053,8cg5zgYAAAAJ
Eva Hornecker,Bauhaus University Weimar,https://www.uni-weimar.de/en/media/institutes/digital-bauhaus-lab/people/prof-dr-eva-hornecker,D-F9a1AAAAAJ
Eva Kalyvianaki,University of Cambridge,https://www.cl.cam.ac.uk/~ek264,8nhT3JAAAAAJ
Eva Kühn,TU Wien,http://www.complang.tuwien.ac.at/eva,NOSCHOLARPAGE
Eva L. Dyer,Georgia Institute of Technology,https://dyerlab.gatech.edu/,Sb_jcHcAAAAJ
Eva M. Navarro-Lopez,University of Manchester,http://www.cs.man.ac.uk/~navarroe,1IDSDUwAAAAJ
Eva Maria Kuehn,TU Wien,http://www.complang.tuwien.ac.at/eva,NOSCHOLARPAGE
Eva Maria Kühn,TU Wien,http://www.complang.tuwien.ac.at/eva,NOSCHOLARPAGE
Eva Marín-Tordera,Polytechnic University of Catalonia,https://craax.upc.edu/eva,NOSCHOLARPAGE
Eva Rodriguez,Polytechnic University of Catalonia,http://www.crcsi.com.au/about/our-people/eva-rodriguez-rodriguez,6-ZbUAoAAAAJ
Eva Rotenberg,DTU,https://www.compute.dtu.dk/english,NOSCHOLARPAGE
Evaggelia Pitoura,University of Ioannina,https://cs.uoi.gr/~pitoura,3r_xVvkAAAAJ
Evan A. Suma,University of Minnesota,https://illusioneering.cs.umn.edu,yK8fnhkAAAAJ
Evan Barba,Georgetown University,http://explore.georgetown.edu/people/eb892,mecUsgMAAAAJ
Evan F. Y. Young,Chinese University of Hong Kong,http://www.cse.cuhk.edu.hk/~fyyoung,dRpbUkMAAAAJ
Evan S. Raskob,Goldsmiths University of London,https://www.gold.ac.uk/computing/people/raskob-evan,NOSCHOLARPAGE
Evan Suma Rosenberg,University of Minnesota,https://illusioneering.cs.umn.edu,yK8fnhkAAAAJ
Evangelia Anna Markatou,TU Delft,https://markatou.github.io/,GRm4MWMAAAAJ
Evangelia Kalyvianaki,University of Cambridge,https://www.cl.cam.ac.uk/~ek264,8nhT3JAAAAAJ
Evangeline F. Y. Young,Chinese University of Hong Kong,http://www.cse.cuhk.edu.hk/~fyyoung,dRpbUkMAAAAJ
Evangelos A. Theodorou,Georgia Institute of Technology,https://ae.gatech.edu/people/evangelos-theodorou,dG9MV7oAAAAJ
Evangelos A. Yfantis,University of Nevada Las Vegas,https://www.unlv.edu/people/dr-evangelos-yfantis,NOSCHOLARPAGE
Evangelos E. Milios,Dalhousie University,https://www.cs.dal.ca/~eem,ME8aQywAAAAJ
Evangelos E. Papalexakis,Univ. of California - Riverside,https://www.cs.cmu.edu/~epapalex,2P1kinAAAAAJ
Evangelos Kalogerakis,University of Massachusetts Amherst,http://people.cs.umass.edu/~kalo,8TwcVQcAAAAJ
Evangelos Kanoulas,University of Amsterdam,https://staff.fnwi.uva.nl/e.kanoulas,0HybxV4AAAAJ
Evangelos Karapanos,Cyprus University of Technology,https://www.cut.ac.cy/faculties/comm/cis/staff/evangelos.karapanos/?languageId=1,wLsiwB0AAAAJ
Evangelos Kranakis,Carleton University,http://www.scs.carleton.ca/~kranakis,fDcEuo4AAAAJ
Evangelos Markakis,AUEB,http://pages.cs.aueb.gr/~markakis,NOSCHOLARPAGE
Evangelos P. Markatos,University of Crete,https://www.csd.uoc.gr/CSD/index.jsp?custom=evangelos_markatos&lang=en,Wk7e-kIAAAAJ
Evangelos Papapetrou,University of Ioannina,https://cs.uoi.gr/~epap,R6Ldg5UAAAAJ
Evangelos Pournaras,University of Leeds,https://eps.leeds.ac.uk/computing/staff/6446/dr-evangelos-pournaras,EffH1CEAAAAJ
Evangelos Sakkopoulos,University of Piraeus,https://www.unipi.gr/unipi/en/sakkopul.html,gLzYZ9wAAAAJ
Evangelos Triantaphyllou,Louisiana State University,https://www.lsu.edu/eng/cse/people/faculty/triantaphyllou.php,kZDreZsAAAAJ
Evanthia Papadopoulou,Università della Svizzera italiana,http://search.usi.ch/people/8ad62e7fa5453718517c654c013c13cb/Papadopoulou-Evanthia,nkMN6x0AAAAJ
Eve E. Hoggan,Aarhus University,http://www.evehoggan.com,EIU2kHUAAAAJ
Eve Elizabeth Hoggan,Aarhus University,http://www.evehoggan.com,EIU2kHUAAAAJ
Evelyn Lulis,DePaul University,http://www.cdm.depaul.edu/about/Pages/People/facultyinfo.aspx?fid=219,NOSCHOLARPAGE
Evert Haasdijk,VU Amsterdam,http://www.cs.vu.nl/ci/node/391,qGWvb-EAAAAJ
Evgenia Smirni,College of William and Mary,http://www.cs.wm.edu/~esmirni,1Ed4HYUAAAAJ
Evgenia Ternovska,Simon Fraser University,http://www.cs.sfu.ca/~ter,NOSCHOLARPAGE
Evgenios M. Kornaropoulos,George Mason University,https://cs.gmu.edu/~evgenios,2s0r_AkAAAAJ
Evgueni N. Smirnov,Maastricht University,https://www.maastrichtuniversity.nl/smirnov,zEfk244AAAAJ
Evgueni Nikolaevich Smirnov,Maastricht University,https://www.maastrichtuniversity.nl/smirnov,zEfk244AAAAJ
Evi Micha,University of Southern California,https://www.cs.toronto.edu/~emicha/,Q4fRcEoAAAAJ
Evimaria Terzi,Boston University,http://www.cs.bu.edu/~evimaria,j6KFCRAAAAAJ
Ewa Szczurek,University of Warsaw,https://www.mimuw.edu.pl/~szczurek,hltmGf0AAAAJ
Ewan D. Tempero,University of Auckland,https://www.cs.auckland.ac.nz/~ewan,ciAtQzgAAAAJ
Ewert Bengtsson,Uppsala University,http://www.cb.uu.se/~ewert,3rdSJSgAAAAJ
Eyal Kushilevitz,Technion,http://www.cs.technion.ac.il/~eyalk,gUGK3TYAAAAJ
Eyal Ronen,Tel Aviv University,https://eyalro.net/,jDyCADyMIQgC
Eyal de Lara,University of Toronto,http://www.cs.toronto.edu/~delara,KfGfDvcAAAAJ
Eyke Hüllermeier,LMU Munich,https://www.kiml.ifi.lmu.de,usVJeNN3xFAC
Eylon Yogev,Bar-Ilan University,https://www.eylonyogev.com/,5BrpQ74AAAAJ
Eynollah Khanjari,IUST,http://www.iust.ac.ir/content/22145/Dr.Khanjari,7o0YDzkAAAAJ
Eynollah Khanjari Miyaneh,IUST,http://www.iust.ac.ir/content/22145/Dr.Khanjari,7o0YDzkAAAAJ
Eystathios D. Sykas,NTUA,https://www.ece.ntua.gr/en/staff/36,NOSCHOLARPAGE
Eytan Adar,University of Michigan,http://www.cond.org,4tMapHYAAAAJ
Eytan Ruppin,University of Maryland - College Park,https://www.cs.umd.edu/people/ruppinumiacsumdedu,L3KXa3cAAAAJ
Eyuphan Bulut,Virginia Commonwealth University,http://www.people.vcu.edu/~ebulut,wvvIyOwAAAAJ
Ezio Bartocci,TU Wien,http://www.eziobartocci.com,EeK43rAAAAAJ
Éric Beaudry,Université du Québec à Montréal,http://ericbeaudry.uqam.ca/index.en.html,OtllxVQAAAAJ
Éric Granger,ETS Montreal,https://etsmtl.ca/Professeurs/egranger/Accueil?lang=en-CA,TmfbdagAAAAJ
Éric Schost,University of Waterloo,https://cs.uwaterloo.ca/~eschost/,qWXMDWkAAAAJ
Éva Tardos,Cornell University,http://www.cs.cornell.edu/~eva,h6jljQQAAAAJ
