name,affiliation,homepage,scholarid
G. A. Kavvos,University of Bristol,https://www.lambdabetaeta.eu,yWerYFkAAAAJ
G. D. Marques,Universidade de Lisboa,https://sotis.tecnico.ulisboa.pt/researcher/ist23556,huDxPRYAAAAJ
G. Edward Suh,Cornell University,http://www.csl.cornell.edu/~suh,NOSCHOLARPAGE
G. Elisabeta Marai,University of Illinois at Chicago,https://www.evl.uic.edu/marai,xPCVtawAAAAJ
G. Michael Poor,Baylor University,https://www.ecs.baylor.edu/index.php?id=961977,NOSCHOLARPAGE
G. N. Srinivasa Prasanna,IIIT Bangalore,http://www.iiitb.ac.in/faculty_page.php?name=GNSrinivasaPrasanna,NOSCHOLARPAGE
G. P. S. Raghava,IIIT Delhi,http://webs.iiitd.edu.in/raghava,XK5GUiYAAAAJ
G. Sivakumar,IIT Bombay,https://www.cse.iitb.ac.in/~siva,gqHcbCkAAAAJ
G. Srinivasaraghavan 0001,IIIT Bangalore,http://www.iiitb.ac.in/faculty_page.php?name=GSrinivasaraghavan,NOSCHOLARPAGE
G. Stefano Sukhatme,University of Southern California,http://www-robotics.usc.edu/~gaurav,lRUi-A8AAAAJ
Gabe Sibley,University of Colorado Boulder,https://www.colorado.edu/cs/users/gasi6462,MNp5hwoAAAAJ
Gabe T. Sibley,University of Colorado Boulder,https://www.colorado.edu/cs/users/gasi6462,MNp5hwoAAAAJ
Gabi Dreo,Bundeswehr University Munich,https://www.unibw.de/technische-informatik/mitarbeiter/professoren/univ-prof-in-dr-gabi-dreo-rodosek,NOSCHOLARPAGE
Gabi Dreo Rodosek,Bundeswehr University Munich,https://www.unibw.de/technische-informatik/mitarbeiter/professoren/univ-prof-in-dr-gabi-dreo-rodosek,NOSCHOLARPAGE
Gabi Stanovsky,Hebrew University of Jerusalem,https://gabrielstanovsky.github.io,AtkvBFYAAAAJ
Gabi Taentzer,University of Marburg,https://www.uni-marburg.de/fb12/arbeitsgruppen/swt/gabi-taentzer,4Gu2XUEAAAAJ
Gabor C. Temes,Oregon State University,http://eecs.oregonstate.edu/people/temes-gabor,NOSCHOLARPAGE
Gabor Fichtinger,Queen’s University,http://www.cs.queensu.ca/~gabor,_KxkI6UAAAAJ
Gabor Karsai,Vanderbilt University,http://engineering.vanderbilt.edu/bio/gabor-karsai,dShqnssAAAAJ
Gabor T. Herman,CUNY,http://www.dig.cs.gc.cuny.edu/~gabor,B153thgAAAAJ
Gabriel Coutinho,UFMG,http://homepages.dcc.ufmg.br/~gabriel,EpDBGxcAAAAJ
Gabriel Elkaim,Univ. of California - Santa Cruz,https://users.soe.ucsc.edu/~elkaim/elkaim/Home.html,NOSCHOLARPAGE
Gabriel Fierro,Colorado School of Mines,https://home.gtf.fyi/,9wj4L7MAAAAJ
Gabriel Ghinita,University of Massachusetts Boston,http://www.cs.umb.edu/~gghinita,t_AzcmUAAAAJ
Gabriel Girard,Université de Sherbrooke,https://www.usherbrooke.ca/informatique/personnel/corps-professoral/professeurs/gabriel-girard,-Zoh5mIAAAAJ
Gabriel Hugh Elkaim,Univ. of California - Santa Cruz,https://users.soe.ucsc.edu/~elkaim/elkaim/Home.html,NOSCHOLARPAGE
Gabriel J. Brostow,University College London,http://www0.cs.ucl.ac.uk/staff/g.brostow,CZiTv0gAAAAJ
Gabriel L. Nazar,UFRGS,http://inf.ufrgs.br/~glnazar,z6oRVPUAAAAJ
Gabriel Luca Nazar,UFRGS,http://inf.ufrgs.br/~glnazar,z6oRVPUAAAAJ
Gabriel López,University of Murcia,http://webs.um.es/gabilm/miwiki/doku.php,TogbwmUAAAAJ
Gabriel López Millán,University of Murcia,http://webs.um.es/gabilm/miwiki/doku.php,TogbwmUAAAAJ
Gabriel Mark Kuper,University of Trento,http://disi.unitn.eu/~kuper,9zljEDcAAAAJ
Gabriel Nivasch,Ariel University,http://www.ariel.ac.il/Projects/TRP/GeneralInformation.asp?numRec=365&numtafrit=1&id_lang=1&d=,s11gsQUAAAAJ
Gabriel Parmer,George Washington University,https://www.seas.gwu.edu/~gparmer,NOSCHOLARPAGE
Gabriel Rodríguez 0001,University of A Coruña,https://gac.udc.es/~gabriel,fDXzifcAAAAJ
Gabriel Stanovsky,Hebrew University of Jerusalem,https://gabrielstanovsky.github.io,AtkvBFYAAAAJ
Gabriel Taubin,Brown University,http://mesh.brown.edu/taubin,saeqVMUAAAAJ
Gabriel Terejanu,UNC - Charlotte,http://www.UncertaintyQuantification.org,Z7LP12kAAAAJ
Gabriel Tsechpenakis,IUPUI,http://cs.iupui.edu/people/gavriil-tsechpenakis,y7uuI7gAAAAJ
Gabriel Wittum,KAUST,https://cemse.kaust.edu.sa/people/person/gabriel-wittum,GYubNyUAAAAJ
Gabriel Zachmann,University of Bremen,http://www.informatik.uni-bremen.de/~zach,rB_y-IkAAAAJ
Gabriela Czibula,Babeș-Bolyai University,http://www.cs.ubbcluj.ro/~gabis,0_ybi_oAAAAJ
Gabriela Montoya,Aalborg University,https://vbn.aau.dk/en/persons/gabriela-valentina-montoya-castillo,qXfMXnYAAAAJ
Gabriela Serban,Babeș-Bolyai University,http://www.cs.ubbcluj.ro/~gabis,0_ybi_oAAAAJ
Gabriela Serban Czibula,Babeș-Bolyai University,http://www.cs.ubbcluj.ro/~gabis,0_ybi_oAAAAJ
Gabriele Anderst-Kotsis,JKU Linz,https://www.jku.at/institut-fuer-telekooperation/ueber-uns/team/gabriele-anderst-kotsis,9QhutOMAAAAJ
Gabriele Bavota,Università della Svizzera italiana,http://search.usi.ch/people/e63382729ce424274797f0c45f4bc7e8/Bavota-Gabriele,inc2FLEAAAAJ
Gabriele E. Danninger-Uchida,University of Vienna,https://cs.univie.ac.at/gabriele.uchida,NOSCHOLARPAGE
Gabriele Guidi 0001,Indiana University,https://luddy.indiana.edu/contact/profile/index.html?Gabriele_Guidi,cSScT5EAAAAJ
Gabriele Kern-Isberner,TU Dortmund,https://ls1-www.cs.tu-dortmund.de/de/kontakt-gabriele-kern-isberner,NOSCHOLARPAGE
Gabriele Kotsis,JKU Linz,https://www.jku.at/institut-fuer-telekooperation/ueber-uns/team/gabriele-anderst-kotsis,9QhutOMAAAAJ
Gabriele Meiselwitz,Towson University,https://www.towson.edu/fcsm/departments/computerinfosci/facultystaff/gmeiselwitz.html,NOSCHOLARPAGE
Gabriele Mencagli,University of Pisa,http://www.di.unipi.it/~mencagli,V7hWtykAAAAJ
Gabriele Pergola,University of Warwick,https://warwick.ac.uk/fac/sci/dcs/people/u1898418/,3jIiOFEAAAAJ
Gabriele Taentzer,University of Marburg,https://www.uni-marburg.de/fb12/arbeitsgruppen/swt/gabi-taentzer,4Gu2XUEAAAAJ
Gabriele Tolomei,Sapienza University of Rome,https://www.di.uniroma1.it/~tolomei,Y2R2DXEAAAAJ
Gabriele Uchida,University of Vienna,https://cs.univie.ac.at/gabriele.uchida,NOSCHOLARPAGE
Gabriele von Voigt,University of Hannover,https://www.chi.uni-hannover.de/vonvoigt.html,NOSCHOLARPAGE
Gaby Dagher,Boise State University,http://cs.boisestate.edu/~gdagher,NOSCHOLARPAGE
Gad M. Landau,University of Haifa,http://cs.haifa.ac.il/LANDAU/landau.html,NOSCHOLARPAGE
Gady Agam,Illinois Institute of Technology,https://science.iit.edu/people/faculty/gady-agam,0wKmvY0AAAAJ
Gagan Agrawal,University of Georgia,https://www.linkedin.com/in/gaganagrawal2/,kOUPR1sAAAAJ
Gagan Garg,DAIICT,http://www.daiict.ac.in/daiict/people/faculty.html,0FoDjjIAAAAJ
Gagandeep Singh 0001,Univ. of Illinois at Urbana-Champaign,https://ggndpsngh.github.io,m4b2ruEAAAAJ
Gahgene Gweon,Seoul National University,http://cclab.snu.ac.kr,l4hK4eEAAAAJ
Gaia Maselli,Sapienza University of Rome,https://sites.google.com/a/uniroma1.it/gaiamaselli-eng,-KL6m2AAAAAJ
Gaia Novarino,IST Austria,https://ist.ac.at/research/research-groups/novarino-group,S7ZK_zYAAAAJ
Gail C. Murphy,University of British Columbia,http://www.cs.ubc.ca/~murphy,EGA1deoAAAAJ
Gail E. Kaiser,Columbia University,http://www.cs.columbia.edu/~kaiser,LIdVlPsAAAAJ
Gail Hopkins,University of Nottingham,https://www.nottingham.ac.uk/computerscience/people/gail.hopkins,NOSCHOLARPAGE
Gail-Joon Ahn,Arizona State University,http://www.public.asu.edu/~gahn1,_dzO69sAAAAJ
Gajendra P. S. Raghava,IIIT Delhi,http://webs.iiitd.edu.in/raghava,XK5GUiYAAAAJ
Gajendra Pal Singh Raghava,IIIT Delhi,http://webs.iiitd.edu.in/raghava,XK5GUiYAAAAJ
Gal A. Kaminka,Bar-Ilan University,http://u.cs.biu.ac.il/~galk,AyzlRJwAAAAJ
Gal Chechik,Bar-Ilan University,https://chechiklab.biu.ac.il/,Wk2gAZUAAAAJ
Gal Mishne,Univ. of California - San Diego,https://datascience.ucsd.edu/people/gal-mishne/,KrwpdXYAAAAJ
Ganapati Bhat,Washington State University,https://www.public.asu.edu/~gmbhat,MVnzUKEAAAAJ
Ganesh Bagler,IIIT Delhi,http://faculty.iiitd.ac.in/~bagler,qyth_0QAAAAJ
Ganesh Gopalakrishnan,University of Utah,https://www.cs.utah.edu/~ganesh,uvoOgnwAAAAJ
Ganesh Ramakrishnan,IIT Bombay,https://www.cse.iitb.ac.in/~ganesh,W1ZpREMAAAAJ
Gang Chen 0001,Zhejiang University,http://mypage.zju.edu.cn/0098112,NOSCHOLARPAGE
Gang Chen 0002,Victoria University of Wellington,https://ecs.victoria.ac.nz/Main/AaronChen,YLB6tnwAAAAJ
Gang Feng 0004,UESTC,http://en.uestc.edu.cn/index.php?m=content&c=index&a=show&catid=79&id=533,7pT4YiUAAAAJ
Gang Huang 0001,Peking University,http://sei.pku.edu.cn/~huanggang/index_en.htm,5FxmC14AAAAJ
Gang Pan 0001,Zhejiang University,http://www.cs.zju.edu.cn/~gpan,NWqnXNEAAAAJ
Gang Qu 0001,University of Maryland - College Park,https://ece.umd.edu/~gangqu,NtYVK_MAAAAJ
Gang Tan,Pennsylvania State University,http://www.cse.psu.edu/~gxt29,JP0dqTEAAAAJ
Gang Wang 0011,Univ. of Illinois at Urbana-Champaign,http://people.cs.vt.edu/gangwang,-DfTtxgAAAAJ
Gang Wu 0008,Shanghai Jiao Tong University,http://www.se.sjtu.edu.cn/teacher/teacherdetail.aspx?id=18,NOSCHOLARPAGE
Gang Yang 0001,Renmin University of China,http://info.ruc.edu.cn/academic_professor.php?teacher_id=54,3cuQzxkAAAAJ
Gang Zeng,Peking University,http://www.cis.pku.edu.cn/faculty/vision/zeng,RuHyY6gAAAAJ
Gang Zhou,College of William and Mary,http://www.cs.wm.edu/~gzhou,fOznM_YAAAAJ
Gangshan Wu,Nanjing University,http://mcg.nju.edu.cn/member/gswu/en/index.html,NOSCHOLARPAGE
Gao Cong,Nanyang Technological University,https://www3.ntu.edu.sg/home/gaocong,WFFamJkAAAAJ
Gaoli Wang,East China Normal University,https://faculty.ecnu.edu.cn/_s43/wgl2/main.psp,E51NElcAAAAJ
Gareth A. Conway,Queen's University Belfast,https://www.qub.ac.uk/schools/eeecs/Connect/Staff/BusinessCard/?name=g.conway,hnYRpmsAAAAJ
Gareth Tyson,Queen Mary University of London,http://www.eecs.qmul.ac.uk/~tysong,91hmRA0AAAAJ
Gari D. Clifford,Emory University,http://gdclifford.info/people/gari,VwYoZ6gAAAAJ
Garimella Rama Murthy,IIIT Hyderabad,https://www.iiit.ac.in/people/faculty/ramamurthy,YUWS9LAAAAAJ
Garimella Ramamurthy,IIIT Hyderabad,https://www.iiit.ac.in/people/faculty/ramamurthy,YUWS9LAAAAAJ
Garreth W. Tigwell,Rochester Institute of Technology,https://www.rit.edu/directory/gwtics-garreth-tigwell,It8_yJwAAAAJ
Garrett E. Katz,Syracuse University,http://web.ecs.syr.edu/~gkatz01,bHIqHwEAAAAJ
Garrett S. Rose,University of Tennessee,http://web.eecs.utk.edu/~grose4,Tn07pSYAAAAJ
Garrett Steven Rose,University of Tennessee,http://web.eecs.utk.edu/~grose4,Tn07pSYAAAAJ
Garrison W. Cottrell,Univ. of California - San Diego,https://cseweb.ucsd.edu/~gary,5Aut7EEAAAAJ
Garry Marling,University of Queensland,http://www.smi.uq.edu.au/user/203,NOSCHOLARPAGE
Garvesh Raskutti,University of Wisconsin - Madison,http://pages.cs.wisc.edu/~raskutti,NOSCHOLARPAGE
Gary B. Wills,University of Southampton,https://www.ecs.soton.ac.uk/people/gbw,cFiPgxcAAAAJ
Gary Baumgartner,University of Toronto,http://www.cs.toronto.edu/~gfb,NOSCHOLARPAGE
Gary Bishop,University of North Carolina,https://www.cs.unc.edu/~gb,VV48RpEAAAAJ
Gary Brian Wills,University of Southampton,https://www.ecs.soton.ac.uk/people/gbw,cFiPgxcAAAAJ
Gary Clifford,Emory University,http://gdclifford.info/people/gari,VwYoZ6gAAAAJ
Gary D. Bader,University of Toronto,http://baderlab.org,22M9eisAAAAJ
Gary F. Pollice,Worcester Polytechnic Institute,http://www.wpi.edu/academics/facultydir/gfp.html,NOSCHOLARPAGE
Gary Geunbae Lee,POSTECH,http://nlp.postech.ac.kr/~gblee,t30saScAAAAJ
Gary Gréwal,University of Guelph,http://www.uoguelph.ca/~ggrewal,NOSCHOLARPAGE
Gary Hsieh,University of Washington,http://faculty.washington.edu/garyhs,-hwb_2kAAAAJ
Gary J. Minden,University of Kansas,http://www.eecs.ku.edu/people/faculty/gminden,NOSCHOLARPAGE
Gary K. Fedder,Carnegie Mellon University,https://users.ece.cmu.edu/~fedder,JOMYt6gAAAAJ
Gary L. Miller,Carnegie Mellon University,https://www.cs.cmu.edu/~glmiller,umm-i20AAAAJ
Gary M. Carter,Univ. of Maryland - Baltimore County,http://www.csee.umbc.edu/people/faculty/gary-m-carter,NOSCHOLARPAGE
Gary M. Olson,Univ. of California - Irvine,https://garymolson.com,4XyoYbAAAAAJ
Gary S. H. Tan,National University of Singapore,http://www.comp.nus.edu.sg/~gtan,3XI4ptoAAAAJ
Gary T. Leavens,University of Central Florida,http://www.cs.ucf.edu/~leavens/homepage.html,NuVArIYAAAAJ
Gary Tyson,Florida State University,http://www.cs.fsu.edu/~tyson,vC_bjb0gU4EC
Gary W. Meyer,University of Minnesota,http://umn.edu/home/meyer172,7P_WgjYAAAAJ
Gary William Grewal,University of Guelph,http://www.uoguelph.ca/~ggrewal,NOSCHOLARPAGE
Gasper Tkacik,IST Austria,https://gtkacik.pages.ist.ac.at,arjXIL8AAAAJ
Gaurav Harit,IIT Jodhpur,http://home.iitj.ac.in/~gharit,puzdkHAAAAAJ
Gaurav S. Sukhatme,University of Southern California,http://www-robotics.usc.edu/~gaurav,lRUi-A8AAAAJ
Gaurav Sharma,University of Rochester,https://hajim.rochester.edu/ece/sites/gsharma,OlsDoroAAAAJ
Gaurav Varshney,IIT Jammu,https://www.iitjammu.ac.in/computer_science_engineering/faculty-list/~gauravvarshney,AgLr5dcAAAAJ
Gautam B. Singh,Oakland University,http://secs.oakland.edu/~singh/Homepage/About_Me.html,NOSCHOLARPAGE
Gautam Barua,IIT Guwahati,https://www.iitg.ernet.in/gb,bKrYnrEAAAAJ
Gautam Biswas,Vanderbilt University,http://www.vuse.vanderbilt.edu/~biswas,NOSCHOLARPAGE
Gautam Chetan Kamath,University of Waterloo,http://www.gautamkamath.com,MK6zHkYAAAAJ
Gautam Das 0001,University of Texas at Arlington,http://ranger.uta.edu/~gdas,oleB9xIAAAAJ
Gautam Kamath 0001,University of Waterloo,http://www.gautamkamath.com,MK6zHkYAAAAJ
Gavin Brown 0001,University of Manchester,https://www.research.manchester.ac.uk/portal/Gavin.Brown.html,bdugqKUAAAAJ
Gavin Doherty,Trinity College Dublin,https://www.scss.tcd.ie/Gavin.Doherty,vVG6H9AAAAAJ
Gavin Lowe,University of Oxford,http://www.cs.ox.ac.uk/gavin.lowe,NOSCHOLARPAGE
Gavin McArdle,University College Dublin,https://people.ucd.ie/gavin.mcardle,07pHQ-IAAAAJ
Gavriil Tsechpenakis,IUPUI,http://cs.iupui.edu/people/gavriil-tsechpenakis,y7uuI7gAAAAJ
Gavrill Tsechpenakis,IUPUI,http://cs.iupui.edu/people/gavriil-tsechpenakis,y7uuI7gAAAAJ
Gayane Vardoyan,TU Delft,https://people.cs.umass.edu/~gvardoyan/,iSt_oLcAAAAJ
Gaye Stephens,Trinity College Dublin,https://www.tcd.ie/research/profiles/?profile=gstephen,NOSCHOLARPAGE
Ge Li 0001,Peking University,http://sei.pku.edu.cn/~lige,NOSCHOLARPAGE
Ge Wang 0003,Xi'an Jiaotong University,http://gr.xjtu.edu.cn/web/gewang,ngEGALwAAAAJ
Geber L. Ramalho,UFPE,https://www.cin.ufpe.br/~glr,U970EO4AAAAJ
Geber Lisboa Ramalho,UFPE,https://www.cin.ufpe.br/~glr,U970EO4AAAAJ
Gedare Bloom,UCCS,https://gedare.github.io,8ZBnSl4AAAAJ
Gedas Bertasius,University of North Carolina,https://cs.unc.edu/person/gedas-bertasius,8FWkjw8AAAAJ
Geehyuk Lee,KAIST,http://hcil.kaist.ac.kr/?page_id=349,wBXkmcQAAAAJ
Geert De Maere,University of Nottingham,https://www.nottingham.ac.uk/computerscience/people/geert.de_maere,gS6tO4YAAAAJ
Geert-Jan Houben,TU Delft,http://www.wis.ewi.tudelft.nl/houben,7SLMWEcAAAAJ
Geevarghese Philip,CMI,http://www.cmi.ac.in/~gphilip,3QM3vr4AAAAJ
Geguang Pu,East China Normal University,https://faculty.ecnu.edu.cn/_s43/pgg/main.psp,niQAGcQAAAAJ
Geir E. Dullerud,Univ. of Illinois at Urbana-Champaign,https://mechanical.illinois.edu/directory/faculty/dullerud,afhaKpYAAAAJ
Gemma Roig,Goethe University Frankfurt,http://www.cvai.cs.uni-frankfurt.de/team.html,6MjMhT4AAAAJ
Gen-Huey Chen,National Taiwan University,http://www.csie.ntu.edu.tw/~ghchen,NOSCHOLARPAGE
Gena Hahn,University of Montreal,http://www.iro.umontreal.ca/~hahn,NOSCHOLARPAGE
Genaína Nunes Rodrigues,Universidade de Brasília,http://cic.unb.br/~genaina,qCUFz5AAAAAJ
Gene Cooperman,Northeastern University,http://www.ccs.neu.edu/home/gene,A9tBw58AAAAJ
Gene Myers [CBG],Max Planck Society,https://www.mpi-cbg.de/research-groups/current-groups/gene-myers/group-leader,jlas1aMAAAAJ
Gene Spafford,Purdue University,https://spaf.cerias.purdue.edu,MkC5kHcAAAAJ
Gene Tsudik,Univ. of California - Irvine,http://www.ics.uci.edu/~gts,WLvuu74AAAAJ
Gene W. Myers [CBG],Max Planck Society,http://myerslab.mpi-cbg.de/people/gene,jlas1aMAAAAJ
Genevieve Bell,Australian National University,https://cybernetics.anu.edu.au/people/genevieve-bell/,NOSCHOLARPAGE
Geng Hong,Fudan University,https://ghong.site,XgBZfiUAAAAJ
Geng Wang,Shanghai Jiao Tong University,http://www.se.sjtu.edu.cn/teacher/teacherdetail.aspx?id=25,4mKWajkAAAAJ
Geng Yuan,University of Georgia,https://geng-yuan.com,tBIAgtgAAAAJ
Gennady L. Andrienko,City University of London,https://www.city.ac.uk/people/academics/gennady-andrienko,R370BREAAAAJ
Gennady Pekhimenko,University of Toronto,http://www.cs.toronto.edu/~pekhimenko,ZgqVLuMAAAAJ
Gennaro Costagliola,University of Salerno,http://www.unisa.it/docenti/gennarocostagliola/en/index,j2roIOUAAAAJ
Gennaro Parlato,University of Molise,http://docenti.unimol.it/index.php?u=gennaro.parlato,qH4ssmQAAAAJ
Gennaro Percannella,University of Salerno,http://mivia.unisa.it/people/percannella,Uhn4uusAAAAJ
Genny Tortora,University of Salerno,http://www.unisa.it/docenti/genoveffatortora/index,NOSCHOLARPAGE
Genoveffa Tortora,University of Salerno,http://www.unisa.it/docenti/genoveffatortora/index,NOSCHOLARPAGE
Geoff Bowker,Univ. of California - Irvine,http://www.ics.uci.edu/~gbowker,NOSCHOLARPAGE
Geoff F. Kaufman,Carnegie Mellon University,https://www.hcii.cmu.edu/people/geoff-kaufman,acfjWDAAAAAJ
Geoff Holmes 0001,University of Waikato,https://www.cms.waikato.ac.nz/people/geoff,0rwvyVEAAAAJ
Geoff Kaufman,Carnegie Mellon University,https://www.hcii.cmu.edu/people/geoff-kaufman,acfjWDAAAAAJ
Geoff Leach,RMIT University,https://www.rmit.edu.au/contact/staff-contacts/academic-staff/l/leach-mr-geoff,5RrkpIQAAAAJ
Geoff Nitschke,University of Cape Town,https://people.cs.uct.ac.za/~gnitschke,jgX5HxoAAAAJ
Geoff S. Nitschke,University of Cape Town,https://people.cs.uct.ac.za/~gnitschke,jgX5HxoAAAAJ
Geoff Stuart Nitschke,University of Cape Town,https://people.cs.uct.ac.za/~gnitschke,jgX5HxoAAAAJ
Geoff Sutcliffe,University of Miami,http://www.cs.miami.edu/~geoff,lzMFBvQAAAAJ
Geoff V. Merrett,University of Southampton,https://www.ecs.soton.ac.uk/people/gm1r07,rKw0hb8AAAAJ
Geoff Voelker,Univ. of California - San Diego,http://cseweb.ucsd.edu/~voelker,ZfDtNpUAAAAJ
Geoff Wyvill,University of Otago,http://www.cs.otago.ac.nz/staff/Geoff_Wyvill,NOSCHOLARPAGE
Geoffrey Brown,Indiana University,http://homes.soic.indiana.edu/geobrown,PrxFp1MAAAAJ
Geoffrey C. Bowker,Univ. of California - Irvine,http://www.ics.uci.edu/~gbowker,NOSCHOLARPAGE
Geoffrey C. Fox,University of Virginia,https://engineering.virginia.edu/faculty/geoffrey-c-fox,dJ-fD-sAAAAJ
Geoffrey Challen,University at Buffalo,https://blue.cse.buffalo.edu/people/gwa,lR34_8YAAAAJ
Geoffrey Charles Fox,University of Virginia,https://engineering.virginia.edu/faculty/geoffrey-c-fox,dJ-fD-sAAAAJ
Geoffrey G. Xie,Naval Postgraduate School,http://faculty.nps.edu/xie,kEM42bEAAAAJ
Geoffrey Holmes 0001,University of Waikato,https://www.cms.waikato.ac.nz/people/geoff,0rwvyVEAAAAJ
Geoffrey I. Webb,Monash University,http://i.giwebb.com,NOSCHOLARPAGE
Geoffrey J. Gordon,Carnegie Mellon University,http://www.cs.cmu.edu/~ggordon,0OY5L3UAAAAJ
Geoffrey M. Voelker,Univ. of California - San Diego,http://cseweb.ucsd.edu/~voelker,ZfDtNpUAAAAJ
Geoffrey Mainland,Drexel University,https://www.cs.drexel.edu/~mainland,jjWDm9wAAAAJ
Geoffrey S. Smith,Florida International University,http://www.cis.fiu.edu/~smithg,OCmc_bYAAAAJ
Geoffrey Smith,Florida International University,http://www.cis.fiu.edu/~smithg,OCmc_bYAAAAJ
Geoffrey Smith 0001,Florida International University,http://www.cis.fiu.edu/~smithg,OCmc_bYAAAAJ
Geoffrey Werner Challen,University at Buffalo,https://blue.cse.buffalo.edu/people/gwa,lR34_8YAAAAJ
Georg Carle,TU Munich,https://www.net.in.tum.de/members/carle,l5xqmTIAAAAJ
Georg Danzl,IST Austria,http://ist.ac.at/research/physical-sciences/danzl-group,NOSCHOLARPAGE
Georg Fuchsbauer,TU Wien,http://www.di.ens.fr/~fuchsbau,CxHsVWwAAAAJ
Georg Gottlob,University of Oxford,https://www.cs.ox.ac.uk/people/georg.gottlob,i72_SkUAAAAJ
Georg Groh,TU Munich,https://www.professoren.tum.de/en/groh-georg,aTPKRO0AAAAJ
Georg Klinker,TU Munich,https://www.lis.ei.tum.de/en/persons/management/stechele,NOSCHOLARPAGE
Georg Lausen,University of Freiburg,http://dbis.informatik.uni-freiburg.de/team/lausen/georg,wzKbqkcAAAAJ
Georg Martius,University of Tübingen,https://is.mpg.de/person/gmartius,b-JF-UIAAAAJ
Georg Moser,University of Innsbruck,https://tcs-informatik.uibk.ac.at,nT0BZ_AAAAAJ
Georg Schnitger,Goethe University Frankfurt,http://www.thi.informatik.uni-frankfurt.de/team/gschnitger,NOSCHOLARPAGE
Georg Seelig,University of Washington,https://homes.cs.washington.edu/~seelig,Nf4G12YAAAAJ
Georg Struth,University of Sheffield,https://www.sheffield.ac.uk/dcs/people/academic/georg-struth,lgsk1IoAAAAJ
Georg Weissenbacher,TU Wien,http://www.georg.weissenbacher.science,1KfaH-QAAAAJ
Georg Zetzsche [SWS],Max Planck Society,http://zetzsche.xyz,BHNdXKxbM-8C
George A. Dafoulas,Middlesex University,http://www.cs.mdx.ac.uk/people/george-dafoulas,NOSCHOLARPAGE
George A. Tsihrintzis,University of Piraeus,https://www.unipi.gr/unipi/en/geoatsi.html,QUC1ebEAAAAJ
George A. Vouros,University of Piraeus,https://www.ds.unipi.gr/en/faculty/georgev-en,NOSCHOLARPAGE
George Alex Koulieris,Durham University,https://www.dur.ac.uk/computer.science/staff/profile/?id=17133,NWZ7UJUAAAAJ
George Amvrosiadis,Carnegie Mellon University,http://www.ece.cmu.edu/~gamvrosi,ygiY7C8AAAAJ
George B. Mertzios,Durham University,https://www.dur.ac.uk/computer.science/staff/profile/?id=9703,61cu4UMAAAAJ
George B. Purdy,University of Cincinnati,https://etd.ohiolink.edu/!etd.send_file?accession=ucin1140802889&disposition=inline,NOSCHOLARPAGE
George Baciu,The Hong Kong Polytechnic University,https://www.comp.polyu.edu.hk/en-us/staffs/detail/1468,NOSCHOLARPAGE
George Bebis,University of Nevada,https://www.cse.unr.edu/~bebis,-uRoVEUAAAAJ
George Berg,University at Albany - SUNY,https://www.albany.edu/ceas/george-berg.php,NOSCHOLARPAGE
George Buchanan 0001,University of Melbourne,https://findanexpert.unimelb.edu.au/display/person793596,HPbkM6YAAAAJ
George C. Necula,Univ. of California - Berkeley,http://www.cs.berkeley.edu/~necula,_fiHvDAAAAAJ
George C. Polyzos,AUEB,http://niovi.aueb.gr/~gcp,y-Mxxa0AAAAJ
George Candea,EPFL,http://dslab.epfl.ch/people/candea,Yd-SGH8AAAAJ
George Chailos,University of Nicosia,https://www.unic.ac.cy/chailos-george,PREG268AAAAJ
George Christodoulou 0001,University of Liverpool,https://cgi.csc.liv.ac.uk/~gchristo,QRIaADsAAAAJ
George D. C. Cavalcanti,UFPE,http://www.cin.ufpe.br/~gdcc,0dSAy8IAAAAJ
George D. Magoulas,Birkbeck University of London,https://www.dcs.bbk.ac.uk/about/people/academic-staff/gmagoulas,AJ4xClEAAAAJ
George D. Stamoulis,AUEB,http://nes.aueb.gr/users/gs.html,5uRFCLsAAAAJ
George Darmiton da Cunha Cavalcanti,UFPE,http://www.cin.ufpe.br/~gdcc,0dSAy8IAAAAJ
George Dimitri Konidaris,Brown University,http://cs.brown.edu/people/gdk,9UERvVEAAAAJ
George E. Nasr,Lebanese American University,http://www.lau.edu.lb/about/governance-policies/executive-officers/george-nasr.php,S9yBpOMAAAAJ
George F. Pinder,University of Vermont,http://www.uvm.edu/~cems/?Page=employee/profile.php&SM=employee/_employeemenu.html&EmID=18,NOSCHOLARPAGE
George Fletcher,TU Eindhoven,http://www.win.tue.nl/~gfletche,87TyXPcAAAAJ
George Georgakopoulos,University of Crete,https://www.csd.uoc.gr,NOSCHOLARPAGE
George Ghinea,Brunel University London,https://www.brunel.ac.uk/people/george-ghinea,k-Q6RlEAAAAJ
George H. L. Fletcher,TU Eindhoven,http://www.win.tue.nl/~gfletche,87TyXPcAAAAJ
George I. Goumas,NTUA,http://www.cslab.ntua.gr/~goumas,Cskc-awAAAAJ
George Iosifidis,TU Delft,https://www.futurenetworkstrinity.net,onHCjwcAAAAJ
George J. Milne,University of Western Australia,http://uwa.edu.au/people/george.milne,OmXRd4IAAAAJ
George J. Pappas,University of Pennsylvania,http://www.georgejpappas.org,Kia-4B0AAAAJ
George John Fakas,Uppsala University,http://user.it.uu.se/~geofa117,e2YL150AAAAJ
George K. Atia,University of Central Florida,http://eecs.ucf.edu/~atia,E_8axWQAAAAJ
George K. Matsopoulos,NTUA,https://www.ece.ntua.gr/en/staff/175,zKzcMW0AAAAJ
George Karakonstantis,Queen's University Belfast,https://www.qub.ac.uk/schools/eeecs/Connect/Staff/BusinessCard/?name=g.karakonstantis,0ocbGIqEN7UC
George Karakostas,McMaster University,http://www.cas.mcmaster.ca/~gk,qaT9cxAAAAAJ
George Karypis,University of Minnesota,http://glaros.dtc.umn.edu,ElqwScwAAAAJ
George Kesidis,Pennsylvania State University,http://www.cse.psu.edu/~gik2,g-WedwYAAAAJ
George Kollios,Boston University,http://www.cs.bu.edu/~gkollios,0VFi-vAAAAAJ
George Konidaris 0001,Brown University,http://cs.brown.edu/people/gdk,9UERvVEAAAAJ
George Konstantinidis 0001,University of Southampton,https://www.ecs.soton.ac.uk/people/gk1e17,dg3_PMoAAAAJ
George Labahn,University of Waterloo,https://cs.uwaterloo.ca/~glabahn,Y91lPPwAAAAJ
George Luiz Medeiros Teodoro,Universidade de Brasília,http://cic.unb.br/~teodoro,J-voATsAAAAJ
George M. Coghill,University of Aberdeen,https://www.abdn.ac.uk/people/g.coghill,p4iYVDgAAAAJ
George M. Slota,Rensselaer Polytechnic Institute,http://www.cs.rpi.edu/~slotag/,xjiQaA0AAAAJ
George M. Turkiyyah,American University of Beirut,https://www.aub.edu.lb/fas/cs/people/Pages/gt02.aspx,NOSCHOLARPAGE
George Macleod Coghill,University of Aberdeen,https://www.abdn.ac.uk/people/g.coghill,p4iYVDgAAAAJ
George Manis,University of Ioannina,https://cs.uoi.gr/~manis,D0CFwn0AAAAJ
George Markowsky,University of Maine,https://spia.umaine.edu/people/dr-george-markowsky,e-MKvvcAAAAJ
George Matas,Czech Technical University,http://cmp.felk.cvut.cz/~matas,EJCNY6QAAAAJ
George Miminis,Memorial University of Newfoundland,https://www.mun.ca/computerscience/people/george.php,NOSCHOLARPAGE
George Mohler,IUPUI,http://science.iupui.edu/people/george-mohler,J-vrZ58AAAAJ
George N. Rouskas,North Carolina State University,http://rouskas.csc.ncsu.edu,tmuBOhwAAAAJ
George O. Mohler,IUPUI,http://science.iupui.edu/people/george-mohler,J-vrZ58AAAAJ
George P. Efthymoglou,University of Piraeus,https://www.ds.unipi.gr/en/faculty/gefthymo-en,cCKSs3sAAAAJ
George Papagiannakis,University of Crete,http://george.papagiannakis.org,rUfyI3MAAAAJ
George Papen,Univ. of California - San Diego,https://profiles.ucsd.edu/george.papen,NOSCHOLARPAGE
George Parisis,University of Sussex,http://www.sussex.ac.uk/informatics/people/peoplelists/person/334868,Jsmd7a0AAAAJ
George Parissis,University of Sussex,http://www.sussex.ac.uk/informatics/people/peoplelists/person/334868,Jsmd7a0AAAAJ
George Porter,Univ. of California - San Diego,http://cseweb.ucsd.edu/~gmporter,aWQabOQAAAAJ
George Portides,University of Nicosia,https://www.unic.ac.cy/portides-george,NOSCHOLARPAGE
George R. Buchanan 0001,University of Melbourne,https://findanexpert.unimelb.edu.au/display/person793596,HPbkM6YAAAAJ
George Robert Buchanan,University of Melbourne,https://findanexpert.unimelb.edu.au/display/person793596,HPbkM6YAAAAJ
George Roussos,Birkbeck University of London,https://www.dcs.bbk.ac.uk/about/people/academic-staff/gr,hUYJNNoAAAAJ
George S. Miminis,Memorial University of Newfoundland,https://www.mun.ca/computerscience/people/george.php,NOSCHOLARPAGE
George Spanoudakis,City University of London,https://www.city.ac.uk/people/academics/george-spanoudakis,XQSvrAwAAAAJ
George T. Amariucai,Kansas State University,http://people.cs.ksu.edu/~amariucai,NOSCHOLARPAGE
George T. Heineman,Worcester Polytechnic Institute,http://www.wpi.edu/~heineman,5vAwdfoAAAAJ
George Teodoro,Universidade de Brasília,http://cic.unb.br/~teodoro,J-voATsAAAAJ
George Theodorakopoulos 0001,Cardiff University,https://www.cardiff.ac.uk/people/view/118169-theodorakopoulos-george,HjmhIJMAAAAJ
George Tourlakis,York University,http://www.cse.yorku.ca/~gt,NOSCHOLARPAGE
George Traian Amariucai,Kansas State University,http://people.cs.ksu.edu/~amariucai,NOSCHOLARPAGE
George Turkiyyah,American University of Beirut,https://www.aub.edu.lb/fas/cs/people/Pages/gt02.aspx,NOSCHOLARPAGE
George Tzanetakis,University of Victoria,http://www.cs.uvic.ca/~gtzan,yPgxxpwAAAAJ
George Tziritas,University of Crete,https://www.csd.uoc.gr/~tziritas,mIh2JWAAAAAJ
George V. Moustakides,Rutgers University,https://www.cs.rutgers.edu/faculty/george-moustakides,O5YDyjoAAAAJ
George Varghese,Univ. of California - Los Angeles,http://web.cs.ucla.edu/~varghese,rnR3JrYAAAAJ
George Vassilacopoulos,University of Piraeus,https://www.ds.unipi.gr/en/faculty/gvass-en,q8_VODcAAAAJ
George Wolberg,CUNY,http://www-cs.ccny.cuny.edu/~wolberg,KyXgRdQAAAAJ
George Xylomenos,AUEB,http://pages.cs.aueb.gr/~xgeorge,f7tP8gcAAAAJ
Georgeta Elisabeta Marai,University of Illinois at Chicago,https://www.evl.uic.edu/marai,xPCVtawAAAAJ
Georgi Gaydadjiev,University of Groningen,https://www.rug.nl/staff/g.gaydadjiev/?lang=en,IL5KrG4AAAAJ
Georgi Nedeltchev Gaydadjiev,University of Groningen,https://www.rug.nl/staff/g.gaydadjiev/?lang=en,IL5KrG4AAAAJ
Georgiana Ifrim,University College Dublin,https://people.ucd.ie/georgiana.ifrim,MHs3X9YAAAAJ
Georgina Cosma,Loughborough University,https://www.lboro.ac.uk/departments/compsci/staff/academic-teaching/georgina-cosma,OpHkDDIAAAAJ
Georgios A. Dafoulas,Middlesex University,http://www.cs.mdx.ac.uk/people/george-dafoulas,NOSCHOLARPAGE
Georgios Alexandros Kavvos,University of Bristol,https://www.lambdabetaeta.eu,yWerYFkAAAAJ
Georgios E. Fainekos,Arizona State University,http://www.public.asu.edu/~gfaineko,WGRYgBEAAAAJ
Georgios Efthymios Theodorakopoulos,Cardiff University,https://www.cardiff.ac.uk/people/view/118169-theodorakopoulos-george,HjmhIJMAAAAJ
Georgios Fainekos,Arizona State University,http://www.public.asu.edu/~gfaineko,WGRYgBEAAAAJ
Georgios I. Goumas,NTUA,http://www.cslab.ntua.gr/~goumas,Cskc-awAAAAJ
Georgios Iosifidis,TU Delft,https://www.futurenetworkstrinity.net,onHCjwcAAAAJ
Georgios John Fakas,Uppsala University,http://user.it.uu.se/~geofa117,e2YL150AAAAJ
Georgios K. Theodoropoulos 0001,SUSTech,http://www.gtheodoropoulos.com,pr69a6YAAAAJ
Georgios Karakonstantis,Queen's University Belfast,https://www.qub.ac.uk/schools/eeecs/Connect/Staff/BusinessCard/?name=g.karakonstantis,0ocbGIqEN7UC
Georgios Katsaros,IST Austria,https://ist.ac.at/research/research-groups/katsaros-group,NOSCHOLARPAGE
Georgios Kouroupetroglou,University of Athens,http://speech.di.uoa.gr/koupe/koupe.html,Kp5FaxoAAAAJ
Georgios Koutsoukos,Royal Holloway University of London,https://pure.royalholloway.ac.uk/portal/en/persons/giorgios-koutsoukos(b560b8d3-e39c-449d-8e3f-0e97c171b3d0).html,wLy0n-8AAAAJ
Georgios Leontidis,University of Aberdeen,https://www.abdn.ac.uk/people/georgios.leontidis,NOSCHOLARPAGE
Georgios Papaioannou,AUEB,http://www.aueb.gr/users/gepap,8YSbfqcAAAAJ
Georgios Portokalidis,IMDEA Software Institute,https://www.portokalidis.net,pGz5U34AAAAJ
Georgios Smaragdakis,TU Delft,https://gsmaragd.github.io,wytGMWcAAAAJ
Georgios Theodoropoulos 0001,SUSTech,http://www.gtheodoropoulos.com,pr69a6YAAAAJ
Georgios Tzimpragos,University of Michigan,https://www.georgetzimpragos.com/,KxsspL0AAAAJ
Georgios Tziritas,University of Crete,https://www.csd.uoc.gr/~tziritas,mIh2JWAAAAAJ
Georgy L. Gimel'farb,University of Auckland,http://www.tcs.auckland.ac.nz/~georgy,EsFtvHUAAAAJ
Geraint Jones,University of Oxford,http://www.cs.ox.ac.uk/people/geraint.jones,NOSCHOLARPAGE
Geraint Price,Royal Holloway University of London,https://pure.royalholloway.ac.uk/en/persons/geraint-price,NOSCHOLARPAGE
Gerald B. Baumgartner,Louisiana State University,https://www.lsu.edu/eng/cse/people/faculty/baumgartner.php,pno6BrMAAAAJ
Gerald Baumgartner,Louisiana State University,https://www.lsu.edu/eng/cse/people/faculty/baumgartner.php,pno6BrMAAAAJ
Gerald DeJong,Univ. of Illinois at Urbana-Champaign,https://cs.illinois.edu/directory/profile/mrebl,NOSCHOLARPAGE
Gerald Futschek,TU Wien,https://www.ifs.tuwien.ac.at/futschek,oLXK500AAAAJ
Gerald J. Sussman,Massachusetts Institute of Technology,https://www.csail.mit.edu/user/1512,NOSCHOLARPAGE
Gerald Jay Sussman,Massachusetts Institute of Technology,https://www.csail.mit.edu/user/1512,NOSCHOLARPAGE
Gerald Kotonya,Lancaster University,https://www.lancaster.ac.uk/scc/about-us/people/gerald-kotonya,d5AUHbgAAAAJ
Gerald Lüttgen,University of Bamberg,https://www.uni-bamberg.de/swt/team/prof-dr-gerald-luettgen,NOSCHOLARPAGE
Gerald Odhiambo Kotonya,Lancaster University,https://www.lancaster.ac.uk/scc/about-us/people/gerald-kotonya,d5AUHbgAAAAJ
Gerald Penn,University of Toronto,http://www.cs.toronto.edu/~gpenn,mJk-CLYAAAAJ
Gerald Q. Maguire Jr.,KTH Royal Institute of Technology,https://www.kth.se/profile/maguire,HJgs_3YAAAAJ
Gerald Quirchmayr,University of Vienna,https://cs.univie.ac.at/gerald.quirchmayr,NOSCHOLARPAGE
Gerald Schaefer,Loughborough University,https://www.lboro.ac.uk/departments/compsci/staff/academic-teaching/gerald-schaefer,NOSCHOLARPAGE
Gerald Steinbauer,Graz University of Technology,http://www.ist.tugraz.at/steinbauer/Main_Page,aXkPAnEAAAAJ
Gerald Steinhardt,TU Wien,https://media.tuwien.ac.at/people/steinhardt,NOSCHOLARPAGE
Gerald Tripp,University of Kent,https://www.cs.kent.ac.uk/people/staff/gewt,NOSCHOLARPAGE
Gerald Weber,University of Auckland,https://www.cs.auckland.ac.nz/~gerald,mBgJMaUAAAAJ
Geraldine Fitzpatrick,TU Wien,http://igw.tuwien.ac.at/hci/people/gfitzpatrick,aUPpNvEAAAAJ
Geraldo Bonorino Xexéo,UFRJ,http://www.cos.ufrj.br/index.php/pt-BR/pessoas/details/18/1020-xexeo,VbVw7-4AAAAJ
Geraldo R. Mateus,UFMG,http://homepages.dcc.ufmg.br/~mateus,k_rGXy0AAAAJ
Geraldo Robson Mateus,UFMG,http://homepages.dcc.ufmg.br/~mateus,k_rGXy0AAAAJ
Geraldo Xexéo,UFRJ,http://www.cos.ufrj.br/index.php/pt-BR/pessoas/details/18/1020-xexeo,VbVw7-4AAAAJ
Geraldo Zimbrao,UFRJ,http://www.cos.ufrj.br/~zimbrao,nJ1JMwcAAAAJ
Geraldo Zimbrão,UFRJ,http://www.cos.ufrj.br/~zimbrao,nJ1JMwcAAAAJ
Geraldo Zimbrão da Silva,UFRJ,http://www.cos.ufrj.br/~zimbrao,nJ1JMwcAAAAJ
Gerard J. Kim,Korea University,https://dxp.korea.ac.kr/index.php?mid=page_QEGJ80,7UCco8IAAAAJ
Gerard Jounghyun Kim,Korea University,https://dxp.korea.ac.kr/index.php?mid=page_QEGJ80,7UCco8IAAAAJ
Gerard Pons-Moll,University of Tübingen,https://virtualhumans.mpi-inf.mpg.de,OpXMNnMAAAAJ
Gerard R. Richter,Rutgers University,http://www.cs.rutgers.edu/~richter,NOSCHOLARPAGE
Gerard Tel,Utrecht University,https://www.uu.nl/medewerkers/GTel,Hr52qJUAAAAJ
Gerard Wagenaar,Utrecht University,https://www.uu.nl/medewerkers/GWagenaar,ohDvY50AAAAJ
Gerard de Melo,Hasso Plattner Institute,http://gerard.demelo.org,WCQXaGkAAAAJ
Gerardo Aragon-Camarasa,University of Glasgow,http://www.dcs.gla.ac.uk/~gerardo,mbSbOegAAAAJ
Gerardo Canfora,University of Sannio,http://www.gerardocanfora.net,3wkA_aYAAAAJ
Gerardo Pelosi,Politecnico di Milano,http://home.deib.polimi.it/pelosi,Rlp-N_gAAAAJ
Gerardo Schneider,Chalmers/GU,https://www.chalmers.se/en/staff/Pages/gersch.aspx,NOSCHOLARPAGE
Gerasimos Spanakis,Maastricht University,https://dke.maastrichtuniversity.nl/jerry.spanakis,LiUXYVgAAAAJ
Gerd Brewka,University of Leipzig,http://www.informatik.uni-leipzig.de/~brewka,wAxbPL0AAAAJ
Gerd Hirzinger,TU Munich,http://www6.in.tum.de/Main/Hirzinge,NOSCHOLARPAGE
Gerd Stumme,University of Kassel,https://www.kde.cs.uni-kassel.de/stumme,PqIX0TwAAAAJ
Gerd Wagner 0001,Brandenburg University of Technology,https://www.b-tu.de/fg-internet-technologie/team/professor,zna3SeQAAAAJ
Gerda Janssens,KU Leuven,https://people.cs.kuleuven.be/~gerda.janssens,JTZxGp0AAAAJ
Gergely V. Záruba,Wichita State University,https://www.wichita.edu/profiles/academics/engineering/SoC/Zaruba-Gergely.php,gJDwJcAAAAAJ
Gerhard A. Bauch,Hamburg University of Technology,https://www.tuhh.de/nt/personen/professoren/gerhard-bauch/biographie.html,NOSCHOLARPAGE
Gerhard Bauch 0001,Hamburg University of Technology,https://www.tuhh.de/nt/personen/professoren/gerhard-bauch/biographie.html,NOSCHOLARPAGE
Gerhard Brewka,University of Leipzig,http://www.informatik.uni-leipzig.de/~brewka,wAxbPL0AAAAJ
Gerhard Fohler,TU Kaiserslautern,https://rts.eit.uni-kl.de/index.php?id=18&people_action=detail&people_id=3,NOSCHOLARPAGE
Gerhard Friedrich,University of Klagenfurt,http://www.gerhard-friedrich.at,JAMnVRcAAAAJ
Gerhard G. Thallinger,Graz University of Technology,https://genome.tugraz.at/people.shtml,aMG6ceMAAAAJ
Gerhard Heyer,University of Leipzig,http://asv.informatik.uni-leipzig.de/staff/Gerhard_Heyer,i_RcqLwAAAAJ
Gerhard Hirzinger,TU Munich,http://www6.in.tum.de/Main/Hirzinge,NOSCHOLARPAGE
Gerhard Holzapfel,Graz University of Technology,https://www.biomech.tugraz.at/people/gerhard_holzapfel,TCfOWgUAAAAJ
Gerhard Jäger,University of Bern,http://www.ltg.unibe.ch/staff/jaeger,lg0l9REAAAAJ
Gerhard Lakemeyer,RWTH Aachen University,http://www-i5.informatik.rwth-aachen.de/gerhard,v0zpdqkAAAAJ
Gerhard Leitner,University of Klagenfurt,https://www.aau.at/team/leitner-gerhard,rUG6gFoAAAAJ
Gerhard Neumann,Karlsruhe Institute of Technology,https://alr.anthropomatik.kit.edu/21_65.php,GL360kMAAAAJ
Gerhard P. Hancke 0002,City University of Hong Kong,http://www.cityu.edu.hk/stfprofile/gphancke.htm,C2iR3xUAAAAJ
Gerhard P. Hancke Jr.,City University of Hong Kong,http://www.cityu.edu.hk/stfprofile/gphancke.htm,C2iR3xUAAAAJ
Gerhard Petrus Hancke,City University of Hong Kong,http://www.cityu.edu.hk/stfprofile/gphancke.htm,C2iR3xUAAAAJ
Gerhard Sagerer,Bielefeld University,http://aiweb.techfak.uni-bielefeld.de/user/sagerer,HDmPKX4AAAAJ
Gerhard Schwabe,University of Zurich,http://www.ifi.uzh.ch/imrg/people/schwabe.html,_a7cvK0AAAAJ
Gerhard Sommer,Graz University of Technology,https://www.biomech.tugraz.at/index.php/people/gerhard_sommer,gD2-pFUAAAAJ
Gerhard W. Dueck,University of New Brunswick,http://www.cs.unb.ca/~gdueck,lozv7bIAAAAJ
Gerhard Weber 0002,TU Dresden,https://tu-dresden.de/ing/informatik/institut-fuer-angewandte-informatik/mci,eoQw-CMAAAAJ
Gerhard Weikum [INF],Max Planck Society,http://www.mpi-inf.mpg.de/~weikum,vNAD0mAAAAAJ
Gerhard Weiss 0001,Maastricht University,http://www.weiss-gerhard.info,3TofHnIAAAAJ
Gerhard Wellein,University of Erlangen–Nuremberg,https://hpc.fau.de/person/gerhard-wellein,1fQ6-mEAAAAJ
Gerhard Widmer,JKU Linz,https://www.jku.at/en/institute-of-computational-perception/about-us/people/gerhard-widmer,dyGS5YYAAAAJ
Gerhard Woeginger,RWTH Aachen University,https://www.informatik.rwth-aachen.de/cms/informatik/Fachgruppe/Aktuell/Meldungen/~ukvwk/Trauer-um-Gerhard-Woeginger/,rtfJhO0AAAAJ
Gerhard Wunder,Freie Universitaet Berlin,https://www.mi.fu-berlin.de/en/inf/groups/ag-comm/team-members/wunder.html,I9ifRZEAAAAJ
Gerik Scheuermann,University of Leipzig,http://www.informatik.uni-leipzig.de/bsv/homepage/de/people/gerik-scheuermann,FXZzosEAAAAJ
Germano C. Vasconcelos,UFPE,https://www.cin.ufpe.br/~gcv,FVKapDMAAAAJ
Germano Crispim Vasconcelos,UFPE,https://www.cin.ufpe.br/~gcv,FVKapDMAAAAJ
Germán Bravo,Universidad de los Andes,https://sistemasacademico.uniandes.edu.co/~gbravo/dokuwiki/doku.php,MnWyaMQAAAAJ
Germán Enrique Bravo Córdoba,Universidad de los Andes,https://sistemasacademico.uniandes.edu.co/~gbravo/dokuwiki/doku.php,MnWyaMQAAAAJ
Germán Santos-Boada,Polytechnic University of Catalonia,http://directori.upc.edu/directori/dadesPersona.jsp?id=1000418,wO06QeIAAAAJ
Gernot A. Fink,TU Dortmund,http://patrec.cs.tu-dortmund.de/cms/en/home/People/Staff/fink.html,g0snsxsAAAAJ
Gernot Heiser,UNSW,https://www.cse.unsw.edu.au/~gernot,0e0Vw3kAAAAJ
Gernot R. Müller,Graz University of Technology,https://www.tugraz.at/institute/ine/people/gernot-mueller-putz,NkODKfIAAAAJ
Gernot R. Müller-Putz,Graz University of Technology,https://www.tugraz.at/institute/ine/people/gernot-mueller-putz,NkODKfIAAAAJ
Gernot Salzer,TU Wien,https://www.logic.at/staffpages/salzer,O5y-QJgAAAAJ
Gero Mühl,University of Rostock,https://www.ava.uni-rostock.de/en/ava-staff/professor/gero,sIbWic8AAAAJ
Gerrit C. van der Veer,VU Amsterdam,http://www.cs.vu.nl/~gerrit,NOSCHOLARPAGE
Gerry V. Dozier,Auburn University,https://www.eng.auburn.edu/~doziegv/,NOSCHOLARPAGE
Gershon Elber,Technion,http://www.cs.technion.ac.il/~gershon,LBEl4l4AAAAJ
Gerson Zaverucha,UFRJ,http://www.cos.ufrj.br/~gerson,UewoVZ0AAAAJ
Gert Smolka,Saarland University,http://www.ps.uni-saarland.de/~smolka,cePtsyAAAAAJ
Gerth Stølting Brodal,Aarhus University,https://cs.au.dk/~gerth,uWU6DcMAAAAJ
Gerti Kappel,TU Wien,https://www.big.tuwien.ac.at/people/gkappel,Rdz0vc8AAAAJ
Gertjan van Noord,University of Groningen,http://www.let.rug.nl/vannoord,dgU9Yq0AAAAJ
Gethin Norman,University of Glasgow,http://www.dcs.gla.ac.uk/people/personal/gethin,H3nOlXsAAAAJ
Geunbae Lee,POSTECH,http://nlp.postech.ac.kr/~gblee,t30saScAAAAJ
Gevorg Grigoryan,Dartmouth College,http://dartmouth.edu/faculty-directory/gevorg-grigoryan,hJuusUEAAAAJ
Geyong Min,University of Exeter,http://emps.exeter.ac.uk/computer-science/staff/gm321,OKpejRIAAAAJ
Ghada A. Al-Mashaqbeh,University of Connecticut,https://ghadaalmashaqbeh.github.io,QKIkII0AAAAJ
Ghada Almashaqbeh,University of Connecticut,https://ghadaalmashaqbeh.github.io,QKIkII0AAAAJ
Ghadah Aldabbagh,King Abdulaziz University,http://www.kau.edu.sa/CVEn.aspx?Site_ID=0003149&Lng=EN,mZkyspYAAAAJ
Ghassan Al-Regib,Georgia Institute of Technology,https://ghassanalregib.info/,7k5QSdoAAAAJ
Ghassan Hamarneh,Simon Fraser University,http://www.cs.sfu.ca/~hamarneh,61DdlkAAAAAJ
Ghassan Karame,Ruhr-University Bochum,http://www.ghassankarame.com,C7StKesAAAAJ
Ghassan O. Karame,Ruhr-University Bochum,http://www.ghassankarame.com,C7StKesAAAAJ
Ghazanfar Asadi,Sharif University of Technology,http://sharif.edu/~asadi,fgNWK9YAAAAJ
Gheorghe Tecuci,George Mason University,http://lac.gmu.edu/members/tecuci.htm,OrhUjqEAAAAJ
Gheorghita Ghinea,Brunel University London,https://www.brunel.ac.uk/people/george-ghinea,k-Q6RlEAAAAJ
Ghita Kouadri Mostéfaoui,University College London,http://www0.cs.ucl.ac.uk/people/G.KouadriMostefaoui.html,mjvM1qMAAAAJ
Gholamreza Anbarjafari,University of Tartu,http://kodu.ut.ee/~sjafari,6gN67JAAAAAJ
Gholamreza Ghassem-Sani,Sharif University of Technology,http://sina.sharif.ac.ir/~sani,NOSCHOLARPAGE
Gholamreza Haffari,Monash University,http://users.monash.edu.au/~gholamrh,Perjx5EAAAAJ
Gi-Soo Kim,UNIST,https://sdm.unist.ac.kr,uW2qIcYAAAAJ
Giacomo Boracchi,Politecnico di Milano,http://home.deib.polimi.it/boracchi,lBa_mnYAAAAJ
Giacomo Livan,University College London,http://www0.cs.ucl.ac.uk/people/G.Livan.html,Ep3TFKsAAAAJ
Giacomo Oliveri,University of Trento,http://www.soi.unitn.it/staff/giacomo-oliveri,NOSCHOLARPAGE
Giacomo Poderi,IT University of Copenhagen,https://pure.itu.dk/portal/en/persons/giacomo-poderi(534a54a6-fa36-466a-a1c1-461c54660bcc).html,PhnSRJwAAAAJ
Giacomo Tarroni,City University of London,https://www.city.ac.uk/people/academics/giacomo-tarroni,6nlDNyoAAAAJ
Giacomo Verticale,Politecnico di Milano,http://home.deib.polimi.it/verticale,FVl1fRUAAAAJ
Giampaolo Bella,University of Catania,https://www.dmi.unict.it/giamp/,yBoGdJUAAAAJ
Giampiero Pecelli,University of Massachusetts Lowell,https://www.uml.edu/Sciences/computer-science/faculty/pecelli-giampiero.aspx,NOSCHOLARPAGE
Gian Carlo Bongiovanni,Sapienza University of Rome,https://sites.google.com/a/di.uniroma1.it/bongiovanni,ZZUIEqgAAAAJ
Gian Pietro Picco,University of Trento,http://disi.unitn.it/~picco,DqcmXQ8AAAAJ
Gian-Luigi Ferrari 0002,University of Pisa,http://pages.di.unipi.it/ferrari/,NOSCHOLARPAGE
GianMario Besana,DePaul University,http://www.cdm.depaul.edu/about/Pages/People/facultyinfo.aspx?fid=274,NOSCHOLARPAGE
Giancarlo Bigi,University of Pisa,http://www.di.unipi.it/~bigig,NOSCHOLARPAGE
Giancarlo Bongiovanni,Sapienza University of Rome,https://sites.google.com/a/di.uniroma1.it/bongiovanni,ZZUIEqgAAAAJ
Giancarlo Nota,University of Salerno,http://www.unisa.it/docenti/giancarlonota/en/index,NOSCHOLARPAGE
Giancarlo Pellegrino,CISPA Helmholtz Center,https://people.cispa.io/giancarlo.pellegrino,PC_RNUcAAAAJ
Giandomenico Mastroeni,University of Pisa,http://www.di.unipi.it/~a008506,NOSCHOLARPAGE
Gianfranco Ciardo,Iowa State University,http://web.cs.iastate.edu/~ciardo,8rmks2cAAAAJ
Gianfranco Doretto,West Virginia University,https://www.statler.wvu.edu/faculty-staff/faculty/gianfranco-doretto,ReEG0FwAAAAJ
Gianlorenzo D'Angelo,GSSI,https://cs.gssi.it/gianlorenzo.dangelo/,FlZ-5sMAAAAJ
Gianluca Bontempi,Université libre de Bruxelles,http://www.ulb.ac.be/di/map/gbonte/Welcome.html,SX-QoHsAAAAJ
Gianluca De Marco,University of Salerno,http://www.unisa.it/docenti/gianlucademarco/index,NOSCHOLARPAGE
Gianluca Memoli,University of Sussex,http://www.sussex.ac.uk/informatics/people/peoplelists/person/390809,ticqPMYAAAAJ
Gianluca Palermo,Politecnico di Milano,http://home.deib.polimi.it/gpalermo,A5GSaaoAAAAJ
Gianluca Pollastri,University College Dublin,https://people.ucd.ie/gianluca.pollastri,YFUQzzokG40C
Gianluca Stringhini,Boston University,https://seclab.bu.edu/people/gianluca,fM-s2vQAAAAJ
Gianluca Zanella,Augusta University,https://www.augusta.edu/faculty/directory/view.php?id=GZANELLA,hS2ShxsAAAAJ
Gianluigi Ferrari 0002,University of Pisa,http://pages.di.unipi.it/ferrari/,NOSCHOLARPAGE
Gianna Del Corso,University of Pisa,http://www.di.unipi.it/~delcorso,AGDMVeIAAAAJ
Gianni Antichi,Politecnico di Milano,https://www.deib.polimi.it/eng/people/details/1794222,3VedTqcAAAAJ
Gianni Franceschini,Sapienza University of Rome,http://groups.di.unipi.it/~francesc,NOSCHOLARPAGE
Giannis F. Marias,AUEB,http://www.scirp.org/journal/DetailedInforOfEditorialBoard.aspx?personID=953,EO_hUg4AAAAJ
Gianpolo Cugola,Politecnico di Milano,http://home.deib.polimi.it/cugola,bLmEkPsAAAAJ
Gideon Gouws,Victoria University of Wellington,http://ecs.victoria.ac.nz/Main/GideonGouws,NOSCHOLARPAGE
Gidon Ernst,LMU Munich,https://www.sosy-lab.org/people/ernst/,_JqtqisAAAAJ
Gihan R. Mudalige,University of Warwick,https://warwick.ac.uk/fac/sci/dcs/people/Gihan_Mudalige,dEiLfCQAAAAJ
Gijs Schoenmakers,Maastricht University,https://dke.maastrichtuniversity.nl/gm.schoenmakers,OnuIOdgAAAAJ
Gijs Wijnholds,Leiden University,https://gijswijnholds.github.io,swQRKE8AAAAJ
Gil A. Tidhar,University of Melbourne,https://people.eng.unimelb.edu.au/adrianrp/COMP90054/biblio/Author/TIDHAR-G.html,NOSCHOLARPAGE
Gil Cohen,Tel Aviv University,http://www.gilcohen.org,ZMWCVroAAAAJ
Gil D. Marques,Universidade de Lisboa,https://sotis.tecnico.ulisboa.pt/researcher/ist23556,huDxPRYAAAAJ
Gil Segev 0001,Hebrew University of Jerusalem,http://www.cs.huji.ac.il/~segev,cnPetCkAAAAJ
Gil Tidhar,University of Melbourne,http://findanexpert.unimelb.edu.au/display/person62807,NOSCHOLARPAGE
Gil Zussman,Columbia University,https://wimnet.ee.columbia.edu/people/gil-zussman,E5k6m4AAAAJ
Gilad Asharov,Bar-Ilan University,https://u.cs.biu.ac.il/~asharog,3F3k5ykAAAAJ
Gilbert L. Peterson,Air Force Institute of Technology,https://www.afit.edu/BIOS/bio.cfm?facID=172,NOSCHOLARPAGE
Gilberto Pérez,University of A Coruña,https://pdi.udc.es/en/File/Pdi/SA2AF,NOSCHOLARPAGE
Giles Reger,University of Manchester,https://www.research.manchester.ac.uk/portal/giles.reger.html,Js3EdsEAAAAJ
Gill Barequet,Technion,http://www.cs.technion.ac.il/~barequet,NOSCHOLARPAGE
Gill Bejerano,Stanford University,http://bejerano.stanford.edu/pi.html,NOSCHOLARPAGE
Gill Whitney,Middlesex University,https://www.mdx.ac.uk/about-us/our-people/staff-directory/profile/whitney-gill,NOSCHOLARPAGE
Gillat Kol,Princeton University,https://www.cs.princeton.edu/people/profile/gkol,Bejlw0UAAAAJ
Gilles Barthe [SP],Max Planck Society,https://gbarthe.github.io,NOSCHOLARPAGE
Gilles Brassard,University of Montreal,https://en.wikipedia.org/wiki/Gilles_Brassard,Rh7_srgAAAAJ
Gilles Dowek,Ecole Normale Superieure de Cachan,http://lsv.fr/~dowek,NOSCHOLARPAGE
Gilles Fedak,Ecole Normale Superieure de Lyon,http://graal.ens-lyon.fr/~gfedak/pmwiki-test/pmwiki.php/Main/HomePage,8UEfrTEAAAAJ
Gilles Geeraerts,Université libre de Bruxelles,http://www.ulb.ac.be/di/verif/ggeeraer,_v-lho8AAAAJ
Gilles Grimaud,CRIStAL,http://cristal.univ-lille.fr/~grimaud,YIzGubsAAAAJ
Gilles Vanwormhoudt,CRIStAL,https://www.cristal.univ-lille.fr/profil/vanwormh,1vKkyqcAAAAJ
Gilles Villard,Ecole Normale Superieure de Lyon,http://perso.ens-lyon.fr/gilles.villard,NOSCHOLARPAGE
Gilles Wainrib,Ecole Normale Superieure,https://www.di.ens.fr/GillesWainrib.html.en,VZWiNvEAAAAJ
Gillian Dobbie,University of Auckland,https://www.cs.auckland.ac.nz/people/g-dobbie,v19BUHIAAAAJ
Gillian R. Hayes,Univ. of California - Irvine,http://www.gillianhayes.com,5mIkNyYAAAAJ
Gillian Smith 0001,Worcester Polytechnic Institute,http://www.northeastern.edu/camd/artdesign/people/gillian-smith,4bHar00AAAAJ
Gim Hee Lee,National University of Singapore,https://sites.google.com/site/gimheelee,7hNKrPsAAAAJ
Gina M. B. Oliveira,UFU,http://www.facom.ufu.br/posgrad/prof/gina,26rmXXIAAAAJ
Gina Maira Barbosa de Oliveira,UFU,http://www.facom.ufu.br/posgrad/prof/gina,26rmXXIAAAAJ
Gina Sprint,Washington State University,http://www.eecs.wsu.edu/~gsprint,Pvqg51oAAAAJ
Ginevra Castellano,Uppsala University,http://user.it.uu.se/~ginca820,DoX2DJIAAAAJ
Ginés García-Mateos,University of Murcia,http://dis.um.es/~ginesgm,HqyVc3oAAAAJ
Giora Slutzki,Iowa State University,http://www.cs.iastate.edu/~slutzki,NOSCHOLARPAGE
Giordano Cabral 0001,UFPE,https://www.cin.ufpe.br/~grec,tQH3k5gAAAAJ
Giordano Ribeiro de Eulalio Cabral,UFPE,https://www.cin.ufpe.br/~grec,tQH3k5gAAAAJ
Giorgio Ausiello,Sapienza University of Rome,http://www.diag.uniroma1.it/users/giorgio%20ausiello,MbrM4dYAAAAJ
Giorgio Bacci,Aalborg University,http://people.cs.aau.dk/~grbacci,y2Q3kK8AAAAJ
Giorgio C. Buttazzo,Scuola Superiore Sant'Anna,http://retis.sssup.it/~giorgio,33CH6WUAAAAJ
Giorgio Carlo Buttazzo,Scuola Superiore Sant'Anna,http://retis.sssup.it/~giorgio,33CH6WUAAAAJ
Giorgio Ghelli,University of Pisa,http://www.di.unipi.it/~ghelli,QgUIX9gAAAAJ
Giorgio Grisetti,Sapienza University of Rome,https://sites.google.com/dis.uniroma1.it/grisetti,yD-SFG4AAAAJ
Giorgos B. Stamou,NTUA,http://www.image.ntua.gr/~gstam,R3y5dxMAAAAJ
Giorgos Christodoulou,University of Liverpool,https://cgi.csc.liv.ac.uk/~gchristo,QRIaADsAAAAJ
Giorgos Christodoulou 0001,University of Liverpool,https://cgi.csc.liv.ac.uk/~gchristo,QRIaADsAAAAJ
Giorgos Stamou,NTUA,http://www.image.ntua.gr/~gstam,R3y5dxMAAAAJ
Giorgos Tolias,Czech Technical University,http://cmp.felk.cvut.cz/~toliageo,e765N80AAAAJ
Giovane C. M. Moura,TU Delft,http://giovane-moura.nl/,DuJtdjUAAAAJ
Giovane Cesar Moreira Moura,TU Delft,http://giovane-moura.nl/,DuJtdjUAAAAJ
Giovanna Rosone,University of Pisa,http://pages.di.unipi.it/rosone,gx_HzA0AAAAJ
Giovanni Agosta,Politecnico di Milano,http://home.deib.polimi.it/agosta,eLxnBysAAAAJ
Giovanni Comarela,Universidade Federal de Viçosa,http://www.dpi.ufv.br/~gcom,onfmt40AAAAJ
Giovanni Da San Martino,University of Padova,https://www.unipd.it/en/contatti/rubrica/?detail=Y&ruolo=1&checkout=cerca&persona=DA%20SAN%20MARTINO&key=92B9FC5AFB76ECA91B1FFDE427C41AF5,URABLy0AAAAJ
Giovanni De Micheli,EPFL,http://si2.epfl.ch/~demichel,7SUnVDsAAAAJ
Giovanni Gallo,University of Catania,https://web.dmi.unict.it/docenti/gallo.giovanni,wCx_ImYAAAAJ
Giovanni Iacca,University of Trento,https://sites.google.com/site/giovanniiacca,qSw6YfcAAAAJ
Giovanni M. di Liberto,Trinity College Dublin,https://www.tcd.ie/mecheng/staff/gdiliber/,0NWmnJYAAAAJ
Giovanni Maria Farinella,University of Catania,https://www.dmi.unict.it/farinella/,YwQboCoAAAAJ
Giovanni Moretti,Massey University,http://www.massey.ac.nz/massey/expertise/profile.cfm?stref=455100,NOSCHOLARPAGE
Giovanni Quattrone,Middlesex University,https://www.mdx.ac.uk/about-us/our-people/staff-directory/profile/quattrone-giovanni,cN4fbBsAAAAJ
Giovanni Russello,University of Auckland,https://www.cs.auckland.ac.nz/~russello,sXvrlqgAAAAJ
Giovanni S. Moretti,Massey University,http://www.massey.ac.nz/massey/expertise/profile.cfm?stref=455100,NOSCHOLARPAGE
Giovanni Samaey,KU Leuven,https://giovannisamaey.wordpress.com,t9FNZpsAAAAJ
Giovanni V. Comarela,Universidade Federal de Viçosa,http://www.dpi.ufv.br/~gcom,onfmt40AAAAJ
Giovanni Vigna,Univ. of California - Santa Barbara,https://www.cs.ucsb.edu/~vigna,2eM6GocAAAAJ
Giri Narasimhan,Florida International University,http://www.cs.fiu.edu/~giri,Q9PwPo8AAAAJ
Girish Varma,IIIT Hyderabad,https://www.iiit.ac.in/people/faculty/girish.varma,YLlRCu4AAAAJ
Gisele L. Pappa,UFMG,http://homepages.dcc.ufmg.br/~glpappa,C_0ZLuYAAAAJ
Gisele Lobo Pappa,UFMG,http://homepages.dcc.ufmg.br/~glpappa,C_0ZLuYAAAAJ
Gita Alaghband,University of Colorado - Denver,http://cse.ucdenver.edu/~gita,NOSCHOLARPAGE
Gita Reese Sukthankar,University of Central Florida,http://www.eecs.ucf.edu/~gitars,087P6LMAAAAJ
Gita Sukthankar,University of Central Florida,http://www.eecs.ucf.edu/~gitars,087P6LMAAAAJ
Gitta Domik,Paderborn University,https://cs.uni-paderborn.de/cgvb/personal/gitta-domik-kienegger,HP9yrOkAAAAJ
Gitta Domik-Kienegger,Paderborn University,https://cs.uni-paderborn.de/cgvb/personal/gitta-domik-kienegger,HP9yrOkAAAAJ
Gitta Kutyniok,LMU Munich,https://www.math.lmu.de/~kutyniok,JHs9LssAAAAJ
Giulia Boato,University of Trento,https://webapps.unitn.it/du/en/Persona/PER0000755/Curriculum,_nFMOZ8AAAAJ
Giulia Guidi,Cornell University,https://giuliaguidi.github.io/,UZLC4TYAAAAJ
Giuliana Vitiello,University of Salerno,http://www.unisa.it/docenti/giulianavitiello/english/index,NOSCHOLARPAGE
Giuliano Antoniol,Polytechnique Montreal,http://www.antoniol.net,136elhQAAAAJ
Giuliano Casale,Imperial College London,http://wp.doc.ic.ac.uk/gcasale,Os1VLoQAAAAJ
Giulio Antoniol,Polytechnique Montreal,http://www.antoniol.net,136elhQAAAAJ
Giulio Chiribella,University of Hong Kong,https://i.cs.hku.hk/~giulio,4ob0VU4AAAAJ
Giulio Iacucci,University of Helsinki,https://researchportal.helsinki.fi/en/persons/giulio-jacucci,cmpzu9sAAAAJ
Giulio Jacucci,University of Helsinki,https://researchportal.helsinki.fi/en/persons/giulio-jacucci,cmpzu9sAAAAJ
Giulio Malavolta [SP],Max Planck Society,https://sites.google.com/view/giuliomalavolta,_pYEarUAAAAJ
Giuseppe A. Di Lucca,University of Sannio,https://www.ding.unisannio.it/persone/docenti/di-lucca,pHMonFwAAAAJ
Giuseppe Antonio Di Lucca,University of Sannio,https://www.ding.unisannio.it/persone/docenti/di-lucca,pHMonFwAAAAJ
Giuseppe Ateniese,George Mason University,https://ateniese.github.io,EyZJ08MAAAAJ
Giuseppe Attardi,University of Pisa,https://www.di.unipi.it/~attardi,p86Ewsi7jXwJ
Giuseppe Caire,TU Berlin,https://www.commit.tu-berlin.de/menue/mitarbeiter/fachgebietsleiter,g66ErTcAAAAJ
Giuseppe Carenini,University of British Columbia,https://www.cs.ubc.ca/~carenini,HNNL22kAAAAJ
Giuseppe Cattaneo,University of Salerno,http://www.di.unisa.it/~roscigno,PKs7M0gAAAAJ
Giuseppe Claudio Guarnera,University of York,https://sites.google.com/view/giuseppe-claudio-guarnera,mC7W90kAAAAJ
Giuseppe De Giacomo,Sapienza University of Rome,http://www.diag.uniroma1.it/degiacomo,Sfo4K0oAAAAJ
Giuseppe Destefanis,Brunel University London,https://www.brunel.ac.uk/people/giuseppe-destefanis,o2KkJXIAAAAJ
Giuseppe Fenza,University of Salerno,https://docenti.unisa.it/021699/home,0C3IjEIAAAAJ
Giuseppe Lipari,CRIStAL,http://cristal.univ-lille.fr/~lipari,rnBRPpQAAAAJ
Giuseppe M. J. Barca,Australian National University,https://comp.anu.edu.au/people/giuseppe-barca/,bdx0QCoAAAAJ
Giuseppe Pappalardo,University of Catania,https://www.dmi.unict.it/pappalardo/,NOSCHOLARPAGE
Giuseppe Pelagatti,Politecnico di Milano,http://home.deib.polimi.it/pelagatt,NOSCHOLARPAGE
Giuseppe Persiano,University of Salerno,http://www.di.unisa.it/~giuper,wbQQcfQAAAAJ
Giuseppe Pirrò,Sapienza University of Rome,http://wwwusers.di.uniroma1.it/~pirro,3zY1VlIAAAAJ
Giuseppe Polese,University of Salerno,http://docenti.unisa.it/004281/en/curriculum,F2YX_9gAAAAJ
Giuseppe Pozzi,Politecnico di Milano,http://home.deib.polimi.it/pozzi,J50uueMAAAAJ
Giuseppe Prencipe,University of Pisa,http://sbrinz.di.unipi.it,Ven8P3EAAAAJ
Giuseppe Riccardi,University of Trento,http://disi.unitn.it/~riccardi,k9pXsKoAAAAJ
Giuseppe Santucci,Sapienza University of Rome,http://www.diag.uniroma1.it/users/giuseppe%20santucci,_dS6nXMAAAAJ
Gladimir Baranoski,University of Waterloo,http://www.npsg.uwaterloo.ca/people/gladimir,NOSCHOLARPAGE
Gladimir V. G. Baranoski,University of Waterloo,http://www.npsg.uwaterloo.ca/people/gladimir,NOSCHOLARPAGE
Glaucio H. S. Carvalho,Brock University,https://brocku.ca/mathematics-science/computer-science/faculty-staff/glaucio-carvalho/,FpsN380AAAAJ
Glen Berseth,University of Montreal,http://www.fracturedplane.com,-WZcuuwAAAAJ
Glencora Borradaile,Oregon State University,http://eecs.oregonstate.edu/people/borradaile-glencora,oJZuq9oAAAAJ
Glenn D. Reinman,Univ. of California - Los Angeles,http://www.cs.ucla.edu/~reinman,59zyQMYAAAAJ
Glenn H. Macewen,Queen’s University,http://research.cs.queensu.ca/home/macewen/shortvitaacad.ps,NOSCHOLARPAGE
Glenn Prescott,University of Kansas,http://www.eecs.ku.edu/people/faculty/prescott,NOSCHOLARPAGE
Glenn Reinman,Univ. of California - Los Angeles,http://www.cs.ucla.edu/~reinman,59zyQMYAAAAJ
Glenn Strong,Trinity College Dublin,https://www.scss.tcd.ie/Glenn.Strong,U0VfQIMAAAAJ
Glenn Tesler,Univ. of California - San Diego,http://www.math.ucsd.edu/~gptesler,NOSCHOLARPAGE
Gloria Mark,Univ. of California - Irvine,http://www.ics.uci.edu/~gmark,aoZCW38AAAAJ
Glynn Winskel,University of Strathclyde,https://pureportal.strath.ac.uk/en/persons/glynn-winskel/publications,4G6EhwMAAAAJ
Gobinda G. Chowdhury,University of Strathclyde,https://pureportal.strath.ac.uk/en/persons/gobinda-chowdhury/publications,qmRMHx0AAAAJ
Godmar Back,Virginia Tech,https://people.cs.vt.edu/~gback,WUb-KZ0AAAAJ
Godmar V. Back,Virginia Tech,https://people.cs.vt.edu/~gback,WUb-KZ0AAAAJ
Goetz Botterweck,Trinity College Dublin,https://www.scss.tcd.ie/personnel/botterwg,xsIAZAkAAAAJ
Gokarna Sharma,Kent State University,http://www.cs.kent.edu/~sharma,PnmtA3wAAAAJ
Gokhan Bilgin,Yıldız Technical University,https://www.ce.yildiz.edu.tr/personal/gokhanb?lang=en,xOtyJygAAAAJ
Gokhan Ince,Istanbul Technical University,http://www.gokhanince.com/gi/Default.asp,ffrlx5sAAAAJ
Gokhan Kul,University of Massachusetts Dartmouth,https://www.umassd.edu/directory/gkul/,bjuDChoAAAAJ
Gokhan Memik,Northwestern University,http://www.ece.northwestern.edu/~memik,BUJPA5QAAAAJ
Gokila Dorai,Augusta University,https://www.augusta.edu/faculty/directory/view.php?id=GDORAI,VME6RWsAAAAJ
Gokul Subramanian Ravi,University of Michigan,https://gsravi.engin.umich.edu/,fFtGasEAAAAJ
Golden G. Richard III,Louisiana State University,http://cct.lsu.edu/~golden,gq8-LJ8AAAAJ
Golnaz Badkobeh,Goldsmiths University of London,https://www.gold.ac.uk/computing/people/badkobeh-golnaz,m4IC_BgAAAAJ
Golnoush Abaei,RMIT University,https://www.rmit.edu.au/contact/staff-contacts/academic-staff/a/abaei-dr-golnoush,0OjUid0AAAAJ
Gong Cheng 0001,Nanjing University,http://ws.nju.edu.cn/~gcheng,_ncKAiwAAAAJ
Gong Gu,University of Tennessee,http://web.eecs.utk.edu/~ggu1,A2-AVVcAAAAJ
Gonzalo Valdes,Pontificia Universidad Catolica de Chile,https://www.ing.uc.cl/academicos-e-investigadores/gonzalo-valdes-ulloa/,D_YChT8AAAAJ
Gonçalo N. Tavares,Universidade de Lisboa,https://fenix.tecnico.ulisboa.pt/homepage/ist13269,mRRctaMAAAAJ
Gonçalo Nuno Gomes Tavares,Universidade de Lisboa,https://fenix.tecnico.ulisboa.pt/homepage/ist13269,mRRctaMAAAAJ
Gonçalo Tavares,Universidade de Lisboa,https://fenix.tecnico.ulisboa.pt/homepage/ist13269,mRRctaMAAAAJ
Gopal Gupta 0001,University of Texas at Dallas,http://www.utdallas.edu/~gupta,NOSCHOLARPAGE
Gopal Pandurangan,University of Houston,http://www.uh.edu/nsm/computer-science/news-events/stories/2014/0711-pandurangan.php,xJyMo0MAAAAJ
Gopalakrishnan Srinivasaraghavan,IIIT Bangalore,http://www.iiitb.ac.in/faculty_page.php?name=GSrinivasaraghavan,NOSCHOLARPAGE
Gopalan Nadathur,University of Minnesota,http://www-users.cs.umn.edu/~gopalan,jpXyNF8AAAAJ
Goran Glavas,University of Würzburg,https://wueaddress.uni-wuerzburg.de/person/134596,Ym0myOwAAAAJ
Goran Nenadic,University of Manchester,http://www.manchester.ac.uk/research/gnenadic/personaldetails,CyTXHuUAAAAJ
Gordana Dodig Crnkovic,Chalmers/GU,https://www.chalmers.se/en/staff/Pages/gordana-dodig-crnkovic.aspx,bvc5bBsAAAAJ
Gordana Dodig-Crnkovic,Chalmers/GU,https://www.chalmers.se/en/staff/Pages/gordana-dodig-crnkovic.aspx,bvc5bBsAAAAJ
Gordon Beavers,University of Arkansas,http://csce.uark.edu/~gordonb/index,NOSCHOLARPAGE
Gordon Cheng,TU Munich,https://campus.tum.de/tumonline/ee/ui/ca2/app/desktop/#/pl/ui/$ctx/visitenkarte.show_vcard?$ctx=design=ca2;header=max;lang=de&pPersonenGruppe=3&pPersonenId=E0A7569606CE4462,km_K9awAAAAJ
Gordon D. Love,Durham University,https://www.dur.ac.uk/computer.science/staff/profile/?id=246,3xJXtlwAAAAJ
Gordon D. Plotkin,University of Edinburgh,http://homepages.inf.ed.ac.uk/gdp,0KiEfGcAAAAJ
Gordon Fraser 0001,University of Passau,https://www.linkedin.com/in/gordon-fraser-80a7287,PLpOpawAAAAJ
Gordon Goodman,Rochester Institute of Technology,https://www.rit.edu/gccis/gordon-goodman,NOSCHOLARPAGE
Gordon J. Pace,University of Malta,http://www.cs.um.edu.mt/gordon.pace,XtYG-jsAAAAJ
Gordon L. Kindlmann,University of Chicago,http://people.cs.uchicago.edu/~glk,Ky1op0MAAAAJ
Gordon S. Blair,Lancaster University,https://www.lancaster.ac.uk/scc/about-us/people/gordon-blair,TQj5qo0AAAAJ
Gordon S. Novak,University of Texas at Austin,https://www.cs.utexas.edu/users/novak,eHhHOD0AAAAJ
Gordon S. Novak Jr.,University of Texas at Austin,https://www.cs.utexas.edu/users/novak,eHhHOD0AAAAJ
Gordon Stewart 0001,Ohio University,http://ace.cs.ohio.edu/~gstewart,pnzKfOcAAAAJ
Gordon V. Cormack,University of Waterloo,http://cormack.uwaterloo.ca,wFuZKaUAAAAJ
Gordon Wetzstein,Stanford University,https://stanford.edu/~gordonwz,VOf45S0AAAAJ
Gorjan Alagic,University of Maryland - College Park,http://www.alagic.org,NOSCHOLARPAGE
Gorkem Serbes,Yıldız Technical University,https://www.ce.yildiz.edu.tr/personal/gorkem?lang=en,96vDpfcAAAAJ
Gorur Narayana Srinivasa Prasanna,IIIT Bangalore,http://www.iiitb.ac.in/faculty_page.php?name=GNSrinivasaPrasanna,NOSCHOLARPAGE
Gosse Bouma,University of Groningen,https://www.let.rug.nl/gosse,sd-w59cAAAAJ
Gottfried Koch,University of Leipzig,http://www.informatik.uni-leipzig.de/vi/webdir/lehrstuhl_vi/wir/arbeitsgruppe.shtml,NOSCHOLARPAGE
Gottfried Vossen,University of Münster,https://www.wi.uni-muenster.de/department/dbis,ABYevP4AAAAJ
Gouhei Tanaka,University of Tokyo,http://www.sat.t.u-tokyo.ac.jp/~gouhei,NOSCHOLARPAGE
Gourab Ghoshal,University of Rochester,http://gghoshal.pas.rochester.edu,_CNYi6MAAAAJ
Gourab Sen Gupta,Massey University,http://seat.massey.ac.nz/g.sengupta,NOSCHOLARPAGE
Gourinath Banda,IIT Indore,http://cse.iiti.ac.in/faculty.html,k5nOs00AAAAJ
Goutam Paul 0001,ISI Kolkata,https://www.isical.ac.in/~goutam.paul,PbIhVccAAAAJ
Govindarajulu Regeti,IIIT Hyderabad,https://iiit.ac.in/people/faculty/gregeti,TvcR9REAAAAJ
Gowtham Atluri,University of Cincinnati,http://homepages.uc.edu/~atlurigm,tpfik0wAAAAJ
Gowtham Kaki,University of Colorado Boulder,https://gowthamk.github.io,d3JzmN4AAAAJ
Gozde B. Unal,Istanbul Technical University,http://akademi.itu.edu.tr/en/unalgo,soanB6MAAAAJ
Gozde Unal,Istanbul Technical University,http://akademi.itu.edu.tr/en/unalgo,soanB6MAAAAJ
Grace Eden,IIIT Delhi,https://www.iiitd.ac.in/grace,Gs5GF8YAAAAJ
Grace Hui Yang,Georgetown University,http://infosense.cs.georgetown.edu/grace,nafo_HAAAAAJ
Grace Ngai,The Hong Kong Polytechnic University,http://www4.comp.polyu.edu.hk/~csgngai,XDmI44EAAAAJ
Grace Rumantir,Monash University,http://monash.edu/research/explore/en/persons/grace-rumantir(94545a4b-f62b-4a71-96ab-d0b27cb904bd).html,rOMD8K4AAAAJ
Grace W. Rumantir,Monash University,http://monash.edu/research/explore/en/persons/grace-rumantir(94545a4b-f62b-4a71-96ab-d0b27cb904bd).html,rOMD8K4AAAAJ
Grace Wahba,University of Wisconsin - Madison,http://www.stat.wisc.edu/~wahba,2lPABNoAAAAJ
Graeme G. Shanks,University of Melbourne,http://people.eng.unimelb.edu.au/gshanks,or0dr-4AAAAJ
Graeme Hirst,University of Toronto,http://www.cs.toronto.edu/~gh,VGdVdjwAAAAJ
Graeme Smith,University of Queensland,http://staff.itee.uq.edu.au/smith,HYas6BgAAAAJ
Graham Cormode,University of Warwick,https://warwick.ac.uk/fac/sci/dcs/people/graham_cormode,gpLVKmEAAAAJ
Graham E. Farr,Monash University,http://www.csse.monash.edu.au/~gfarr,NOSCHOLARPAGE
Graham Farr,Monash University,http://www.csse.monash.edu.au/~gfarr,NOSCHOLARPAGE
Graham Horton,University of Magdeburg,http://www.sim.ovgu.de,m_vBaEkAAAAJ
Graham Hutton,University of Nottingham,https://www.nottingham.ac.uk/computerscience/people/graham.hutton,6wDy-sMAAAAJ
Graham J. Williams,Australian National University,https://comp.anu.edu.au/people/graham-williams/,08HEV_kAAAAJ
Graham Kemp,Chalmers/GU,https://www.chalmers.se/en/staff/Pages/kemp.aspx,9Olx8xYAAAAJ
Graham Kirby,University of St Andrews,https://graham.host.cs.st-andrews.ac.uk,_pn1_vgAAAAJ
Graham Knight,University College London,http://www.cs.ucl.ac.uk/staff/graham_knight,HdunwTkAAAAJ
Graham Neubig,Carnegie Mellon University,http://www.phontron.com,wlosgkoAAAAJ
Graham Roberts,University College London,http://www0.cs.ucl.ac.uk/staff/G.Roberts,NOSCHOLARPAGE
Graham W. Taylor,University of Guelph,https://www.gwtaylor.ca,PUeKU8kAAAAJ
Gramoz Goranci,University of Vienna,https://sites.google.com/view/ggoranci,nWXrBUgAAAAJ
Grant E. Weddell,University of Waterloo,https://cs.uwaterloo.ca/~gweddell/,NOSCHOLARPAGE
Grant Ho,University of Chicago,https://cs.uchicago.edu/people/grant-ho/,EASHOTUAAAAJ
Grant Robert Schoenebeck,University of Michigan,http://web.eecs.umich.edu/~schoeneb,m4zCAPoAAAAJ
Grant Schoenebeck,University of Michigan,http://web.eecs.umich.edu/~schoeneb,m4zCAPoAAAAJ
Grant Van Horn,University of Massachusetts Amherst,https://gvh.codes/,PxYY_nsAAAAJ
Graça Gaspar,Universidade de Lisboa,https://ciencias.ulisboa.pt/perfil/mdgaspar,Y7mExc8AAAAJ
Graçaliz Pereira Dimuro,Federal University of Rio Grande,http://gracaliz.c3.furg.br,bDx8DMEAAAAJ
Greet Vanden Berghe,KU Leuven,https://www.kuleuven.be/wieiswie/en/person/00053376,CepcZIUAAAAJ
Greg Bodwin,University of Michigan,https://bodwin.engin.umich.edu,NWpUSd4AAAAJ
Greg Butler,Concordia University,http://www.cs.concordia.ca/~gregb,K2vSwvQAAAAJ
Greg Byrd,North Carolina State University,https://ece.ncsu.edu/people/gbyrd,lItEsUUAAAAJ
Greg Durrett,University of Texas at Austin,http://www.cs.utexas.edu/~gdurrett,EpQ_sDEAAAAJ
Greg Ganger,Carnegie Mellon University,https://www.ece.cmu.edu/~ganger,NOSCHOLARPAGE
Greg Gay 0002,Chalmers/GU,http://www.greggay.com,3nwDANgAAAAJ
Greg Hager,Johns Hopkins University,http://www.cs.jhu.edu/~hager,ivApfKcAAAAJ
Greg Hamerly,Baylor University,https://www.ecs.baylor.edu/index.php?id=961917,Gq50a8EAAAAJ
Greg Kuperberg,Univ. of California - Davis,https://www.math.ucdavis.edu/~greg,OrKdXCgAAAAJ
Greg Morrisett [Tech],Cornell University,http://www.cs.cornell.edu/~jgm,Dswus94AAAAJ
Greg N. Frederickson,Purdue University,https://www.cs.purdue.edu/people/gnf,NOSCHOLARPAGE
Greg Shakhnarovich,TTI Chicago,http://ttic.uchicago.edu/~gregory,YLOz1kgAAAAJ
Greg Speegle,Baylor University,https://www.ecs.baylor.edu/index.php?id=961989,B5KUbnAAAAAJ
Greg Turk,Georgia Institute of Technology,http://www.cc.gatech.edu/~turk,Q_4d9N0AAAAJ
Greg Ver Steeg,Univ. of California - Riverside,https://www.isi.edu/directory/gregv/,goLucoIAAAAJ
Greg W. Wasilkowski,University of Kentucky,https://www.cs.uky.edu/~greg,NOSCHOLARPAGE
Greg Wadley,University of Melbourne,http://people.eng.unimelb.edu.au/gwadley,GkWqZe0AAAAJ
Greg Welch,University of Central Florida,https://sreal.ucf.edu/people/welch,9rHaWCYAAAAJ
Gregg Rothermel,North Carolina State University,http://cse.unl.edu/~grother,7XjL07wAAAAJ
Gregor Alexander Schiele,University of Duisburg-Essen,https://www.uni-due.de/es/en/en_gregor_schiele.php,jhSvu1wAAAAJ
Gregor Engels,Paderborn University,http://www.upb.de/cs/engels.html,3AV1TsAAAAAJ
Gregor Kiczales,University of British Columbia,https://www.cs.ubc.ca/~gregor,Odh4GSYAAAAJ
Gregor Leander,Ruhr-University Bochum,http://www.crypto.rub.de/staff/leander.html.en,qv21mtIAAAAJ
Gregor Schiele,University of Duisburg-Essen,https://www.uni-due.de/es/en/en_gregor_schiele.php,jhSvu1wAAAAJ
Gregor Schöner,Ruhr-University Bochum,https://www.ini.rub.de/the_institute/people/gregor-schoner,SND5_8sAAAAJ
Gregor Snelting,Karlsruhe Institute of Technology,https://pp.info.uni-karlsruhe.de/personhp/gregor_snelting.php,sprhcYcAAAAJ
Gregor V. Bochmann,University of Ottawa,http://www.site.uottawa.ca/~bochmann,NOSCHOLARPAGE
Gregor v. Bochmann,University of Ottawa,http://www.site.uottawa.ca/~bochmann,NOSCHOLARPAGE
Gregor von Bochmann,University of Ottawa,http://www.site.uottawa.ca/~bochmann,NOSCHOLARPAGE
Gregorio Bernabé,University of Murcia,http://webs.um.es/gbernabe/miwiki/doku.php,73XN3L4AAAAJ
Gregorio Martínez Pérez,University of Murcia,http://webs.um.es/gregorio,l1scgGQAAAAJ
Gregorio Robles,Universidad Rey Juan Carlos,http://gsyc.urjc.es/~grex,BhVjp-UAAAAJ
Gregoris Mentzas,NTUA,http://imu.ntua.gr/users/gmentzas,WdybrQYAAAAJ
Gregory B. White,University of Texas at San Antonio,http://www.cs.utsa.edu/facstaff,yT6jxa8AAAAJ
Gregory Bodwin,University of Michigan,https://bodwin.engin.umich.edu,NWpUSd4AAAAJ
Gregory Butler,Concordia University,http://www.cs.concordia.ca/~gregb,K2vSwvQAAAAJ
Gregory D. Abowd,Northeastern University,https://www.khoury.northeastern.edu/people/gregory-abowd,gb8sbdcAAAAJ
Gregory D. Hager,Johns Hopkins University,http://www.cs.jhu.edu/~hager,ivApfKcAAAAJ
Gregory Dudek,McGill University,http://www.cim.mcgill.ca/~dudek,BSORuFoAAAAJ
Gregory F. Lewis,Indiana University,https://kinseyinstitute.org/about/profiles/glewis.php,NOSCHOLARPAGE
Gregory F. Welch,University of Central Florida,https://sreal.ucf.edu/people/welch,9rHaWCYAAAAJ
Gregory Gay 0002,Chalmers/GU,http://www.greggay.com,3nwDANgAAAAJ
Gregory H. Wakefield,University of Michigan,http://mcubed.umich.edu/users/ghw,NOSCHOLARPAGE
Gregory Hooper,University of Queensland,https://www.uq.edu.au/study/course.html?course_code=MMDS7963,gjaNkykAAAAJ
Gregory J. E. Rawlins,Indiana University,http://www.cs.indiana.edu/~rawlins,NOSCHOLARPAGE
Gregory J. Stein,George Mason University,https://cs.gmu.edu/~gjstein/,4djS86UAAAAJ
Gregory J. Zelinsky,Stony Brook University,https://www.stonybrook.edu/commcms/psychology/faculty/faculty_profiles/gzelinsky,5uC1slsAAAAJ
Gregory M. P. O'Hare,Trinity College Dublin,https://www.scss.tcd.ie/Gregory.OHare,egeLiWkAAAAJ
Gregory Mentzas,NTUA,http://imu.ntua.gr/users/gmentzas,WdybrQYAAAAJ
Gregory Michael Bodwin,University of Michigan,https://bodwin.engin.umich.edu,NWpUSd4AAAAJ
Gregory Peterson,University of Tennessee,https://www.eecs.utk.edu/people/faculty/gdp,3Zg-7o4AAAAJ
Gregory R. Andrews,University of Arizona,http://www.cs.arizona.edu/~greg,4LCdnkYAAAAJ
Gregory R. Crane,University of Leipzig,http://www.dh.uni-leipzig.de/wo/gregory-crane,NOSCHOLARPAGE
Gregory R. Ganger,Carnegie Mellon University,https://www.ece.cmu.edu/~ganger,NOSCHOLARPAGE
Gregory Ralph Crane,University of Leipzig,http://www.dh.uni-leipzig.de/wo/gregory-crane,NOSCHOLARPAGE
Gregory S. Chirikjian,University of Delaware,https://www.cis.udel.edu/people/faculty/gregory-s-chirikjian,qoIuyMoAAAAJ
Gregory S. Fischer,Worcester Polytechnic Institute,http://www.wpi.edu/academics/facultydir/gsf.html,kZFSHy4AAAAJ
Gregory Shakhnarovich,TTI Chicago,http://ttic.uchicago.edu/~gregory,YLOz1kgAAAAJ
Gregory T. Byrd,North Carolina State University,https://ece.ncsu.edu/people/gbyrd,lItEsUUAAAAJ
Gregory Valiant,Stanford University,http://theory.stanford.edu/~valiant,CgItEbQAAAAJ
Gregory W. Wornell,Massachusetts Institute of Technology,http://allegro.mit.edu/~gww,NOSCHOLARPAGE
Gregory Wadley,University of Melbourne,http://people.eng.unimelb.edu.au/gwadley,GkWqZe0AAAAJ
Gregory Z. Gutin,Royal Holloway University of London,https://pure.royalholloway.ac.uk/portal/en/persons/gregory-gutin_6b1b6d2e-2ebd-4bc0-8d8b-f258381c1f44.html,JR5DwxoAAAAJ
Grigore Rosu,Univ. of Illinois at Urbana-Champaign,https://fsl.cs.illinois.edu/people/grigore-rosu,yxpqbdQAAAAJ
Grigorios Loukides,King's College London,https://www.kcl.ac.uk/people/grigorios-loukides,OtmncdQAAAAJ
Grigorios Tsagkatakis,University of Crete,https://users.ics.forth.gr/~greg/,VEmEfrMAAAAJ
Grigory Fedyukovich,Florida State University,https://www.cs.princeton.edu/~grigoryf/about.html,dv7u9JgAAAAJ
Grigory Yaroslavtsev,George Mason University,http://grigory.us,AbRFE3IAAAAJ
Gruia Calinescu,Illinois Institute of Technology,https://science.iit.edu/people/faculty/gruia-calinescu,NOSCHOLARPAGE
Gruia-Catalin Roman,University of New Mexico,http://www.cs.unm.edu/directory/faculty-profiles/gruia-catalin-roman.html,NOSCHOLARPAGE
Grzegorz Chrupala,Tilburg University,http://grzegorz.chrupala.me,p6m63xoAAAAJ
Grzegorz Kondrak,University of Alberta,http://webdocs.cs.ualberta.ca/~kondrak,TV3Tl_sAAAAJ
Grzegorz Rozenberg,Leiden University,https://www.universiteitleiden.nl/en/staffmembers/grzegorz-rozenberg#tab-2,uQba_a4AAAAJ
Grzegorz Stachowiak,University of Wroclaw,https://www.ii.uni.wroc.pl/~gst,efpc1oQAAAAJ
Grzegorz W. Wasilkowski,University of Kentucky,https://www.cs.uky.edu/~greg,NOSCHOLARPAGE
Gu Ming 0001,Tsinghua University,http://www.thss.tsinghua.edu.cn/publish/soften/3131/2010/20101219102622467554674/20101219102622467554674_.html,NOSCHOLARPAGE
Guanbin Li,Sun Yat-sen University,http://guanbinli.com,2A2Bx2UAAAAJ
Guandong Xu 0001,University of Technology Sydney,https://profiles.uts.edu.au/Guandong.Xu,kcrdCq4AAAAJ
Guanfeng Liu 0001,Macquarie University,http://web.science.mq.edu.au/~gliu,6P6EnQkAAAAJ
Guang Song,Iowa State University,http://www.cs.iastate.edu/people/guang-song,wB7NTEcAAAAJ
Guang Wang 0001,Florida State University,https://guangwang.me/,DfHyVboAAAAJ
Guang-Yu Sun 0003,Peking University,http://ceca.pku.edu.cn/en/team.php?action=show&member_id=15,m3f70oYAAAAJ
Guang-Zhong Yang,Imperial College London,http://www.imperial.ac.uk/people/g.z.yang,NOSCHOLARPAGE
Guangchun Luo,UESTC,https://www.is.uestc.edu.cn/teachers.do?id=7308,NOSCHOLARPAGE
Guangdong Bai,University of Queensland,https://baigd.github.io,4TjSSaUAAAAJ
Guanghui Lan,Georgia Institute of Technology,https://sites.gatech.edu/guanghui-lan/,l3SflUcAAAAJ
Guanghui Liu 0001,UESTC,http://faculty.uestc.edu.cn/liuguanghui/en/index.htm,AjfD95EAAAAJ
Guanghui Lu,UESTC,https://www.en.scse.uestc.edu.cn/info/1085/1788.htm,NOSCHOLARPAGE
Guanghui Wang 0001,Toronto Metropolitan University,https://www.cs.torontomu.ca/~wangcs/,I_5aoAwAAAAJ
Guangliang Yang 0001,Fudan University,https://yang-guangliang.github.io,bh1JfPkAAAAJ
Guangming Lu,Harbin Institute of Technology,http://faculty.hitsz.edu.cn/luguangming,fhwB7UwAAAAJ
Guangming Shi,Xidian University,https://web.xidian.edu.cn/gmshi/,11aRt9oAAAAJ
Guangming Tan,Chinese Academy of Sciences,https://people.ucas.ac.cn/~tgm,NOSCHOLARPAGE
Guangmo Amo Tong,University of Delaware,https://udel.edu/~amotong/,H6qjh2kAAAAJ
Guangmo Tong,University of Delaware,https://udel.edu/~amotong/,H6qjh2kAAAAJ
Guangquan Zhang 0001,University of Technology Sydney,https://www.uts.edu.au/staff/guangquan.zhang,_1RMrhsAAAAJ
Guangtao Xue,Shanghai Jiao Tong University,http://www.cs.sjtu.edu.cn/~xue-gt,vTC9TSQAAAAJ
Guangwen Yang,Tsinghua University,http://www.tsinghua.edu.cn/publish/csen/4623/2010/20101224195554390212530/20101224195554390212530_.html,NOSCHOLARPAGE
Guangwu Xu,University of Wisconsin - Milwaukee,https://uwm.edu/engineering/people/xu-ph-d-guangwu,NOSCHOLARPAGE
Guangyan Zhang,Tsinghua University,http://storage.cs.tsinghua.edu.cn/~zgy,NOSCHOLARPAGE
Guangyu Sun 0003,Peking University,http://ceca.pku.edu.cn/en/team.php?action=show&member_id=15,m3f70oYAAAAJ
Guangzhi Qu,Oakland University,http://www.secs.oakland.edu/~gqu,Etw6t2kAAAAJ
Guangzhong Sun,USTC,http://staff.ustc.edu.cn/~gzsun,sm_uYE8AAAAJ
Guanhua Yan,Binghamton University,https://www.binghamton.edu/cs/people/ghyan.html,6rPWxsgAAAAJ
Guanjie Zheng,Shanghai Jiao Tong University,https://jhc.sjtu.edu.cn/~gjzheng/,jJpqDQIAAAAJ
Guannan Liu,Colorado School of Mines,https://www.linkedin.com/in/guannan-liu-3583b8262/,f13rb-IAAAAJ
Guanpeng Li,University of Iowa,http://homepage.cs.uiowa.edu/~guanpli,hIoeKKkAAAAJ
Guansong Pang,Singapore Management University,https://scis.smu.edu.sg/faculty/profile/6271/guansong-pang,1ZO7pHkAAAAJ
Guanyang Wang,Rutgers University,https://guanyangwang.github.io/,fnDzqzIAAAAJ
Guanying Chen,CUHK (SZ),https://guanyingc.github.io/,Z2Kv_SsAAAAJ
Guanyun Wang,Zhejiang University,https://design.zju.edu.cn/guanyunlab/,WcwWh24AAAAJ
Gudmund Skovbjerg Frandsen,Aarhus University,http://cs.au.dk/~gudmund,bHvSLToAAAAJ
Gudula Rünger,TU Chemnitz,https://www.tu-chemnitz.de/informatik/PI/professur/inhaber/index.php,NOSCHOLARPAGE
Guenter Schaefer,TU Ilmenau,https://www.tu-ilmenau.de/telematik/mitarbeiter/prof-guenter-schaefer,xpFu880AAAAJ
Guenther Ruhe,University of Calgary,http://ruhe.cpsc.ucalgary.ca,5nL_z0oAAAAJ
Guevara Noubir,Northeastern University,http://www.ccs.neu.edu/home/noubir,pUaHHjUAAAAJ
Gugan Thoppe,IISc Bangalore,https://www.csa.iisc.ac.in/people/gugan-thoppe,X5zV3s8AAAAJ
Guha Balakrishnan,Rice University,https://profiles.rice.edu/faculty/guha-balakrishnan,CsEOFL8AAAAJ
Gui-Song Xia,Wuhan University,https://cs.whu.edu.cn/info/1019/2878.htm,SAUCVsEAAAAJ
Guido A. Maier,Politecnico di Milano,http://home.deib.polimi.it/maier,PLEkIaAAAAAJ
Guido Araujo,UNICAMP,https://guidoaraujo.wordpress.com/guido-araujo-homepage,xjuoV4QAAAAJ
Guido Araújo,UNICAMP,https://guidoaraujo.wordpress.com/guido-araujo-homepage,xjuoV4QAAAAJ
Guido Brunnett,TU Chemnitz,https://www.tu-chemnitz.de/informatik/HomePages/GDV/professurinhaber.php,NOSCHOLARPAGE
Guido Gerig,New York University,http://engineering.nyu.edu/people/guido-gerig,P5CovF0AAAAJ
Guido Germano 0001,University College London,http://www0.cs.ucl.ac.uk/people/G.Germano.html,8zCKUmoAAAAJ
Guido Kanschat,Heidelberg University,http://simweb.iwr.uni-heidelberg.de/~gkanscha/de,G-HcRDwAAAAJ
Guido Moerkotte,University of Mannheim,https://www.wim.uni-mannheim.de/moerkotte,LDo3PYQAAAAJ
Guido Salvaneschi,TU Darmstadt,http://www.guidosalvaneschi.com,Hm0V7MUAAAAJ
Guido Schmitz,Royal Holloway University of London,https://pure.royalholloway.ac.uk/en/persons/guido-schmitz,DKhjBT4AAAAJ
Guido Tack,Monash University,http://monash.edu/research/explore/en/persons/guido-tack(d73e55b3-3851-41de-9165-d175b58b6676).html,JHquQGoAAAAJ
Guido Wirtz,University of Bamberg,https://www.uni-bamberg.de/?id=5188,VVmF0ZcAAAAJ
Guiduo Duan,UESTC,https://www.en.scse.uestc.edu.cn/info/1085/1917.htm,NOSCHOLARPAGE
Guiguang Ding,Tsinghua University,http://ise.thss.tsinghua.edu.cn/MIG/dgg.html,B7F3yt4AAAAJ
Guihai Chen,Shanghai Jiao Tong University,https://cs.nju.edu.cn/gchen,rqZWbYgAAAAJ
Guilherme H. Travassos,UFRJ,http://www.cos.ufrj.br/~ght,hn4LDmkAAAAJ
Guilherme Horta Travassos,UFRJ,http://www.cos.ufrj.br/~ght,hn4LDmkAAAAJ
Guilherme P. Telles,UNICAMP,http://www.escience.org.br/guilherme.telles,UVM3F2UAAAAJ
Guilherme Pimentel Telles,UNICAMP,http://www.escience.org.br/guilherme.telles,UVM3F2UAAAAJ
Guilherme Travassos,UFRJ,http://www.cos.ufrj.br/~ght,hn4LDmkAAAAJ
Guiliang Liu,CUHK (SZ),http://guiliang.me/,CuMylvEAAAAJ
Guiling Wang,NJIT,https://web.njit.edu/~gwang,PJOGQc4AAAAJ
Guillaume Hanrot,Ecole Normale Superieure de Lyon,http://perso.ens-lyon.fr/guillaume.hanrot,NOSCHOLARPAGE
Guillaume Lajoie,University of Montreal,https://www.guillaumelajoie.com,ifu_7_0AAAAJ
Guillaume Rabusseau,University of Montreal,https://www.iro.umontreal.ca/~grabus,t2i4V4EAAAAJ
Guillermo Gallego 0002,TU Berlin,https://www.eecs.tu-berlin.de/menue/einrichtungen/professuren/professorinnen/gallego/parameter/en/,v0_XxF0AAAAJ
Guillermo Gallego Bonet,TU Berlin,https://www.eecs.tu-berlin.de/menue/einrichtungen/professuren/professorinnen/gallego/parameter/en/,v0_XxF0AAAAJ
Guillermo Payá Vayá,TU Braunschweig,https://www.tu-braunschweig.de/eis/paya-vaya,uJLGjFUAAAAJ
Guillermo Sapiro,Duke University,https://ece.duke.edu/faculty/guillermo-sapiro,ISRNX3gAAAAJ
Guillermo Suarez-Tangil,IMDEA Networks Institute,https://networks.imdea.org/team/imdea-networks-team/people/guillermo-suarez-tangil,182ZkIgAAAAJ
Guiming Luo,Tsinghua University,http://www.thss.tsinghua.edu.cn/publish/soften/3131/2010/20101219105703907330347/20101219105703907330347_.html,NOSCHOLARPAGE
Guiying Li,SUSTech,http://www.liguiying.cn,Pdj79icAAAAJ
Gul A. Agha,Univ. of Illinois at Urbana-Champaign,https://cs.illinois.edu/directory/profile/agha,orHlhhQAAAAJ
Gul Agha,Univ. of Illinois at Urbana-Champaign,https://cs.illinois.edu/directory/profile/agha,orHlhhQAAAAJ
Gul Calikli,Chalmers/GU,https://www.chalmers.se/en/staff/Pages/calikli.aspx,lShgfvwAAAAJ
Gulfem Alptekin,Galatasaray University,https://avesis.gsu.edu.tr/gisiklar,QsiWkyMAAAAJ
Gultekin Özsoyoglu,Case Western Reserve University,http://engineering.case.edu/eecs/faculty-staff,NOSCHOLARPAGE
Gunes Acar,Radboud University,https://gunesacar.net,B6yKiPQAAAAJ
Gunhee Kim,Seoul National University,https://vision.snu.ac.kr/gunhee,CiSdOV0AAAAJ
Guni Sharon,Texas A&M University,http://faculty.cse.tamu.edu/guni,Vwx9fo4AAAAJ
Gunilla Borgefors,Uppsala University,http://www.cb.uu.se/~gunilla,cN7GJ1EAAAAJ
Gunilla Kreiss,Uppsala University,https://katalog.uu.se/empinfo/?id=N1-389,NOSCHOLARPAGE
Gunilla Myreteg,Uppsala University,https://katalog.uu.se/empinfo/?id=N1-1002,NOSCHOLARPAGE
Gunjae Koo,Korea University,http://gunjaekoo.com,mjxNeSAAAAAJ
Gunnar Gotshalks,York University,http://www.cse.yorku.ca/~gunnar,NOSCHOLARPAGE
Gunnar Karlsson,KTH Royal Institute of Technology,https://www.kth.se/profile/gk,lISeVIEAAAAJ
Gunnar Rätsch,ETH Zurich,http://bmi.inf.ethz.ch/personnel/gunnar-ratsch,tQuQ1FwAAAAJ
Gunnar Teege,Bundeswehr University Munich,http://www.unibw.de/gunnar.teege,NOSCHOLARPAGE
Gunnar Tufte,NTNU,https://www.ntnu.edu/employees/gunnar.tufte,85QJtE0AAAAJ
Gunnar W. Klau,University of Düsseldorf,https://www.cs.hhu.de/lehrstuehle-und-arbeitsgruppen/algorithmische-bioinformatik-prof-dr-gunnar-w-klau/unser-team/team/short-cv-klau.html,2hdYjHkAAAAJ
Gunter Saake,University of Magdeburg,http://www.dbse.ovgu.de,Tggnh5oAAAAJ
Guo Chen 0001,Hunan University,https://1989chenguo.github.io,ouriG7cAAAAJ
Guo Freeman,Clemson University,http://guof.people.clemson.edu,eRQZhUAAAAAJ
Guo Zhang Freeman,Clemson University,http://guof.people.clemson.edu,eRQZhUAAAAAJ
Guo-Hui Lin,University of Alberta,https://webdocs.cs.ualberta.ca/~ghlin,XSgTV7gAAAAJ
Guo-Jie Song,Peking University,http://www.klmp.pku.edu.cn/Faculty/FacultyDetail.aspx?FacultyID=44,a832IIMAAAAJ
Guo-Jun Qi,University of Central Florida,http://www.cs.ucf.edu/~gqi,Nut-uvoAAAAJ
Guo-Zhong Dai,Chinese Academy of Sciences,https://ieeexplore.ieee.org/author/37274248100,NOSCHOLARPAGE
GuoJun Liu,Harbin Institute of Technology,http://homepage.hit.edu.cn/guojun,5MaClO8AAAAJ
Guocheng Liao,Sun Yat-sen University,https://liaogch.github.io/,s5ltgw8AAAAJ
Guodong Guo,West Virginia University,https://www.statler.wvu.edu/faculty-staff/faculty/guodong-guo,f2Y5nygAAAAJ
Guodong Long,University of Technology Sydney,https://www.uts.edu.au/staff/guodong.long,Pl8m7hMAAAAJ
Guodong Zhou,Soochow University,http://web.suda.edu.cn/gdzhou,KELQj9cAAAAJ
Guofei Gu,Texas A&M University,http://faculty.cs.tamu.edu/guofei,SRC3O-4AAAAJ
Guofeng Zhang 0001,Zhejiang University,http://www.cad.zju.edu.cn/home/gfzhang,F0xfpXAAAAAJ
Guohao Dai,Shanghai Jiao Tong University,https://nicsefc.ee.tsinghua.edu.cn/people/GuohaoDai,gz3Tkl0AAAAJ
Guohao Lan,TU Delft,https://guohao.netlify.app,1ebZN5gAAAAJ
Guohong Cao,Pennsylvania State University,http://www.cse.psu.edu/~gxc27,zD5ZfacAAAAJ
Guohong Fu,Soochow University,http://web.suda.edu.cn/ghfu,NOSCHOLARPAGE
Guohui Lin,University of Alberta,https://webdocs.cs.ualberta.ca/~ghlin,XSgTV7gAAAAJ
Guojie Luo,Peking University,http://ceca.pku.edu.cn/guojie,8-mT29YAAAAJ
Guojie Song,Peking University,http://www.klmp.pku.edu.cn/Faculty/FacultyDetail.aspx?FacultyID=44,a832IIMAAAAJ
Guojun Qi,University of Central Florida,http://www.cs.ucf.edu/~gqi,Nut-uvoAAAAJ
Guoliang He,Wuhan University,http://cs.whu.edu.cn/teacherinfo.aspx?id=207,NOSCHOLARPAGE
Guoliang Jin,North Carolina State University,https://www.csc.ncsu.edu/people/gjin2,Z2-LnXgAAAAJ
Guoliang Li 0001,Tsinghua University,http://dbgroup.cs.tsinghua.edu.cn/ligl,s9n7-fQAAAAJ
Guoliang Xing,Michigan State University,http://www.cse.msu.edu/~glxing,kI5JKs8AAAAJ
Guoliang Xue,Arizona State University,https://optimization.asu.edu,9gBvN78AAAAJ
Guolin Sun,UESTC,https://www.en.scse.uestc.edu.cn/info/1085/1928.htm,NOSCHOLARPAGE
Guomin Yang,Singapore Management University,https://scis.smu.edu.sg/faculty/profile/6571/yang-guomin,4W_pfw8AAAAJ
Guoming Lu,UESTC,https://www.en.scse.uestc.edu.cn/info/1085/2062.htm,ExAwCPEAAAAJ
Guoning Chen,University of Houston,http://www2.cs.uh.edu/~chengu,EVaSxlkAAAAJ
Guoping Qiu,University of Nottingham,https://www.nottingham.ac.uk/computerscience/people/guoping.qiu,pHkKtyMAAAAJ
Guoping Rong,Nanjing University,https://softeng.nju.edu.cn/faculty/GuopingRong/index.html,1KlMNBwAAAAJ
Guoping Wang,Peking University,http://eecs.pku.edu.cn/EN/People/Faculty/Detail/?ID=6058,NOSCHOLARPAGE
Guoqi Xie,Hunan University,http://ecps.cc/~g.xie,Wc_QKeYAAAAJ
Guoqiang Li 0001,Shanghai Jiao Tong University,http://basics.sjtu.edu.cn/~liguoqiang,oylxWusAAAAJ
Guoqing Harry Xu,Univ. of California - Los Angeles,http://www.cs.ucla.edu/~harryxu,DS6rCasAAAAJ
Guoqing Xiao 0001,Hunan University,https://guoqingxiao.weebly.com,mlkJijgAAAAJ
Guoqing Xu 0001,Univ. of California - Los Angeles,http://www.cs.ucla.edu/~harryxu,DS6rCasAAAAJ
Guoquan Huang 0001,University of Delaware,https://udel.edu/~ghuang/,trMUyZIAAAAJ
Guoquan Wu,Chinese Academy of Sciences,http://people.ucas.edu.cn/~gqwu,eZ6OCCIAAAAJ
Guorong Wu 0001,University of North Carolina,https://www.med.unc.edu/psych/directory/guorong-wu,XVsMB2kAAAAJ
Guosheng Lin,Nanyang Technological University,https://guosheng.github.io,ZudEhvcAAAAJ
Guowei Yang 0001,University of Queensland,https://guoweiyang.github.io,dad9ZL4AAAAJ
Guowu Yang,UESTC,http://en.uestc.edu.cn/index.php?m=content&c=index&a=show&catid=79&id=4773,7k8MMQYAAAAJ
Guoxin Su,University of Wollongong,https://documents.uow.edu.au/~guoxin,S7cDTa8AAAAJ
Guoxing Chen,Shanghai Jiao Tong University,https://donnod.github.io/,OnQv6VYAAAAJ
Guoxing Wang,Shanghai Jiao Tong University,https://dmne.sjtu.edu.cn/dmne/faculty/wangguoxing/,3A0Na8AAAAAJ
Guozhong Dai,Chinese Academy of Sciences,https://ieeexplore.ieee.org/author/37274248100,NOSCHOLARPAGE
Guozhu Meng,Chinese Academy of Sciences,https://impillar.github.io,fpE34K0AAAAJ
Gurdip Singh,George Mason University,https://cs.gmu.edu/directory/detail/169/,NOSCHOLARPAGE
Guri Sohi,University of Wisconsin - Madison,http://pages.cs.wisc.edu/~sohi,NOSCHOLARPAGE
Gurindar S. Sohi,University of Wisconsin - Madison,http://pages.cs.wisc.edu/~sohi,NOSCHOLARPAGE
Gurminder Singh,Naval Postgraduate School,http://faculty.nps.edu/gsingh,VP5CMagAAAAJ
Gurpur M. Prabhu,Iowa State University,http://www.cs.iastate.edu/~prabhu,NOSCHOLARPAGE
Gursimran Singh Walia,Augusta University,http://www.gursimransinghwalia.com,X2qEWo0AAAAJ
Gursimran Walia,Augusta University,http://www.gursimransinghwalia.com,X2qEWo0AAAAJ
Gururaj Saileshwar,University of Toronto,https://gururaj-s.github.io,0RnpQFcAAAAJ
Gus G. Xia,MBZUAI,https://mbzuai.ac.ae/study/faculty/dr-gus-xia,h8-nXFcAAAAJ
Gus Xia,MBZUAI,https://mbzuai.ac.ae/study/faculty/dr-gus-xia,h8-nXFcAAAAJ
Gushu Li,University of Pennsylvania,https://sites.google.com/view/gushuli,Po0BT08AAAAJ
Gustavo Alonso,ETH Zurich,https://people.inf.ethz.ch/alonso,fkNjVcIAAAAJ
Gustavo Carneiro 0001,University of Surrey,https://www.surrey.ac.uk/people/gustavo-carneiro,E0TtOWAAAAAJ
Gustavo Carvalho,UFPE,http://www.cin.ufpe.br/~ghpc,e-uGm2UAAAAJ
Gustavo E. A. P. A. Batista,USP-ICMC,http://conteudo.icmc.usp.br/pessoas/gbatista,takZ6KIAAAAJ
Gustavo Enrique De Almeida Prado Alves Batista,USP-ICMC,http://conteudo.icmc.usp.br/pessoas/gbatista,takZ6KIAAAAJ
Gustavo H. M. B. Carneiro,University of Surrey,https://www.surrey.ac.uk/people/gustavo-carneiro,E0TtOWAAAAAJ
Gusz Eiben,VU Amsterdam,http://www.cs.vu.nl/~gusz,NMuDAe0AAAAJ
Guszti Eiben,VU Amsterdam,http://www.cs.vu.nl/~gusz,NMuDAe0AAAAJ
Guttorm Sindre,NTNU,https://www.ntnu.edu/employees/guttorm.sindre,mlcWCCkAAAAJ
Guus Schreiber,VU Amsterdam,http://www.cs.vu.nl/~guus,lRZKdMYAAAAJ
Guy Bégin,Université du Québec à Montréal,https://professeurs.uqam.ca/professeur/begin.guy/,NOSCHOLARPAGE
Guy E. Blelloch,Carnegie Mellon University,http://www.cs.cmu.edu/~guyb,Z6nLCukAAAAJ
Guy Hoffman,Cornell University,http://guyhoffman.com,ZocLOAMAAAAJ
Guy J. Brown,University of Sheffield,https://www.sheffield.ac.uk/dcs/people/academic/guy-brown,5KOpQLQAAAAJ
Guy Katz,Hebrew University of Jerusalem,http://stanford.edu/~guyk,3nYG5BMAAAAJ
Guy Kindler,Hebrew University of Jerusalem,http://www.cs.huji.ac.il/~gkindler,h0_3SjAAAAAJ
Guy Lapalme,University of Montreal,http://rali.iro.umontreal.ca/lapalme,0fRlG8oAAAAJ
Guy McCusker,University of Bath,http://www.cs.bath.ac.uk/~gam23,kCbGWC4AAAAJ
Guy N. Rothblum,Weizmann Institute of Science,https://www.weizmann.ac.il/pages/search/people?language=english&single=1&person_id=26799,dDsbkAoAAAAJ
Guy Shani,Ben-Gurion University of the Negev,http://www.bgu.ac.il/~shanigu,F2JS3YIAAAAJ
Guy Van den Broeck,Univ. of California - Los Angeles,http://web.cs.ucla.edu/~guyvdb,d0KQ9z0AAAAJ
Guy-Vincent Jourdan,University of Ottawa,http://www.site.uottawa.ca/~gvj,r3ZtMxcAAAAJ
Guylaine Poisson,University of Hawaii at Manoa,http://www.hawaii.edu/hpc/rotm/poisson.html,NOSCHOLARPAGE
Guénolé C. Silvestre,University College Dublin,https://ieeexplore.ieee.org/author/37281610100,NOSCHOLARPAGE
Gwangsun Kim,POSTECH,https://sites.google.com/view/gkim,OmzyMnsAAAAJ
Gwenaël Joret,Université libre de Bruxelles,http://www.ulb.ac.be/di/algo/gjoret,rEsm1asAAAAJ
Gyeong-Moon Park,Kyung Hee University,https://agilabs.github.io/html/members.html,Sz6rfOMAAAAJ
Gymama E. Slaughter,Univ. of Maryland - Baltimore County,http://www.csee.umbc.edu/people/faculty/gymama-slaughter,NOSCHOLARPAGE
Gyungho Lee,Korea University,http://arch.korea.ac.kr,NOSCHOLARPAGE
György Dán,KTH Royal Institute of Technology,https://www.kth.se/profile/gyuri,NulsX04AAAAJ
György Fazekas,Queen Mary University of London,http://www.eecs.qmul.ac.uk/~gyorgyf,ucCX0ecAAAAJ
György Kalmár,University of Szeged,http://inf.u-szeged.hu/~kalmargy,i4g8nFYAAAAJ
György Turán,University of Illinois at Chicago,http://homepages.math.uic.edu/~gyt,LbDqMpIAAAAJ
Gábor Berend,University of Szeged,http://www.inf.u-szeged.hu/~berendg,JMafrTEAAAAJ
Gábor N. Sárközy,Worcester Polytechnic Institute,http://www.cs.wpi.edu/~gsarkozy,b2upmIUAAAAJ
Géry Casiez,CRIStAL,http://cristal.univ-lille.fr/~casiez,_l0mjIoAAAAJ
Gökhan Bilgin,Yıldız Technical University,https://www.ce.yildiz.edu.tr/personal/gokhanb?lang=en,xOtyJygAAAAJ
Gökhan Ince,Istanbul Technical University,http://www.gokhanince.com/gi/Default.asp,ffrlx5sAAAAJ
Göksel Biricik,Yıldız Technical University,https://www.ce.yildiz.edu.tr/personal/goksel?lang=en,NOSCHOLARPAGE
Göktürk Üçoluk,Middle East Technical University,http://user.ceng.metu.edu.tr/~ucoluk,kV5zQBkAAAAJ
Göran Kauermann,LMU Munich,https://www.en.wisostat.statistik.uni-muenchen.de,b4tlea0AAAAJ
Görschwin Fey,Hamburg University of Technology,https://www.tuhh.de/es/ce/people/gfey,83MkY1wAAAAJ
Gösta Grahne,Concordia University,http://www.cs.concordia.ca/~grahne,NOSCHOLARPAGE
Gözde B. Ünal,Istanbul Technical University,http://akademi.itu.edu.tr/en/unalgo,soanB6MAAAAJ
Gül Çalikli,Chalmers/GU,https://www.chalmers.se/en/staff/Pages/calikli.aspx,lShgfvwAAAAJ
Gülsen Eryigit,Istanbul Technical University,http://web.itu.edu.tr/gulsenc,25CpSdkAAAAJ
Günter Kemnitz,TU Clausthal,http://techwww.in.tu-clausthal.de/site/Personen/Index,NOSCHOLARPAGE
Günter Rote,Freie Universitaet Berlin,http://page.mi.fu-berlin.de/rote,NOSCHOLARPAGE
Günter Rudolph,TU Dortmund,http://ls11-www.cs.tu-dortmund.de/people/rudolph,NOSCHOLARPAGE
Günter Schukat,Friedrich Schiller University Jena,http://www.minet.uni-jena.de/www/fakultaet/schukat,NOSCHOLARPAGE
Günter Schäfer,TU Ilmenau,https://www.tu-ilmenau.de/telematik/mitarbeiter/prof-guenter-schaefer,xpFu880AAAAJ
Günther Greiner,University of Erlangen–Nuremberg,https://www.lgdv.tf.fau.de/person/guenther-greiner,NOSCHOLARPAGE
Günther Pernul,University of Regensburg,https://www.uni-regensburg.de/informatik-data-science/wi-pernul/startseite/index.html,Is7RRWYAAAAJ
Günther R. Raidl,TU Wien,https://www.ac.tuwien.ac.at/people/raidl,NOSCHOLARPAGE
Günther Raidl,TU Wien,https://www.ac.tuwien.ac.at/people/raidl,NOSCHOLARPAGE
Günther Ruhe,University of Calgary,http://ruhe.cpsc.ucalgary.ca,5nL_z0oAAAAJ
Günther Schatter,Bauhaus University Weimar,https://www.uni-weimar.de/de/medien/professuren/medieninformatik/vernetzte-medien/personen/apl-prof-dr-guenther-schatter,NOSCHOLARPAGE
Günther Specht,University of Innsbruck,https://dbis-informatik.uibk.ac.at/specht,Csj85-oAAAAJ
