name,affiliation,homepage,scholarid
H. Altay Guvenir,Bilkent University,http://www.cs.bilkent.edu.tr/~guvenir,zRvIRVUAAAAJ
H. Altay Güvenir,Bilkent University,http://www.cs.bilkent.edu.tr/~guvenir,zRvIRVUAAAAJ
H. Andrew Schwartz,Stony Brook University,http://www3.cs.stonybrook.edu/~has,Na16PsUAAAAJ
H. Bast 0001,University of Freiburg,https://ad.informatik.uni-freiburg.de/staff/bast,hqSjLE8AAAAJ
H. Dieter Rombach,TU Kaiserslautern,http://wwwagse.informatik.uni-kl.de/staff/rombach,OpsrHLAAAAAJ
H. F. Ting,University of Hong Kong,https://i.cs.hku.hk/~hfting,NOSCHOLARPAGE
H. Harry Zhou,Towson University,https://www.towson.edu/fcsm/departments/computerinfosci/facultystaff/hzhou.html,NOSCHOLARPAGE
H. Howie Huang,George Washington University,https://www2.seas.gwu.edu/~howie,maC331oAAAAJ
H. J. Kappen,Radboud University,http://www.snn.ru.nl/~bertk,JSkBINwAAAAJ
H. K. Dai 0001,Oklahoma State University,http://cs.okstate.edu/%7Edai,NOSCHOLARPAGE
H. L. Graham,Univ. of California - San Diego,https://cseweb.ucsd.edu/~rgraham,qrPaF3QAAAAJ
H. Levent Akin,Boğaziçi University,https://www.cmpe.boun.edu.tr/~akin,61aKNawAAAAJ
H. M. M. van de Wetering,TU Eindhoven,http://www.win.tue.nl/~wstahw,syCsFHkAAAAJ
H. Sebastian Seung,Princeton University,https://pni.princeton.edu/faculty/h.-sebastian-seung,BD8llAEAAAAJ
H. Siegfried Stiehl,University of Hamburg,https://www.inf.uni-hamburg.de/de/inst/ab/bv/team/stiehl.html,NOSCHOLARPAGE
H. T. Kung 0001,Harvard University,https://www.eecs.harvard.edu/htk,iLQqwosAAAAJ
H. T. Mouftah,University of Ottawa,http://www.site.uottawa.ca/~mouftah,33FmwbwAAAAJ
H. V. Jagadish,University of Michigan,http://web.eecs.umich.edu/~jag,SKVnHakAAAAJ
H. Venkateswaran,Georgia Institute of Technology,http://www.cc.gatech.edu/~venkat,NOSCHOLARPAGE
H. Vincent Poor,Princeton University,http://ee.princeton.edu/people/faculty/h-vincent-poor,NOSCHOLARPAGE
Habeeb Olufowobi,University of Texas at Arlington,https://dipupo.github.io,8sqvlk8AAAAJ
Habib Louafi,University of Regina,http://www.cs.uregina.ca/People/Profiles/HabibLouafi.html,_w0LeEUAAAAJ
Hadas Kress-Gazit,Cornell University,https://www.mae.cornell.edu/people/profile.cfm?netid=hk478,duOys3YAAAAJ
Hadas Shachnai,Technion,http://www.cs.technion.ac.il/~hadas,NOSCHOLARPAGE
Hadi Amiri,University of Massachusetts Lowell,https://scholar.harvard.edu/hadi,fyUpZ5EAAAAJ
Hadi Hemmati,University of Manitoba,http://sealab.cs.umanitoba.ca/?page_id=149,TznXpSIAAAAJ
Hadi Hosseini,Pennsylvania State University,https://faculty.ist.psu.edu/hadi,bnvEtsMAAAAJ
Hadrien Hours,Ecole Normale Superieure de Lyon,https://branded.me/hadrienhours,NOSCHOLARPAGE
Hady W. Lauw,Singapore Management University,https://www.smu.edu.sg/faculty/profile/9621/Hady-W-LAUW,NOSCHOLARPAGE
Hady Wirawan Lauw,Singapore Management University,https://www.smu.edu.sg/faculty/profile/9621/Hady-W-LAUW,NOSCHOLARPAGE
Hae-Seung Lee,Massachusetts Institute of Technology,http://www-mtl.mit.edu/researchgroups/hslee,uLOkoQYAAAAJ
Haesun Park,Georgia Institute of Technology,http://www.cc.gatech.edu/~hpark,G6kA1CMAAAAJ
Haewoon Kwak,Singapore Management University,https://sis.smu.edu.sg/faculty/profile/167461/Haewoon-KWAK,dcjrz5MAAAAJ
Haeyong Chung,University of Alabama - Huntsville,https://www.uah.edu/science/departments/computer-science/faculty-staff/haeyong-chung,NOSCHOLARPAGE
Hagit Attiya,Technion,http://hagit.net.technion.ac.il,eoMK92MAAAAJ
Hagit Hel-Or,University of Haifa,http://cs.haifa.ac.il/~hagit,GMM3-EUAAAAJ
Hagit Shatkay,University of Delaware,https://www.eecis.udel.edu/~shatkay,NOSCHOLARPAGE
Hagit Zabrodsky,University of Haifa,http://cs.haifa.ac.il/~hagit,GMM3-EUAAAAJ
Hagit Zabrodsky Hel-Or,University of Haifa,http://cs.haifa.ac.il/~hagit,GMM3-EUAAAAJ
Hai (Helen) Li,Duke University,http://cei.pratt.duke.edu/people/hai-li,E6Tpfq8AAAAJ
Hai Dong,RMIT University,https://www.rmit.edu.au/contact/staff-contacts/academic-staff/d/dong-dr-hai,ENWFU4gAAAAJ
Hai Helen Li,Duke University,http://cei.pratt.duke.edu/people/hai-li,E6Tpfq8AAAAJ
Hai Li 0001,Duke University,http://cei.pratt.duke.edu/people/hai-li,E6Tpfq8AAAAJ
Hai Lin 0003,Zhejiang University,http://mypage.zju.edu.cn/0090040,NOSCHOLARPAGE
Hai Wan,Tsinghua University,http://www.thss.tsinghua.edu.cn/publish/soften/3131/2017/20170413101707097534409/20170413101707097534409_.html,NOSCHOLARPAGE
Hai Wang 0011,Singapore Management University,https://sis.smu.edu.sg/faculty/profile/130441/WANG-Hai,UfWFHeQAAAAJ
Hai Zhao,Shanghai Jiao Tong University,http://bcmi.sjtu.edu.cn/~zhaohai,4dU5KS0AAAAJ
Hai Zhou,Northwestern University,http://www.eecs.northwestern.edu/~haizhou,z8_x7C8AAAAJ
Hai-Feng Guo,University of Nebraska - Omaha,https://www.unomaha.edu/college-of-information-science-and-technology/about/faculty-staff/haifeng-guo.php,NOSCHOLARPAGE
Hai-Xin Duan,Tsinghua University,https://netsec.ccert.edu.cn/duanhx,yGTOi34AAAAJ
Haibin Cai,Loughborough University,https://www.lboro.ac.uk/departments/compsci/staff/academic-teaching/caihaibin,D7UbzUgAAAAJ
Haibin Kan,Fudan University,http://www.cs.fudan.edu.cn/?page_id=14441,NOSCHOLARPAGE
Haibin Ling,Stony Brook University,https://www3.cs.stonybrook.edu/~hling,jWx3qtIAAAAJ
Haibing Guan,Shanghai Jiao Tong University,http://www.cs.sjtu.edu.cn/~hbguan,NOSCHOLARPAGE
Haibo Chen 0001,Shanghai Jiao Tong University,http://ipads.se.sjtu.edu.cn/~hbchen,qd9xSkYAAAAJ
Haibo Yu 0001,Shanghai Jiao Tong University,http://cse.sjtu.edu.cn/~yu,D9PV2j8AAAAJ
Haibo Zhang 0001,University of Otago,http://www.cs.otago.ac.nz/staff/Haibo_Zhang,JtF2_IUAAAAJ
Haidar Harmanani,Lebanese American University,http://sas.lau.edu.lb/csm/people/haidar.php,QeKSIXEAAAAJ
Haidar M. Harmanani,Lebanese American University,http://sas.lau.edu.lb/csm/people/haidar.php,QeKSIXEAAAAJ
Haïdar Safa,American University of Beirut,https://www.aub.edu.lb/fas/cs/people/Pages/hs33.aspx,THYMTJMAAAAJ
Haifeng Liu,Zhejiang University,http://mypage.zju.edu.cn/hfliu,oW108fUAAAAJ
Haifeng Xu,University of Virginia,https://engineering.virginia.edu/faculty/haifeng-xu,nLgg388AAAAJ
Haifeng Yu,National University of Singapore,https://www.comp.nus.edu.sg/~yuhf,IDxePZ0AAAAJ
Haijun Xia,Univ. of California - San Diego,https://haijunxia.ucsd.edu,8U4q0sIAAAAJ
Haiko Müller,University of Leeds,https://eps.leeds.ac.uk/computing/staff/241/dr-haiko-muller,NOSCHOLARPAGE
Hailong Sun 0001,Beihang University,http://act.buaa.edu.cn/hsun,HWOWCdcAAAAJ
Hailong Yao,Tsinghua University,http://www.cs.tsinghua.edu.cn/publish/csen/4623/2010/20101225165537258353872/20101225165537258353872_.html,n0NwuegAAAAJ
Hailun Tan,UNSW,https://www.engineering.unsw.edu.au/computer-science-engineering/staff/hailun-tan,Vh9SrzQAAAAJ
Haim J. Wolfson,Tel Aviv University,http://www.cs.tau.ac.il/~wolfson,GmgiCj0AAAAJ
Haim Kaplan,Tel Aviv University,http://www.cs.tau.ac.il/~haimk,0hb9cdIAAAAJ
Haim Levkowitz,University of Massachusetts Lowell,http://www.cs.uml.edu/~haim,FY4afxkAAAAJ
Haim Schweitzer,University of Texas at Dallas,http://www.utdallas.edu/~haim,lXvWihQAAAAJ
Haim Shvaytser,University of Texas at Dallas,http://www.utdallas.edu/~haim,lXvWihQAAAAJ
Haining Fan,Tsinghua University,http://www.cs.tsinghua.edu.cn/publish/cs/4616/2017/20170303112105728431532/20170303112105728431532_.html,NOSCHOLARPAGE
Haipeng Cai,Washington State University,https://school.eecs.wsu.edu/people/faculty/haipeng-cai,Ru4B_wkAAAAJ
Haipeng Dai,Nanjing University,https://cs.nju.edu.cn/daihp,fb9R-QgAAAAJ
Haipeng Luo,University of Southern California,http://www-bcf.usc.edu/~haipengl,ct2hw4UAAAAJ
Haiping Lu,University of Sheffield,https://www.sheffield.ac.uk/dcs/people/academic/haiping-lu,CArrsDMAAAAJ
Hairong Qi,University of Tennessee,http://www.eecs.utk.edu/people/faculty/hqi,GqnNG-kAAAAJ
Haitao Jiang,Shandong University,http://www.cs.sdu.edu.cn/info/1089/2334.htm,NOSCHOLARPAGE
Haitao Wang 0001,Utah State University,https://cs.usu.edu/people/haitaowang,1PyJ5VwAAAAJ
Haitao Zheng 0001,University of Chicago,https://people.cs.uchicago.edu/~htzheng,XrIr0nYAAAAJ
Haitham Abu-Rub,Texas A&M at Qatar,http://energy.tamu.edu/faculty-experts/haitham-abu-rub,gggnQKsAAAAJ
Haitham Akkary,American University of Beirut,https://www.aub.edu.lb/fea/publicprofile/Pages/profile.aspx?MemberId=ha95,IOoBNcsAAAAJ
Haitham Al-Hassanieh,Univ. of Illinois at Urbana-Champaign,http://haitham.ece.illinois.edu,s5-hnX8AAAAJ
Haitham Hassanieh,Univ. of Illinois at Urbana-Champaign,http://haitham.ece.illinois.edu,s5-hnX8AAAAJ
Haixin Duan,Tsinghua University,https://netsec.ccert.edu.cn/duanhx,yGTOi34AAAAJ
Haixu Tang,Indiana University,http://www.informatics.indiana.edu/hatang,4Hywr5UAAAAJ
Haiyan Hu,University of Central Florida,http://www.cs.ucf.edu/~haihu,NOSCHOLARPAGE
Haiyan Lu,University of Technology Sydney,https://www.uts.edu.au/staff/haiyan.lu,Gw_2WrwAAAAJ
Haiyan Zhao,Peking University,http://sei.pku.edu.cn/~zhhy,z0bu0kIAAAAJ
Haiyi Zhu,University of Minnesota,http://haiyizhu.com,9NkngDMAAAAJ
Haiying (Helen) Shen,University of Virginia,https://www.cs.virginia.edu/people/faculty/shen.html,W0Cx7ZAAAAAJ
Haiying Shen,University of Virginia,https://www.cs.virginia.edu/people/faculty/shen.html,W0Cx7ZAAAAAJ
Haizhou Ai,Tsinghua University,http://media.cs.tsinghua.edu.cn/~ahz/ahz_paper.html,hhV6J6UAAAAJ
Haja Kadarmideen,DTU,https://www.compute.dtu.dk/english,NOSCHOLARPAGE
Hajime Magahara,Osaka University,https://www.is.ids.osaka-u.ac.jp/author/hajime-nagahara,CZyXjREAAAAJ
Hajime Nagahara,Osaka University,https://www.is.ids.osaka-u.ac.jp/author/hajime-nagahara,CZyXjREAAAAJ
Hajo A. Reijers,Utrecht University,http://www.reijers.com,hsfC0rEAAAAJ
Hakan Aydin,George Mason University,https://cs.gmu.edu/~aydin,MTMmNecAAAAJ
Hakan Ferhatosmanoglu,University of Warwick,https://warwick.ac.uk/fac/sci/dcs/people/hakan_ferhatosmanoglu,QtHxli4AAAAJ
Hakem Beitollahi,IUST,http://ce.iust.ac.ir/page.php?slct_pg_id=18185&sid=14&slc_lang=en,SMnMHbQAAAAJ
Hakim Weatherspoon,Cornell University,http://www.cs.cornell.edu/~hweather,0zrqo3B-66wC
Hakjoo Oh,Korea University,http://prl.korea.ac.kr/~pronto/home,3dX_cckAAAAJ
Håkon Robbestad Gylterud,University of Bergen,https://hakon.gylterud.net,NOSCHOLARPAGE
Hal Abelson,Massachusetts Institute of Technology,http://groups.csail.mit.edu/mac/users/hal/hal.html,NOSCHOLARPAGE
Hal Berghel,University of Nevada Las Vegas,http://www.berghel.net/home.php,NOSCHOLARPAGE
Hal Daumé III,University of Maryland - College Park,http://www.umiacs.umd.edu/~hal,PbEw81gAAAAJ
Halit Oguztüzün,Middle East Technical University,http://user.ceng.metu.edu.tr/~oguztuzn,fsTmDVkAAAAJ
Hallvard Trætteberg,NTNU,https://www.ntnu.edu/employees/hal,dyaSW90AAAAJ
Haluk Bingol,Boğaziçi University,https://www.cmpe.boun.edu.tr/~bingol,NZhnwp4AAAAJ
Haluk Bingöl,Boğaziçi University,https://www.cmpe.boun.edu.tr/~bingol,NZhnwp4AAAAJ
Haluk O. Bingol,Boğaziçi University,https://www.cmpe.boun.edu.tr/~bingol,NZhnwp4AAAAJ
Hamad Al-Sawalqah,University of Jordan,http://computer.ju.edu.jo/Lists/FacultyAcademicStaff/DispDept_Staff.aspx?ID=69&dept=Computer%20Information%20Systems&deptName=Computer%20Information%20Systems,vOa_QRwAAAAJ
Hamad I. Alsawalqah,University of Jordan,http://computer.ju.edu.jo/Lists/FacultyAcademicStaff/DispDept_Staff.aspx?ID=69&dept=Computer%20Information%20Systems&deptName=Computer%20Information%20Systems,vOa_QRwAAAAJ
Hamdi Dibeklioglu,Bilkent University,http://www.cs.bilkent.edu.tr/~dibeklioglu,BuUdNM4AAAAJ
Hamdy Mubarak,Qatar Computing Research Institute,http://www.qcri.org/our-people/bio?pid=162&amp;par=acc&amp;name=HamdyMubarak,usvY6qYAAAAJ
Hamdy Soliman,New Mexico Tech,http://infohost.nmt.edu/~hss,AJvh91MAAAAJ
Hamed Hassani,University of Pennsylvania,https://www.seas.upenn.edu/~hassani,NOSCHOLARPAGE
Hamed Hatami,McGill University,http://www.cs.mcgill.ca/~hatami,4WQnb8IAAAAJ
Hamed Pirsiavash,Univ. of Maryland - Baltimore County,http://www.csee.umbc.edu/people/faculty/hamed-pirsiavash,c9XXy4MAAAAJ
Hamed Qahri Saremi,DePaul University,https://www.cdm.depaul.edu/about/pages/people/facultyinfo.aspx?fid=1353,po2au14AAAAJ
Hamed Zamani,University of Massachusetts Amherst,http://hamedz.ir,d2uzDIAAAAAJ
Hamid Bagheri,University of Nebraska,http://cse.unl.edu/~hbagheri,h_AYrscAAAAJ
Hamid Beigy,Sharif University of Technology,http://sharif.edu/~beigy,0NiKG0EAAAAJ
Hamid Dehghani,University of Birmingham,https://www.birmingham.ac.uk/staff/profiles/computer-science/dehghani-hamid.aspx,SIYS-lcAAAAJ
Hamid R. Arabnia,University of Georgia,http://cobweb.cs.uga.edu/~hra,g86VLOUAAAAJ
Hamid R. Ekbia,Indiana University,https://www.soic.indiana.edu/all-people/profile.html?profile_id=72,WPGTvh8AAAAJ
Hamid R. Rabiee,Sharif University of Technology,http://sharif.edu/~rabiee,NOSCHOLARPAGE
Hamid Reza Arabnia,University of Georgia,http://cobweb.cs.uga.edu/~hra,g86VLOUAAAAJ
Hamid Reza Chitsaz,Colorado State University,http://chitsazlab.org/chitsaz,QgHaeiUAAAAJ
Hamid Reza Rabiee,Sharif University of Technology,http://sharif.edu/~rabiee,NOSCHOLARPAGE
Hamid Sarbazi-Azad,IPM,http://sharif.edu/~azad,9OHC9AsAAAAJ
Hamid Usefi,Memorial University of Newfoundland,https://www.mun.ca/math/people/ppl-faculty/usefi.php,NOSCHOLARPAGE
Hamid Zarrabi-Zadeh,Sharif University of Technology,http://sharif.edu/~zarrabi,c1VC8nYAAAAJ
Hamish A. Carr,University of Leeds,https://eps.leeds.ac.uk/computing/staff/499/dr-hamish-carr,NOSCHOLARPAGE
Hamish Cunningham,University of Sheffield,https://www.sheffield.ac.uk/dcs/people/academic/hamish-cunningham,DMKfNFMAAAAJ
Hamish Taylor,Heriot-Watt University,https://www.hw.ac.uk/staff/uk/macs/hamish-taylor.htm,OTIGYkgAAAAJ
Hamzeh Khazaei,York University,https://www.eecs.yorku.ca/~hkh,n7sDdU8AAAAJ
Han Liu 0001,Northwestern University,https://www.mccormick.northwestern.edu/research-faculty/directory/profiles/liu-han.html,XaFT1o4AAAAJ
Han Yu 0001,Nanyang Technological University,https://sites.google.com/site/hanyushomepage,eXgoTXMAAAAJ
Han la Poutré,CWI,http://homepages.cwi.nl/~hlp,NOSCHOLARPAGE
Han-Jia Ye,Nanjing University,http://www.lamda.nju.edu.cn/yehj,mgOYhtoAAAAJ
Han-Wei Shen,Ohio State University,http://web.cse.ohio-state.edu/~hwshen,95Z6-isAAAAJ
Hana Abdullah Al-Nuaim,King Abdulaziz University,http://hnuaim.kau.edu.sa/Default.aspx?Site_ID=0002344&lng=EN,NOSCHOLARPAGE
Hana Chockler,King's College London,https://www.kcl.ac.uk/informatics/about/people?role=Academics,ilfbuooAAAAJ
Hana Hagras,University of Essex,https://www.essex.ac.uk/people/hagra01400/hani-hagras,ZZ61SZwAAAAJ
Hana Rudová,Masaryk University,https://www.muni.cz/en/people/3840,wuykjtQAAAAJ
Hanan Lutfi Lutfiyya,Western University,http://www.csd.uwo.ca/faculty/hanan,NOSCHOLARPAGE
Hanan Lutfiyya,Western University,http://www.csd.uwo.ca/faculty/hanan,NOSCHOLARPAGE
Hanan Samet,University of Maryland - College Park,https://www.cs.umd.edu/people/hjs,ATOfqHEAAAAJ
Handan Gül Calikli,Chalmers/GU,https://www.chalmers.se/en/staff/Pages/calikli.aspx,lShgfvwAAAAJ
Hande Alemdar,Middle East Technical University,http://user.ceng.metu.edu.tr/~alemdar,c4jozc8AAAAJ
Hande Özgür Alemdar,Middle East Technical University,http://user.ceng.metu.edu.tr/~alemdar,c4jozc8AAAAJ
Hang Ma 0001,Simon Fraser University,https://www.cs.sfu.ca/~hangma,KJbsVl8AAAAJ
Hanghang Tong,Univ. of Illinois at Urbana-Champaign,http://tonghanghang.org,RaINcuUAAAAJ
Hani Girgis,University of Tulsa,https://faculty.utulsa.edu/~/hani-girgis,NOSCHOLARPAGE
Hanif Rahbari,Rochester Institute of Technology,https://www.rit.edu/gccis/computingsecurity/people/hanif-rahbari,0lhBjI4AAAAJ
Hanjun Kim 0001,Yonsei University,http://corelab.yonsei.ac.kr/~hanjun,rdQ5AokAAAAJ
Hank Childs,University of Oregon,https://www.cs.uoregon.edu/People/Faculty/Hank_Childs.php,1SJPBDAAAAAJ
Hank Hoffmann,University of Chicago,http://people.cs.uchicago.edu/~hankhoffmann,COjq9XUAAAAJ
Hank Jayne,University of South Florida,http://www.csee.usf.edu/~zheng,BT95LeMAAAAJ
Hank Korth,Lehigh University,http://www.cse.lehigh.edu/~korth,4VLZdawAAAAJ
Hank Levy,University of Washington,http://www.cs.washington.edu/people/faculty/levy,ymwKqZsAAAAJ
Hanna Hajishirzi,University of Washington,http://ssli.ee.washington.edu/~hannaneh,LOV6_WIAAAAJ
Hanna Kurniawati,Australian National University,https://cs.anu.edu.au/people/hanna-kurniawati,JkjFXbAAAAAJ
Hanna Suominen,Australian National University,https://cs.anu.edu.au/people/hanna-suominen,o4qymo4AAAAJ
Hannah Bast,University of Freiburg,https://ad.informatik.uni-freiburg.de/staff/bast,hqSjLE8AAAAJ
Hannah Dee,Aberystwyth University,https://www.aber.ac.uk/en/cs/staff-profiles/listing/profile/hmd1,qu8qeygAAAAJ
Hannah M. Dee,Aberystwyth University,https://www.aber.ac.uk/en/cs/staff-profiles/listing/profile/hmd1,qu8qeygAAAAJ
Hannah Mary Dee,Aberystwyth University,https://www.aber.ac.uk/en/cs/staff-profiles/listing/profile/hmd1,qu8qeygAAAAJ
Hannaneh Hajishirzi,University of Washington,http://ssli.ee.washington.edu/~hannaneh,LOV6_WIAAAAJ
Hanne Riis Nielson,DTU,https://www.compute.dtu.dk/english,NOSCHOLARPAGE
Hannes Federrath,University of Hamburg,https://www.inf.uni-hamburg.de/inst/ab/snp/team/federrath.html,NOSCHOLARPAGE
Hannes Frey,University of Koblenz-Landau,https://www.uni-koblenz-landau.de/de/koblenz/fb4/ifi/AGFrey/personen/hannes-frey,NOSCHOLARPAGE
Hannes Hartenstein,Karlsruhe Institute of Technology,http://dsn.tm.kit.edu/staff_hartenstein.php,azfXSVIAAAAJ
Hannes Mühleisen,CWI,https://www.cwi.nl/people/2600,lBF-mDAAAAAJ
Hannes Werthner,TU Wien,http://www.ec.tuwien.ac.at/~werthner,XBd3IdIAAAAJ
Hanno Gottschalk,University of Wuppertal,https://stochastik.uni-wuppertal.de/index.php?id=4725&L=0,yJgRR28AAAAJ
Hanno Lefmann,TU Chemnitz,https://www.tu-chemnitz.de/informatik/ThIS/site/personal.php,NOSCHOLARPAGE
Hanno Nickau,University of Oxford,http://www.cs.ox.ac.uk/people/hanno.nickau,NOSCHOLARPAGE
Hannu Toivonen,University of Helsinki,https://www.helsinki.fi/en/researchgroups/computational-creativity-and-data-mining/hannu-toivonen,izZX-EEAAAAJ
Hanoch Levy,Tel Aviv University,http://www.math.tau.ac.il/~hanoch,NOSCHOLARPAGE
Hanpin Wang,Peking University,http://eecs.pku.edu.cn/EN/People/Faculty/Detail/?ID=6063,NOSCHOLARPAGE
Hanqi Zhuang,Florida Atlantic University,http://www.eng.fau.edu/directory/faculty/zhuang,GaLP1jkAAAAJ
Hanqiu Sun,Chinese University of Hong Kong,http://www.cse.cuhk.edu.hk/~hanqiu,ezvIdPEAAAAJ
Hans Akkermans,VU Amsterdam,http://www.cs.vu.nl/~hansa,tRT8oQYAAAAJ
Hans Burg,VU Amsterdam,http://www.cs.vu.nl/en/research/information-management-software-engineering/people/dr-hans-burg/index.aspx,NOSCHOLARPAGE
Hans Dieter Rombach,TU Kaiserslautern,http://wwwagse.informatik.uni-kl.de/staff/rombach,OpsrHLAAAAAJ
Hans Gellersen,Lancaster University,https://www.lancaster.ac.uk/scc/about-us/people/hans-gellersen,wmpvU_YAAAAJ
Hans Hagen,TU Kaiserslautern,https://hci.uni-kl.de/people/hans-hagen,g0dxfJMAAAAJ
Hans Hallez,KU Leuven,https://distrinet.cs.kuleuven.be/people/hans,CWF_wV8AAAAJ
Hans Henrik Løvengreen,DTU,https://www.compute.dtu.dk/english,NOSCHOLARPAGE
Hans Hüttel,Aalborg University,http://people.cs.aau.dk/~hans/index-eng.html,Wf7-agQAAAAJ
Hans Jörg Müller,Aarhus University,https://www.ai8.uni-bayreuth.de/de/team/Joerg-Mueller/index.php,qU5PVzAAAAAJ
Hans Michael Gerndt,TU Munich,http://wwwi10.lrr.in.tum.de/~gerndt/home,NOSCHOLARPAGE
Hans P. Reiser,University of Passau,http://www.fim.uni-passau.de/en/sis,yR6ZjJsAAAAJ
Hans Peter Reiser,University of Passau,http://www.fim.uni-passau.de/en/sis,yR6ZjJsAAAAJ
Hans Raj Tiwary,Charles University,https://kam.mff.cuni.cz/~hansraj,RrFLTRYAAAAJ
Hans Tompits,TU Wien,http://www.kr.tuwien.ac.at/staff/tompits,8MkHO0UAAAAJ
Hans Vandierendonck,Queen's University Belfast,https://www.qub.ac.uk/schools/eeecs/Connect/Staff/BusinessCard/?name=h.vandierendonck,7e8zXI8AAAAJ
Hans W. Guesgen,Massey University,http://seat.massey.ac.nz/h.w.guesgen,QwXZ99YAAAAJ
Hans Werner Guesgen,Massey University,http://seat.massey.ac.nz/h.w.guesgen,QwXZ99YAAAAJ
Hans Zantema,TU Eindhoven,http://www.win.tue.nl/~hzantema,W0DPmVQAAAAJ
Hans de Nivelle,University of Wroclaw,http://www.ii.uni.wroc.pl/~nivelle,elLTSysAAAAJ
Hans van Halteren,Radboud University,https://www.ru.nl/english/people/halteren-b-van,P9rTRQkAAAAJ
Hans van Vliet,VU Amsterdam,http://www.cs.vu.nl/~hans,4YAdfEsAAAAJ
Hans-Arno Jacobsen,TU Munich,https://www.professoren.tum.de/en/jacobsen-hans-arno,85bt-X0AAAAJ
Hans-Joachim Bungartz,TU Munich,http://www5.in.tum.de/wiki/index.php/Univ.-Prof._Dr._Hans-Joachim_Bungartz,NOSCHOLARPAGE
Hans-Joachim Wunderlich,University of Stuttgart,http://www.iti.uni-stuttgart.de/en/chairs/computer-architecture/people/hans-joachim-wunderlich.html,SVXONrAAAAAJ
Hans-Knud Arndt,University of Magdeburg,http://bauhaus.cs.uni-magdeburg.de/cms/index,NOSCHOLARPAGE
Hans-Peter Bischof,Rochester Institute of Technology,https://www.cs.rit.edu/~hpb,NOSCHOLARPAGE
Hans-Peter Kriegel,LMU Munich,http://www.dbs.ifi.lmu.de/cms/personen/professoren/kriegel/index.html,DBf9LC4AAAAJ
Hans-Peter Lenhof,Saarland University,https://www.bioinf.uni-sb.de/people/prof-dr-hans-peter-lenhof.html,yLUE8lkAAAAJ
Hans-Peter Seidel [INF],Max Planck Society,https://www.mpi-inf.mpg.de/~hpseidel,s2Ibok8AAAAJ
Hans-Siegfried Stiehl,University of Hamburg,https://www.inf.uni-hamburg.de/de/inst/ab/bv/team/stiehl.html,NOSCHOLARPAGE
Hans-Ulrich Heiss,TU Berlin,https://www.kbs.tu-berlin.de/menue/personen/prof_dr_hans-ulrich_heiss,NOSCHOLARPAGE
Hans-Ulrich Heiß,TU Berlin,https://www.kbs.tu-berlin.de/menue/personen/prof_dr_hans-ulrich_heiss,NOSCHOLARPAGE
Hans-Ulrich Prokosch,University of Erlangen–Nuremberg,https://www.imi.med.fau.de/team/prof-dr-hans-ulrich-prokosch,NOSCHOLARPAGE
Hans-Werner Gellersen,Lancaster University,https://www.lancaster.ac.uk/scc/about-us/people/hans-gellersen,wmpvU_YAAAAJ
Hans-Werner Güsgen,Massey University,http://seat.massey.ac.nz/h.w.guesgen,QwXZ99YAAAAJ
Hans-Wolfgang Loidl,Heriot-Watt University,https://www.hw.ac.uk/staff/uk/macs/hans-wolfgang-loidl.htm,lwb1Va0AAAAJ
Hansen Andrew Schwartz,Stony Brook University,http://www3.cs.stonybrook.edu/~has,Na16PsUAAAAJ
Hansenclever de França Bassani,UFPE,http://www.cin.ufpe.br/~hfb,s14pJ00AAAAJ
Hanspeter Mössenböck,JKU Linz,http://ssw.jku.at/General/Staff/HM,qwnXMU8AAAAJ
Hanspeter Pfister,Harvard University,https://www.seas.harvard.edu/directory/pfister,tvBEoaMAAAAJ
Hansung Kim,University of Southampton,https://www.ecs.soton.ac.uk/people/hk1f20#publications,frG8WZAAAAAJ
Hantao Liu,Cardiff University,https://www.cardiff.ac.uk/people/view/374951-liu-hantao,JIeS9r4AAAAJ
Hantao Zhang,University of Iowa,https://www.cs.uiowa.edu/~hzhang,NOSCHOLARPAGE
Hanumant Singh,Northeastern University,https://www.khoury.northeastern.edu/people/hanumant-singh,1UEU5PEAAAAJ
Hanwang Zhang,Nanyang Technological University,http://www.ntu.edu.sg/home/hanwangzhang,YG0DFyYAAAAJ
Hany Farid,Univ. of California - Berkeley,https://www.ischool.berkeley.edu/people/hany-farid,VEdybxgAAAAJ
Hany Girgis,University of Tulsa,https://faculty.utulsa.edu/~/hani-girgis,NOSCHOLARPAGE
Hany H. Ammar,West Virginia University,http://community.wvu.edu/~hhammar,-CBlpnQAAAAJ
Hao (Richard) Zhang,Simon Fraser University,http://www.cs.sfu.ca/~haoz,NOSCHOLARPAGE
Hao Che,University of Texas at Arlington,http://crystal.uta.edu/~hche,Vyrg19YAAAAJ
Hao Chen 0002,Hunan University,http://www.aimlab.org/haochen,NOSCHOLARPAGE
Hao Chen 0003,Univ. of California - Davis,http://web.cs.ucdavis.edu/~hchen,1Aa3qxIAAAAJ
Hao Dong 0003,Peking University,https://zsdonghao.github.io,xLFL4sMAAAAJ
Hao Li 0015,University of Southern California,http://hao-li.com,NFeigSoAAAAJ
Hao Su 0001,Univ. of California - San Diego,http://ai.ucsd.edu/~haosu,1P8Zu04AAAAJ
Hao Wang 0014,Rutgers University,http://www.wanghao.in,NrOA9QoAAAAJ
Hao Zhang 0002,Simon Fraser University,http://www.cs.sfu.ca/~haoz,NOSCHOLARPAGE
Hao Zhang 0011,Colorado School of Mines,https://inside.mines.edu/~hzhang,NOSCHOLARPAGE
Hao Zheng 0001,University of South Florida,http://www.csee.usf.edu/~zheng,BT95LeMAAAAJ
Hao Zhong,Shanghai Jiao Tong University,http://www.cs.sjtu.edu.cn/~zhonghao,Vhe3-JsAAAAJ
Hao-Chuan Wang,Univ. of California - Davis,http://www.haochuanwang.info,2cAqDukAAAAJ
Hao-Ting Shen,University of Nevada,https://www.unr.edu/cse/people/haoting-shen,Zah7r3MAAAAJ
Haodi Feng,Shandong University,http://www.cs.sdu.edu.cn/info/1112/2723.htm,NOSCHOLARPAGE
Haodong Wang,Cleveland State University,http://cis.csuohio.edu/~hwang/publications.html,NOSCHOLARPAGE
Haojin Zhu,Shanghai Jiao Tong University,http://nsec.sjtu.edu.cn/~hjzhu,_5lzNDUAAAAJ
Haojun Ma,UNSW,https://www.engineering.unsw.edu.au/computer-science-engineering/staff/haojun-ma,NOSCHOLARPAGE
Haopeng Chen,Shanghai Jiao Tong University,http://reins.se.sjtu.edu.cn/~chenhp,DTmwMSUAAAAJ
Haoqi Zhang,Northwestern University,http://eecs.northwestern.edu/~hq,FaGbxW0AAAAJ
Harald C. Gall,University of Zurich,http://www.ifi.uzh.ch/seal/people/gall.html,kXX_FYoAAAAJ
Harald F. O. von Korflesch,University of Koblenz-Landau,https://www.uni-koblenz-landau.de/en/campus-koblenz/fb4/ifm/rgvonkorflesch/Team/korflesch/harald-von-kortzfleisch,NOSCHOLARPAGE
Harald Gjermundrod,University of Nicosia,https://www.unic.ac.cy/gjermundrod-harald,sRPAAHcAAAAJ
Harald Janovjak,IST Austria,https://ist.ac.at/research/research-groups/janovjak-group,NOSCHOLARPAGE
Harald Kosch,University of Passau,http://www.fim.uni-passau.de/en/distributed-information-systems,WnWkNTsAAAAJ
Harald Köstler,University of Erlangen–Nuremberg,https://www.cs10.tf.fau.de/person/harald-koestler,FaKJ6WEAAAAJ
Harald Pretl,JKU Linz,http://iic.jku.at/analog/team/pretl,yDlMlR0AAAAJ
Harald Räcke,TU Munich,http://www.professoren.tum.de/en/raecke-harald,NOSCHOLARPAGE
Harald Reiterer,University of Konstanz,http://hci.uni-konstanz.de/index.php?a=staff&b=Reiterer,nIYeV-wAAAAJ
Harald Søndergaard,University of Melbourne,http://findanexpert.unimelb.edu.au/display/person13416,L_DFbBIAAAAJ
Hari Balakrishnan,Massachusetts Institute of Technology,http://nms.lcs.mit.edu/~hari,Qf4bw4UAAAAJ
Hari Kalva,Florida Atlantic University,http://www.eng.fau.edu/directory/faculty/kalva,FO1NbXUAAAAJ
Hari Prabhat Gupta,IIT (BHU) Varanasi,http://www.iitbhu.ac.in/cse/index.php/people/faculty.html,KrMWWjUAAAAJ
Hari Sundar,University of Utah,http://www.cs.utah.edu/~hari,equOxc0AAAAJ
Hari Sundaram,Univ. of Illinois at Urbana-Champaign,http://sundaram.cs.illinois.edu,Z962IGQAAAAJ
Hariharan Narayanan,Tata Inst. of Fundamental Research,http://www.tifr.res.in/~hariharan.narayanan,NOSCHOLARPAGE
Haris Aziz 0001,UNSW,https://research.unsw.edu.au/people/dr-haris-aziz,ssb0yjUAAAAJ
Haris Ch. Doukas,NTUA,https://www.ece.ntua.gr/en/staff/187,4TieQ1IAAAAJ
Haris Pervaiz,Lancaster University,https://www.lancaster.ac.uk/scc/about-us/people/haris-bin-pervaiz,QvgEF8sAAAAJ
Harish G. Ramaswamy,IIT Madras,https://sites.google.com/site/harishguruprasad,NOSCHOLARPAGE
Harish Guruprasad Ramaswamy,IIT Madras,https://sites.google.com/site/harishguruprasad,NOSCHOLARPAGE
Harish Karnick,IIT Kanpur,http://www.iitk.ac.in/new/dr-harish-karnick,NOSCHOLARPAGE
Harjinder Rahanu,Middlesex University,https://www.mdx.ac.uk/about-us/our-people/staff-directory/profile/rahanu-harjinder,NOSCHOLARPAGE
Harley Eades III,Augusta University,https://metatheorem.org/,Nbb0YZEAAAAJ
Harm Van Zalinge,University of Liverpool,https://liverpool.ac.uk/electrical-engineering-and-electronics/staff/harm-van-zalinge,NOSCHOLARPAGE
Härmel Nestra,University of Tartu,http://www.ut.ee/en/harmel-nestra,NOSCHOLARPAGE
Harold Abelson,Massachusetts Institute of Technology,http://groups.csail.mit.edu/mac/users/hal/hal.html,NOSCHOLARPAGE
Harold Castro,Universidad de los Andes,https://profesores.virtual.uniandes.edu.co/hcastro/es/inicio,vjnqZo8AAAAJ
Harold E. Castro,Universidad de los Andes,https://profesores.virtual.uniandes.edu.co/hcastro/es/inicio,vjnqZo8AAAAJ
Harold S. Connamacher,Case Western Reserve University,http://filer.case.edu/hsc21,NOSCHOLARPAGE
Harold Soh,National University of Singapore,https://haroldsoh.com,lkgd1BsAAAAJ
Harold T. Wareham,Memorial University of Newfoundland,https://www.mun.ca/computerscience/people/harold.php,NOSCHOLARPAGE
Harold Vincent Poor,Princeton University,http://ee.princeton.edu/people/faculty/h-vincent-poor,NOSCHOLARPAGE
Harri Lähdesmäki,Aalto University,https://users.ics.aalto.fi/harrila,NOSCHOLARPAGE
Harriet J. Fell,Northeastern University,http://www.ccs.neu.edu/home/fell,glFPEWIAAAAJ
Harris E. Psillakis,NTUA,http://users.ntua.gr/hpsilakis,iwioPgUAAAAJ
Harry Buhrman,CWI,https://www.cwi.nl/people/552,wlOytxsAAAAJ
Harry G. Mairson,Brandeis University,http://www.cs.brandeis.edu/~mairson,NOSCHOLARPAGE
Harry G. Perros,North Carolina State University,http://www4.ncsu.edu/~hp,NOSCHOLARPAGE
Harry H. Cheng,Univ. of California - Davis,https://faculty.engineering.ucdavis.edu/cheng,NOSCHOLARPAGE
Harry R. Lewis,Harvard University,http://lewis.seas.harvard.edu,NOSCHOLARPAGE
Harry S. Delugach,University of Alabama - Huntsville,https://www.uah.edu/science/departments/computer-science/faculty-staff/harry-delugach,NOSCHOLARPAGE
Harry Wechsler,George Mason University,https://cs.gmu.edu/~wechsler,mB_85m0AAAAJ
Harry Xu,Univ. of California - Los Angeles,http://www.cs.ucla.edu/~harryxu,DS6rCasAAAAJ
Harsh Beohar,University of Sheffield,https://www.sheffield.ac.uk/dcs/people/academic/harsh-beohar,b1C8fogAAAAJ
Harsha Chenji,Ohio University,http://ace.eecs.ohiou.edu/~chenji,DdiZCHoAAAAJ
Harsha V. Madhyastha,University of Michigan,https://web.eecs.umich.edu/~harshavm,kxDm9EsAAAAJ
Harshavardhan Chenji,Ohio University,http://ace.eecs.ohiou.edu/~chenji,DdiZCHoAAAAJ
Hartmut Geyer,Carnegie Mellon University,https://www.cs.cmu.edu/~hgeyer,aC5315UAAAAJ
Hartmut Prautzsch,Karlsruhe Institute of Technology,http://geom.ivd.kit.edu/mitarbeiter_88.php,NOSCHOLARPAGE
Haruhiko Kaneko,Tokyo Institute of Technology,http://kaneko-www.cs.titech.ac.jp,i9He6RYAAAAJ
Harun Artuner,Hacettepe University,http://yunus.hacettepe.edu.tr/~artuner,NOSCHOLARPAGE
Haruo Takemura,Osaka University,https://www.ist.osaka-u.ac.jp/english/introduction/professors/information-systems-engineering/integrated-media-environment/haruo-takemura.html,iiYmQ9YAAAAJ
Haruo Yokota,Tokyo Institute of Technology,http://yokota-www.cs.titech.ac.jp/index.html.en,Ay2F2N0AAAAJ
Harvey P. Siy,University of Nebraska - Omaha,https://www.unomaha.edu/college-of-information-science-and-technology/about/faculty-staff/harvey-siy.php,NOSCHOLARPAGE
Haryadi S. Gunawi,University of Chicago,http://people.cs.uchicago.edu/~haryadi,TBaBNdkAAAAJ
Hasan Davulcu,Arizona State University,http://www.public.asu.edu/~hdavulcu,P9IivpwAAAAJ
Hasan H. Balik,Yıldız Technical University,https://www.ce.yildiz.edu.tr/personal/hasan?lang=en,tcdtSbIAAAAJ
Hasan Jamil,University of Idaho,http://www.uidaho.edu/engr/departments/cs/our-people/faculty/hasan-jamil,3x4_nY4AAAAJ
Hasan Krad,Qatar University,http://www.qu.edu.qa/engineering/computer/faculty/hasan.php,NOSCHOLARPAGE
Hasan M. Jamil,University of Idaho,http://www.uidaho.edu/engr/departments/cs/our-people/faculty/hasan-jamil,3x4_nY4AAAAJ
Hasan Metin Aktulga,Michigan State University,http://www.cse.msu.edu/~hma,NOSCHOLARPAGE
Hasan Ural,University of Ottawa,http://www.site.uottawa.ca/~ural,NOSCHOLARPAGE
Haseeb Bokhari,UNSW,http://www.cse.unsw.edu.au/~hbokhari,mjI9aaAAAAAJ
Hassan A. Artail,American University of Beirut,https://www.aub.edu.lb/fea/publicprofile/Pages/profile.aspx?memberid=ha27,Gm0ZtJcAAAAJ
Hassan A. Farhat,University of Nebraska - Omaha,https://www.unomaha.edu/college-of-information-science-and-technology/about/faculty-staff/hassan-farhat.php,NOSCHOLARPAGE
Hassan A. Karimi,University of Pittsburgh,http://gis.sis.pitt.edu,Fapp64AAAAAJ
Hassan Ali Artail,American University of Beirut,https://www.aub.edu.lb/fea/publicprofile/Pages/profile.aspx?memberid=ha27,Gm0ZtJcAAAAJ
Hassan Artail,American University of Beirut,https://www.aub.edu.lb/fea/publicprofile/Pages/profile.aspx?memberid=ha27,Gm0ZtJcAAAAJ
Hassan Ashtiani,McMaster University,https://www.cas.mcmaster.ca/ashtiani,T4DF6CAAAAAJ
Hassan Farhat,University of Nebraska - Omaha,https://www.unomaha.edu/college-of-information-science-and-technology/about/faculty-staff/hassan-farhat.php,NOSCHOLARPAGE
Hassan Foroosh,University of Central Florida,http://www.cs.ucf.edu/~foroosh,vNHN42cAAAAJ
Hassan Ghasemzadeh 0001,Washington State University,http://eecs.wsu.edu/~hassan,29Tc_lEAAAAJ
Hassan Gomaa,George Mason University,http://mason.gmu.edu/~hgomaa,YjPRWAEAAAAJ
Hassan Jameel Asghar,Macquarie University,https://researchers.mq.edu.au/en/persons/hassan-asghar,qAW2S9rkzfMC
Hassan Khan,University of Guelph,https://www.uoguelph.ca/computing/people/hassan-khan,OS_P1F8AAAAJ
Hassan L. Hijazi,Australian National University,https://researchers.anu.edu.au/researchers/hijazi-h,QelVlY0AAAAJ
Hassan Naderi,IUST,http://www.iust.ac.ir/content/18922/Dr.-Naderi,-47I2ZIAAAAJ
Hassan Peyravi,Kent State University,https://www.kent.edu/cs/hassan-peyravi,NOSCHOLARPAGE
Hassan Rivaz,Concordia University,https://users.encs.concordia.ca/~hrivaz,FWDzqVUAAAAJ
Hassan Sajjad,Qatar Computing Research Institute,http://www.qcri.org/our-people/bio?pid=99&amp;par=acc&amp;name=HassanSajjad,t3BH6NkAAAAJ
Hassan Takabi,University of North Texas,http://www.cse.unt.edu/~takabi,8OTNELUAAAAJ
Hassen Drira,CRIStAL,https://www.cristal.univ-lille.fr/profil/drirah,o1DTs2sAAAAJ
Hasso Plattner,Hasso Plattner Institute,https://hpi.de/forschung/fachgebiete/enterprise-platform-and-integration-concepts.html,NOSCHOLARPAGE
Hasti Seifi,University of Copenhagen,http://hastiseifi.com,IAD0fQQAAAAJ
Hatice Gunes,University of Cambridge,https://www.cl.cam.ac.uk/~hg410,2WkE1wYAAAAJ
Hatice Kose,Istanbul Technical University,http://akademi.itu.edu.tr/en/hbkose,5X9jEXoAAAAJ
Hatice Köse,Istanbul Technical University,http://akademi.itu.edu.tr/en/hbkose,5X9jEXoAAAAJ
Hatice Kose-Bagci,Istanbul Technical University,http://akademi.itu.edu.tr/en/hbkose,5X9jEXoAAAAJ
Hau Chan,University of Nebraska,https://cse.unl.edu/~hchan,NOSCHOLARPAGE
Hau-San Wong,City University of Hong Kong,https://www.cs.cityu.edu.hk/~hswong,i9Dh1OkAAAAJ
Hausi A. Müller,University of Victoria,http://webhome.cs.uvic.ca/~hausi,8hyNFkYAAAAJ
Hava T. Siegelmann,University of Massachusetts Amherst,http://binds.cs.umass.edu/havaBio.html,A2fiOI0AAAAJ
Hayato Yamana,Waseda University,https://www.yama.info.waseda.ac.jp/~yamana/yamana_eng2015.htm,5MXcXrMAAAAJ
Hayfa Zgaya,CRIStAL,https://www.cristal.univ-lille.fr/profil/hzgaya,NOSCHOLARPAGE
Hayfa Zgaya-Biau,CRIStAL,https://www.cristal.univ-lille.fr/profil/hzgaya,NOSCHOLARPAGE
Hayley Hung,TU Delft,http://homepage.tudelft.nl/3e2t5,ka-LsrYAAAAJ
Haym Hirsh,Cornell University,https://www.cs.cornell.edu/~hirsh,lB6jgT4AAAAJ
Hayri Sever,Hacettepe University,http://yunus.hacettepe.edu.tr/~sever,c6Yj0CUAAAAJ
Haytham M. Fayek,RMIT University,https://www.rmit.edu.au/contact/staff-contacts/academic-staff/f/fayek-dr-haytham,l5T9RtcAAAAJ
Hazem Hiary,University of Jordan,http://www.gju.edu.jo/content/dr-hazem-kaylani-1100,GEJ_25MAAAAJ
Hazem M. Hajj,American University of Beirut,http://feaweb.aub.edu.lb/personalwebsites/hhajj,QidtvQgAAAAJ
Hazem N. Nounou,Texas A&M at Qatar,https://www.qatar.tamu.edu/programs/ecen/faculty-and-staff/duplicate-of-dr.-ioannis-economou,lTlbcSUAAAAJ
Hazem Numan Nounou,Texas A&M at Qatar,https://www.qatar.tamu.edu/programs/ecen/faculty-and-staff/duplicate-of-dr.-ioannis-economou,lTlbcSUAAAAJ
Hazem Wannous,CRIStAL,https://www.cristal.univ-lille.fr/profil/wannous,WsdQ9Z0AAAAJ
Hazim Kemal Ekenel,Istanbul Technical University,http://web.itu.edu.tr/ekenel,LfIDj68AAAAJ
He He 0001,New York University,https://hhexiy.github.io,K-isjagAAAAJ
He Hu 0001,Renmin University of China,http://info.ruc.edu.cn/academic_professor.php?teacher_id=25,NOSCHOLARPAGE
He Sun 0001,University of Edinburgh,http://homepages.inf.ed.ac.uk/hsun4,NOSCHOLARPAGE
He Wang 0002,University of Leeds,https://eps.leeds.ac.uk/computing/staff/868/dr-he-wang,BaaPAVYAAAAJ
He Wang 0008,Purdue University,https://www.cs.purdue.edu/homes/hw,sFIgGN0AAAAJ
He Zhu 0001,Rutgers University,http://herowanzhu.github.io,3X9GC2gAAAAJ
Heather Anne Crawford,Florida Institute of Technology,https://www.fit.edu/faculty-profiles/3/heather-crawford/?tracks=hcrawford,_jZd3F4AAAAJ
Heather Crawford,Florida Institute of Technology,https://www.fit.edu/faculty-profiles/3/heather-crawford/?tracks=hcrawford,_jZd3F4AAAAJ
Heather Miller,Carnegie Mellon University,http://heather.miller.am,dpghk3cAAAAJ
Heather S. Packer,University of Southampton,https://www.ecs.soton.ac.uk/people/hsp2m10,GxnvRXkAAAAJ
Heather Zheng,University of Chicago,https://people.cs.uchicago.edu/~htzheng,XrIr0nYAAAAJ
Heba M. Lakany,University of Liverpool,https://liverpool.ac.uk/electrical-engineering-and-electronics/staff/heba-lakany,JBs_R-AAAAAJ
Heba Saadeh,University of Jordan,http://eacademic.ju.edu.jo/Heba.saadeh,ctbGyYUAAAAJ
Héctor Corrada Bravo,University of Maryland - College Park,https://www.cs.umd.edu/people/hcorrada,QEVXP-kAAAAJ
Hector Gramaglia,Universidad Nacional de Córdoba,https://www.famaf.unc.edu.ar/~ciem/personas/gramaglia.html,NOSCHOLARPAGE
Hector Muñoz-Avila,Lehigh University,http://www.cse.lehigh.edu/~munoz,I2wo9-MAAAAJ
Héctor Muñoz-Avila,Lehigh University,http://www.cse.lehigh.edu/~munoz,I2wo9-MAAAAJ
Héctor Pulgar-Painemal,University of Tennessee,https://www.eecs.utk.edu/people/faculty/hpulgar,NOSCHOLARPAGE
Hee-Kap Ahn,POSTECH,http://tcs.postech.ac.kr/~heekap,NOSCHOLARPAGE
Heechul Yun,University of Kansas,http://www.ittc.ku.edu/~heechul,eTISRJ0AAAAJ
Heejin Park,Hanyang University,http://isa.hanyang.ac.kr/index.php/members,JNBeyNcAAAAJ
Heejo Lee,Korea University,https://ccs.korea.ac.kr/people/heejo,lsKlsJ8AAAAJ
Heggere S. Ranganath,University of Alabama - Huntsville,https://www.uah.edu/science/departments/computer-science/faculty-staff/heggere-ranganath,NOSCHOLARPAGE
Hehua Zhang,Tsinghua University,http://www.thss.tsinghua.edu.cn/publish/soften/3131/2013/20130409104953529576785/20130409104953529576785_.html,NOSCHOLARPAGE
Heidi Christensen,University of Sheffield,https://www.sheffield.ac.uk/dcs/people/academic/heidi-christensen,5ccB6BcAAAAJ
Heidi Schumann,University of Rostock,https://vcg.informatik.uni-rostock.de/~schumann,nNu_MvYAAAAJ
Heidi Tscherning,University of Melbourne,http://www.cis.unimelb.edu.au/people,M1FWCaYAAAAJ
Heidrun Schumann,University of Rostock,https://vcg.informatik.uni-rostock.de/~schumann,nNu_MvYAAAAJ
Heike Jänicke,TU Kaiserslautern,https://via.cs.uni-kl.de/mitarbeiter/prof-dr-heike-leitte,DuiWf98AAAAJ
Heike Leitte,TU Kaiserslautern,https://via.cs.uni-kl.de/mitarbeiter/prof-dr-heike-leitte,DuiWf98AAAAJ
Heike Trautmann,University of Münster,https://www.wi.uni-muenster.de/de/institut/statistik/personen/heike-trautmann,Y7HCnM8AAAAJ
Heike Wehrheim,Paderborn University,https://cs.uni-paderborn.de/index.php?id=70604,EmnW98wAAAAJ
Heiki-Jaan Kaalep,University of Tartu,http://www.ut.ee/en/heiki-jaan-kaalep,mWr3RasAAAAJ
Heikki Mannila,Aalto University,https://users.ics.aalto.fi/mannila,NOSCHOLARPAGE
Heiko Falk,Hamburg University of Technology,https://www.tuhh.de/es/embedded-systems-design/people/heiko-falk.html,T9vm2jEAAAAJ
Heiko Hamann,University of Lübeck,https://www.iti.uni-luebeck.de/mitarbeiter/hamann.html,HUoutmwAAAAJ
Heiko Horst Hornung,UNICAMP,https://www.ic.unicamp.br/pessoas/docentes/heiko,NOSCHOLARPAGE
Heiko Krumm,TU Dortmund,https://ls4-www.cs.tu-dortmund.de/home/krumm/pi.html,NOSCHOLARPAGE
Heiko Mantel,TU Darmstadt,http://www.mais.informatik.tu-darmstadt.de/Heiko_Mantel.html,NOSCHOLARPAGE
Heiko Neumann,University of Ulm,http://www.informatik.uni-ulm.de/ni/mitarbeiter/HNeumann/index.html,0NbVSbMAAAAJ
Heiko Paulheim,University of Mannheim,https://www.uni-mannheim.de/dws/people/professors/prof-dr-heiko-paulheim,SkSl3NkAAAAJ
Heiko Röglin,University of Bonn,http://www.roeglin.org,NLLMDCkAAAAJ
Heiko Vogler,TU Dresden,http://www.inf.tu-dresden.de/?node_id=1567,NOSCHOLARPAGE
Heiner Litz,Univ. of California - Santa Cruz,https://web.stanford.edu/~hlitz,NVAyqAgAAAAJ
Heiner Stuckenschmidt,University of Mannheim,https://www.uni-mannheim.de/dws/people/professors/prof-dr-heiner-stuckenschmidt,oqpT1YUAAAAJ
Heinrich Hussmann,LMU Munich,http://www.medien.ifi.lmu.de/team/heinrich.hussmann,kwha-i8AAAAJ
Heinrich Hußmann,LMU Munich,http://www.medien.ifi.lmu.de/team/heinrich.hussmann,kwha-i8AAAAJ
Heinrich Jasper,TU Freiberg,http://www.informatik.tu-freiberg.de/prof3/jasper.html,NOSCHOLARPAGE
Heinrich Müller,TU Dortmund,https://ls7-www.cs.tu-dortmund.de/cms/en/node/676,NOSCHOLARPAGE
Heinrich-Wilhelm Schmidt,RMIT University,https://www.rmit.edu.au/contact/staff-contacts/academic-staff/s/schmidt-professor-heinrich,FEgaS_sAAAAJ
Heinz Handels,University of Lübeck,https://www.imi.uni-luebeck.de/~handels,39hYEG8AAAAJ
Heinz Ulrich Hoppe,University of Duisburg-Essen,https://www.collide.info/de/mitarbeiter,NOSCHOLARPAGE
Heinz W. Schmidt,RMIT University,https://www.rmit.edu.au/contact/staff-contacts/academic-staff/s/schmidt-professor-heinrich,FEgaS_sAAAAJ
Heji Zhao,Shandong University,http://www.cs.sdu.edu.cn/info/1091/2351.htm,NOSCHOLARPAGE
Helen C. Miles,Aberystwyth University,https://www.aber.ac.uk/en/cs/staff-profiles/listing/profile/hem23,OWuu1f0AAAAJ
Helen C. Purchase,University of Glasgow,http://www.dcs.gla.ac.uk/~hcp,4I7Q3nEAAAAJ
Helen C. Sharp,Open University UK,http://stem.open.ac.uk/people/hcs2,GyqJT1UAAAAJ
Helen C. Shen,HKUST,http://repository.ust.hk/ir/AuthorProfile/shen-helen-c-m,NOSCHOLARPAGE
Helen Cameron,University of Manitoba,http://www.cs.umanitoba.ca/~hacamero,NOSCHOLARPAGE
Helen Donelan,Open University UK,http://stem.open.ac.uk/people/hmd83,WPUcbZgAAAAJ
Helen F. Hastie,Heriot-Watt University,https://www.hw.ac.uk/staff/uk/macs/helen-frances-hastie.htm,tyv4cdIAAAAJ
Helen Lu,University of Technology Sydney,https://www.uts.edu.au/staff/haiyan.lu,Gw_2WrwAAAAJ
Helen Nissenbaum [Tech],Cornell University,https://nissenbaum.tech.cornell.edu,NOSCHOLARPAGE
Helen Pain,University of Edinburgh,https://www.inf.ed.ac.uk/people/staff/Helen_Pain.html,Qmsk8IsAAAAJ
Helen Petrie,University of York,https://www-users.cs.york.ac.uk/~petrie,xhkqoGAAAAAJ
Helen Pritchard,Goldsmiths University of London,https://www.gold.ac.uk/computing/people/pritchard-helen,n6nkgeoAAAAJ
Helen Sharp,Open University UK,http://stem.open.ac.uk/people/hcs2,GyqJT1UAAAAJ
Helen Treharne,University of Surrey,https://www.surrey.ac.uk/people/helen-treharne,Fx_tCYMAAAAJ
Helen Wright Hastie,Heriot-Watt University,https://www.hw.ac.uk/staff/uk/macs/helen-frances-hastie.htm,tyv4cdIAAAAJ
Helen Yannakoudakis,King's College London,https://www.kcl.ac.uk/people/helen-yannakoudakis,B3WGvRsAAAAJ
Helena Cristina da Gama Leitão,UFF,http://www2.ic.uff.br/~hcgl,NOSCHOLARPAGE
Helena Galhardas,Universidade de Lisboa,http://web.ist.utl.pt/helena.galhardas,oBY_WrMAAAAJ
Helena Sarmento,Universidade de Lisboa,http://lisboa.academia.edu/HelenaSarmento,cn9nh7UAAAAJ
Helena Sofia Andrade N. P. Pinto,Universidade de Lisboa,http://ontol.inesc-id.pt/~sofia,NOSCHOLARPAGE
Helena Sofia Pinto,Universidade de Lisboa,http://ontol.inesc-id.pt/~sofia,NOSCHOLARPAGE
Hélène Coullon,Ecole Normale Superieure de Lyon,http://avalon.ens-lyon.fr/members/hcoullon,ItRwACEAAAAJ
Hélène Pigot,Université de Sherbrooke,https://www.usherbrooke.ca/informatique/personnel/corps-professoral/professeurs/helene-pigot,NOSCHOLARPAGE
Hélène Touzet,CRIStAL,http://cristal.univ-lille.fr/~htouzet,Guh2y-gAAAAJ
Hélène de Ribaupierre,Cardiff University,https://www.cardiff.ac.uk/people/view/543130-de-ribaupierre-helene,xpoZDGgAAAAJ
Helge Hagenauer,University of Salzburg,https://www.cosy.sbg.ac.at/~hagenau,NOSCHOLARPAGE
Helge J. Ritter,Bielefeld University,https://ni.www.techfak.uni-bielefeld.de/people/helge,yplv734AAAAJ
Helge Joachim Ritter,Bielefeld University,https://ni.www.techfak.uni-bielefeld.de/people/helge,yplv734AAAAJ
Helge Langseth,NTNU,http://www.idi.ntnu.no/~helgel,yyXvuZsAAAAJ
Helge Rhodin,University of British Columbia,http://helge.rhodin.de,2maWWboAAAAJ
Helger Lipmaa,Simula UiB,http://kodu.ut.ee/~lipmaa,kZch-sMAAAAJ
Hélio Côrtes Vieira Lopes,PUC-RIO,http://www-di.inf.puc-rio.br/~lopes,cbAHng0AAAAJ
Hélio Lopes,PUC-RIO,http://www-di.inf.puc-rio.br/~lopes,cbAHng0AAAAJ
Hélio Pedrini,UNICAMP,http://www.ic.unicamp.br/~helio,kc-wB9QAAAAJ
Helle Hein,University of Tartu,http://www.ut.ee/en/kontakt/arvutiteaduse-instituut,NOSCHOLARPAGE
Helle Rootzén,DTU,https://www.compute.dtu.dk/english,NOSCHOLARPAGE
Helmer Strik,Radboud University,https://www.ru.nl/english/people/strik-w,PuvTkHAAAAAJ
Helmut A. Mayer,University of Salzburg,https://www.cosy.sbg.ac.at/~helmut/helmut.html,NOSCHOLARPAGE
Helmut Hlavacs,University of Vienna,https://cs.univie.ac.at/helmut.hlavacs,I6E7smMAAAAJ
Helmut Krcmar,TU Munich,http://www.professoren.tum.de/en/krcmar-helmut,zwax5qkAAAAJ
Helmut Küchenhoff,LMU Munich,https://www.stablab.stat.uni-muenchen.de,MIHbY4UAAAAJ
Helmut Mayer 0001,Bundeswehr University Munich,https://www.unibw.de/inf4/mitarbeiter/univ-prof-dr-ing-helmut-mayer,f_n9lOIAAAAJ
Helmut Mayer 0003,University of Salzburg,https://www.cosy.sbg.ac.at/~helmut/helmut.html,NOSCHOLARPAGE
Helmut Seidl,TU Munich,http://www2.in.tum.de/~seidl,cWGEU94AAAAJ
Helwig Hauser,University of Bergen,https://vis.uib.no/team/hauser,NOSCHOLARPAGE
Hema A. Murthy,IIT Madras,http://www.cse.iitm.ac.in/~hema,AQ8w2uEAAAAJ
Hemangee K. Kapoor,IIT Guwahati,http://www.iitg.ac.in/hemangee,9TsaEbMAAAAJ
Hemant A. Patil,DAIICT,http://intranet.daiict.ac.in/~hemant_patil,9kTiuPIAAAAJ
Hemanta K. Maji,Purdue University,https://www.cs.purdue.edu/homes/hmaji,sCL2jBcAAAAJ
Hemanta Kumar Maji,Purdue University,https://www.cs.purdue.edu/homes/hmaji,sCL2jBcAAAAJ
Heming Cui,University of Hong Kong,https://i.cs.hku.hk/~heming,lW9bpFIAAAAJ
Hendrik Blockeel,KU Leuven,https://people.cs.kuleuven.be/~hendrik.blockeel,Eq5sUNpp0gwC
Hendrik Drachsler,Goethe University Frankfurt,https://www.dipf.de/en/institute/staff/drachsler-hendrik,v1hwiRAAAAAJ
Hendrik P. A. Lensch,University of Tübingen,https://uni-tuebingen.de/en/faculties/faculty-of-science/departments/computer-science/lehrstuehle/computergrafik/computer-graphics/staff/prof-dr-ing-hendrik-lensch,2R22h84AAAAJ
Heng Guo 0001,University of Edinburgh,http://homepages.inf.ed.ac.uk/hguo,993eudcAAAAJ
Heng Huang,University of Pittsburgh,http://www.pitt.edu/~heh45,JfGT-1kAAAAJ
Heng Ji,Univ. of Illinois at Urbana-Champaign,http://blender.cs.illinois.edu/hengji.html,z7GCqT4AAAAJ
Heng Tao Shen,UESTC,http://bmc.uestc.edu.cn/~shenht,krryaDkAAAAJ
Heng Wang,Peking University,http://eecs.pku.edu.cn/EN/People/Faculty/Detail/?ID=6079,NOSCHOLARPAGE
Heng Yin,Univ. of California - Riverside,http://www.cs.ucr.edu/~heng,_1VlI00AAAAJ
Heng-Da Cheng,Utah State University,https://directory.usu.edu/aggie/152b1,NOSCHOLARPAGE
Heni Ben Amor,Arizona State University,https://cidse.engineering.asu.edu/directory/ben-amor-heni,u_7S7VYAAAAJ
Henk van den Heuvel,Radboud University,https://www.ru.nl/english/people/heuvel-h-van-den,F5j9Ud4AAAAJ
Henning Koehler,Massey University,http://www.massey.ac.nz/massey/learning/colleges/college-of-sciences/staff-list.cfm?stref=727830,NOSCHOLARPAGE
Henning Köhler,Massey University,http://www.massey.ac.nz/massey/learning/colleges/college-of-sciences/staff-list.cfm?stref=727830,NOSCHOLARPAGE
Henning Meyerhenke,Humboldt University of Berlin,https://www.informatik.hu-berlin.de/de/forschung/gebiete/macsy/standardseite,cjr90bEAAAAJ
Henning Schulzrinne,Columbia University,http://www.cs.columbia.edu/~hgs,6IHX8J4AAAAJ
Henning Sprekeler,TU Berlin,https://www.cognition.tu-berlin.de/menue/members/henning_sprekeler/parameter/de,m0v2CxEAAAAJ
Henny Admoni,Carnegie Mellon University,https://www.ri.cmu.edu/ri-faculty/henny-admoni,XXiZaA4AAAAJ
Henri Casanova,University of Hawaii at Manoa,https://henricasanova.github.io,lt3K0RcAAAAJ
Henri E. Bal,VU Amsterdam,http://www.cs.vu.nl/~bal,ZUTFG_YAAAAJ
Henrik Boström,KTH Royal Institute of Technology,https://www.kth.se/profile/henbos,wKsdomUAAAAJ
Henrik Bærbak Christensen,Aarhus University,http://pure.au.dk/portal/en/persons/henrik-baerbak-christensen(4f747aba-32e8-4492-841f-1f9130be6909).html,Eb2LzvUAAAAJ
Henrik I. Christensen,Univ. of California - San Diego,http://www.hichristensen.net,MA8rI0MAAAAJ
Henrik Iskov Christensen,Univ. of California - San Diego,http://www.hichristensen.net,MA8rI0MAAAAJ
Henrik Leopold,VU Amsterdam,http://www.henrikleopold.com,qKCTXs4AAAAJ
Henrik Madsen,DTU,https://www.compute.dtu.dk/english,NOSCHOLARPAGE
Henrik Nilsson,University of Nottingham,https://www.nottingham.ac.uk/computerscience/people/henrik.nilsson,lMfV3-UAAAAJ
Henrik Wann Jensen,Univ. of California - San Diego,http://graphics.ucsd.edu/~henrik,vthMwawAAAAJ
Henrique Luiz Cukierman,UFRJ,http://www.cos.ufrj.br/index.php/pt-BR/pessoas/details/18/1024-hcukier,SzRvQtQAAAAJ
Henry A. Kautz,University of Rochester,http://www.cs.rochester.edu/u/kautz,WxQyOYQAAAAJ
Henry Brighton,Tilburg University,http://henrybrighton.github.io/index.html,GYgP-ogAAAAJ
Henry F. Korth,Lehigh University,http://www.cse.lehigh.edu/~korth,4VLZdawAAAAJ
Henry Fuchs,University of North Carolina,http://henryfuchs.web.unc.edu,guhwcP8AAAAJ
Henry Gardner,Australian National University,https://cs.anu.edu.au/people/henry-gardner,YhjQHhAAAAAJ
Henry Hoffmann,University of Chicago,http://people.cs.uchicago.edu/~hankhoffmann,COjq9XUAAAAJ
Henry Hong Xu,Chinese University of Hong Kong,https://henryhxu.github.io,BZHzIFIAAAAJ
Henry J. Gardner,Australian National University,https://cs.anu.edu.au/people/henry-gardner,YhjQHhAAAAAJ
Henry Linger,Monash University,http://monash.edu/research/explore/en/persons/henry-linger(d0b61062-30fc-4904-8e24-a758ebb997d0).html,rvYdGYUAAAAJ
Henry M. Levy,University of Washington,http://www.cs.washington.edu/people/faculty/levy,ymwKqZsAAAAJ
Henry M. Tufo,University of Colorado Boulder,https://www.colorado.edu/cs/users/tufo,bqMA34cAAAAJ
Henry Muccini,University of L'Aquila,http://www.henrymuccini.com,5n9E1cMAAAAJ
Henry R. Childs,University of Oregon,https://www.cs.uoregon.edu/People/Faculty/Hank_Childs.php,1SJPBDAAAAAJ
Henry S. Thompson,University of Edinburgh,http://www.ltg.ed.ac.uk/~ht,NOSCHOLARPAGE
Henry Thompson,University of Edinburgh,http://www.ltg.ed.ac.uk/~ht,NOSCHOLARPAGE
Henry Yuen,University of Toronto,http://www.henryyuen.net,NOSCHOLARPAGE
Henryk Jan Komorowski,IPI PAN,https://ipipan.waw.pl/instytut/pracownicy/henryk-jan-komorowski,P6CBNTMAAAAJ
Henryk Michalewski,University of Warsaw,https://www.mimuw.edu.pl/~henrykm,YdHW1ycAAAAJ
Heon Y. Yeom,Seoul National University,https://cse.snu.ac.kr/en/professor/heon-young-yeom,xuFTRZ8AAAAJ
Heon Young Yeom,Seoul National University,https://cse.snu.ac.kr/en/professor/heon-young-yeom,xuFTRZ8AAAAJ
Heon-Chang Yu,Korea University,http://ds.korea.ac.kr/index.php/professor,dwvceYUAAAAJ
HeonChang Yu,Korea University,http://ds.korea.ac.kr/index.php/professor,dwvceYUAAAAJ
Herbert Bos,VU Amsterdam,http://www.cs.vu.nl/~herbertb,KHMut54AAAAJ
Herbert Edelsbrunner,IST Austria,https://ist.ac.at/research/research-groups/edelsbrunner-group,w0PeAfAAAAAJ
Herbert Kuchen,University of Münster,https://www.wi.uni-muenster.de/de/institut/pi/personen/herbert-kuchen,G-JiSw0AAAAJ
Herbert Praehofer,JKU Linz,https://www.jku.at/institut-fuer-systemsoftware/team/praehofer-herbert,SpoHy8UAAAAJ
Herbert Prähofer,JKU Linz,https://www.jku.at/institut-fuer-systemsoftware/team/praehofer-herbert,SpoHy8UAAAAJ
Herbert Werner,Hamburg University of Technology,https://www.tuhh.de/ics/welcome.html,orTfGNMAAAAJ
Herbert Wiklicky,Imperial College London,http://www.doc.ic.ac.uk/~herbert,6Uh6z5AAAAAJ
Hercules Avramopoulos,NTUA,https://www.photonics.ntua.gr/people/prof-hercules-avramopoulos,hf2txgMAAAAJ
Heri Ramampiaro,NTNU,http://www.idi.ntnu.no/~heri,3H_HYnIAAAAJ
Herman Geuvers,Radboud University,http://www.cs.ru.nl/~herman,hbnF9xUAAAAJ
Herman J. Haverkort,TU Eindhoven,http://www.win.tue.nl/~hermanh,j6fj3YMAAAAJ
Hermann A. Maurer,Graz University of Technology,https://www2.isds.tugraz.at/maurer,2rUZR9MAAAAJ
Hermann G. Matthies,TU Braunschweig,https://www.tu-braunschweig.de/wire/institut/mitarbeiter/hmatthies,XUwCagIAAAAJ
Hermann Haertig,TU Dresden,http://os.inf.tu-dresden.de/~haertig,NOSCHOLARPAGE
Hermann Härtig,TU Dresden,http://os.inf.tu-dresden.de/~haertig,NOSCHOLARPAGE
Hermann Maurer,Graz University of Technology,https://www2.isds.tugraz.at/maurer,2rUZR9MAAAAJ
Hermann Ney,RWTH Aachen,http://www-i6.informatik.rwth-aachen.de/web/Staff/ney,6C8rf-0AAAAJ
Hermann Scharfetter,Graz University of Technology,https://www.tugraz.at/institutes/imt/home,tRtS-x8AAAAJ
Hermann de Meer,University of Passau,http://www.fim.uni-passau.de/en/computer-networks,ER_fzE8AAAAJ
Herna L. Viktor,University of Ottawa,http://www.site.uottawa.ca/~hlviktor,liglceAAAAAJ
Herna Lydia Viktor,University of Ottawa,http://www.site.uottawa.ca/~hlviktor,liglceAAAAAJ
Herna Viktor,University of Ottawa,http://www.site.uottawa.ca/~hlviktor,liglceAAAAAJ
Hernán C. Melgratti,University of Buenos Aires,http://lafhis.dc.uba.ar/en/~melgratti,bLFVsAQAAAAJ
Hernán Wilkinson,University of Buenos Aires,https://www.dc.uba.ar/rrhh/profesores/wilkinson,NOSCHOLARPAGE
Hernisa Kacorri,University of Maryland - College Park,https://terpconnect.umd.edu/~hernisa,El-R5MEAAAAJ
Herodotos Herodotou,Cyprus University of Technology,https://www.cut.ac.cy/faculties/fet/eecei/staff/herodotos.herodotou/?languageId=1,jyykiFIAAAAJ
Herve Lombaert,ETS Montreal,https://profs.etsmtl.ca/hlombaert,KQbyRzIAAAAJ
Hervé Lombaert,ETS Montreal,https://profs.etsmtl.ca/hlombaert,KQbyRzIAAAAJ
HeuiSeok Lim,Korea University,http://blp.korea.ac.kr/?page_id=2707,HMTkz7oAAAAJ
Heung-Il Suk,Korea University,https://milab.korea.ac.kr,dl_oZLwAAAAJ
Heung-Kyu Lee,KAIST,http://hklee.kaist.ac.kr,f7uaLWEAAAAJ
Heysem Kaya,Utrecht University,https://www.uu.nl/staff/HKaya,mPI3SpkAAAAJ
Hichem Frigui,University of Louisville,http://louisville.edu/speed/people/faculty/friguiHichem,kj8gkFAAAAAJ
Hideaki Ishii,Tokyo Institute of Technology,http://www.sc.dis.titech.ac.jp/ishii,q2n6QFAAAAAJ
Hideharu Amano,Keio University,https://www.st.keio.ac.jp/en/tprofile/ics/amano.html,pfCZLZwAAAAJ
Hidehiko Masuhara,Tokyo Institute of Technology,http://prg.is.titech.ac.jp/people/masuhara,tq4dtkUAAAAJ
Hidehiko Shishido,University of Tsukuba,https://sites.google.com/image.iit.tsukuba.ac.jp/shishido,NOSCHOLARPAGE
Hideki Koike,Tokyo Institute of Technology,https://www.vogue.cs.titech.ac.jp,Ih8cJXQAAAAJ
Hideki Nakayama,University of Tokyo,http://www.nlab.ci.i.u-tokyo.ac.jp/~nakayama/index_en.html,AJUldKwAAAAJ
Hideo Joho,University of Tsukuba,https://docs.joholab.com/hideo/v/en/#biography,8W8gwisAAAAJ
Hideo Saito,Keio University,https://www.st.keio.ac.jp/en/tprofile/ics/hideo.saito.html,JU9x-bcAAAAJ
Hidetoshi Shimodaira,Kyoto University,http://stat.sys.i.kyoto-u.ac.jp,LvoIaIsAAAAJ
Hidetsugu Irie,University of Tokyo,http://www.mtl.t.u-tokyo.ac.jp/~irie/en/profile,NOSCHOLARPAGE
Hideya Ochiai,University of Tokyo,http://www.u-tokyo.ac.jp/en/people/?id=9421810450,NOSCHOLARPAGE
Hien Quoc Ngo,Queen's University Belfast,https://www.qub.ac.uk/schools/eeecs/Connect/Staff/BusinessCard/?name=h.ngo,DbMdragAAAAJ
Hilbert J. Kappen,Radboud University,http://www.snn.ru.nl/~bertk,JSkBINwAAAAJ
Hilda Tellioglu,TU Wien,http://hildatellioglu.com,NOSCHOLARPAGE
Hilda Tellioğlu,TU Wien,http://hildatellioglu.com,NOSCHOLARPAGE
Hilmi R. Dajani,University of Ottawa,https://engineering.uottawa.ca/eecs/people/dajani-hilmi,NOSCHOLARPAGE
Himanshu Gupta,Stony Brook University,http://www3.cs.stonybrook.edu/~hgupta,3a-0dbMAAAAJ
Hing Leung,New Mexico State University,http://www.cs.nmsu.edu/~hleung,LunDJDMAAAAJ
Hing-Fung Ting,University of Hong Kong,https://i.cs.hku.hk/~hfting,NOSCHOLARPAGE
Hinrich Schütze,LMU Munich,https://www.cis.uni-muenchen.de/schuetze,qIL9dWUAAAAJ
Hiok Chai Quek,Nanyang Technological University,http://research.ntu.edu.sg/expertise/academicprofile/Pages/StaffProfile.aspx?ST_EMAILID=ASHCQUEK,NOSCHOLARPAGE
Hiroaki Kawashima,Kyoto University,https://vision.kuee.kyoto-u.ac.jp/~hiroaki/index-e.html,NOSCHOLARPAGE
Hiroaki Mizuhara,Kyoto University,https://researchmap.jp/mizuhara/?lang=english,iSI_3FgAAAAJ
Hiroaki Nishi,Keio University,https://www.st.keio.ac.jp/en/tprofile/sd/nishi.html,rXAiVWUAAAAJ
Hiroaki Shiokawa,University of Tsukuba,http://www.kde.cs.tsukuba.ac.jp/~shion/index.html.en,LqamR6YAAAAJ
Hirokazu Takahashi,University of Tokyo,http://www.rcast.u-tokyo.ac.jp/research/people/staff-takahashi_hirokazu_en.html,NOSCHOLARPAGE
Hiroki Matsutani,Keio University,https://www.st.keio.ac.jp/en/tprofile/ics/matsutani.html,cBqdx2IAAAAJ
Hiromi Mochiyama,University of Tsukuba,http://www.frlab.iit.tsukuba.ac.jp/member/motiyama.html,NOSCHOLARPAGE
Hiromichi Nagao,University of Tokyo,http://www.eri.u-tokyo.ac.jp/nagaoh/members-e.html,NOSCHOLARPAGE
Hironori Kasahara,Waseda University,http://www.kasahara.cs.waseda.ac.jp/kasahara.html.en,snQhMXcAAAAJ
Hironori Washizaki,Waseda University,http://www.washi.cs.waseda.ac.jp/washizaki,WE5V6bkAAAAJ
Hiroo Iwata,University of Tsukuba,http://eva.vrlab.esys.tsukuba.ac.jp/profile,NOSCHOLARPAGE
Hiroshi Esaki,University of Tokyo,http://hiroshi1.hongo.wide.ad.jp/hiroshi,NOSCHOLARPAGE
Hiroshi Hirai 0001,University of Tokyo,http://www.misojiro.t.u-tokyo.ac.jp/~hirai,NOSCHOLARPAGE
Hiroshi Imai,University of Tokyo,http://www-imai.is.s.u-tokyo.ac.jp/~imai,NOSCHOLARPAGE
Hiroshi Ishiguro,Osaka University,https://eng.irl.sys.es.osaka-u.ac.jp,BNhvcyYAAAAJ
Hiroshi Ishikawa 0002,Waseda University,http://www.f.waseda.jp/hfs/indexE.html,M7KDA6oAAAAJ
Hiroshi Nagamochi,Kyoto University,https://www-or.amp.i.kyoto-u.ac.jp/members/nag/index-e.html,NOSCHOLARPAGE
Hiroshi Nakagawa,University of Tokyo,http://www.r.dl.itc.u-tokyo.ac.jp/~nakagawa/English.html,MZni93cAAAAJ
Hiroshi Saruwatari,University of Tokyo,http://www.sp.ipc.i.u-tokyo.ac.jp/en,OS1XAoMAAAAJ
Hiroshi Shimodaira,University of Edinburgh,http://homepages.inf.ed.ac.uk/hshimoda,NOSCHOLARPAGE
Hiroshi Unno 0001,University of Tsukuba,http://www.cs.tsukuba.ac.jp/~uhiro,H73eAAsAAAAJ
Hirosuke Yamamoto,University of Tokyo,http://hirosuke.it.k.u-tokyo.ac.jp,pYWFHvoAAAAJ
Hirotaka Osawa,University of Tsukuba,http://hiroosa.com/biography,HpypdTcAAAAJ
Hiroyuki Kamei,Tokyo Institute of Technology,http://www.archaeo.cs.titech.ac.jp,NOSCHOLARPAGE
Hiroyuki Kido,Cardiff University,https://www.cardiff.ac.uk/people/view/1724085-kido-hiroyuki,PzwETlYAAAAJ
Hiroyuki Kitagawa,University of Tsukuba,http://www.kde.cs.tsukuba.ac.jp/~kitagawa/index.html,dJccY-UAAAAJ
Hiroyuki Masuyama,Kyoto University,http://infosys.sys.i.kyoto-u.ac.jp/masuyama/index-en.html,NOSCHOLARPAGE
Hisashi Kashima,Kyoto University,http://www.ml.ist.i.kyoto-u.ac.jp/en,bkTB0t8AAAAJ
Hitoshi Iba,University of Tokyo,http://www.iba.t.u-tokyo.ac.jp/~iba,NOSCHOLARPAGE
Hitoshi Yoshikawa,Kyoto University,https://kyouindb.iimc.kyoto-u.ac.jp/e/uZ6fQ,NOSCHOLARPAGE
Ho Jin Choi,KAIST,https://cs.kaist.ac.kr/people/view?idx=366&kind=faculty&menu=160,thJPUbsAAAAJ
Ho-Kwok Dai,Oklahoma State University,http://cs.okstate.edu/%7Edai,NOSCHOLARPAGE
Ho-fung Leung,Chinese University of Hong Kong,http://www.cse.cuhk.edu.hk/~lhf,JDErdKcAAAAJ
Hoang Dau,RMIT University,https://www.rmit.edu.au/contact/staff-contacts/academic-staff/d/dau-dr-son-hoang,dEdfBuwAAAAJ
Hoang-Dung Tran,University of Nebraska,https://sites.google.com/site/trhoangdung,_RzS3uMAAAAJ
Hock Soon Seah,Nanyang Technological University,http://www.ntu.edu.sg/home/ashsseah,NOSCHOLARPAGE
Hoda Eldardiry,Virginia Tech,http://people.cs.vt.edu/hdardiry,3IVJGxcAAAAJ
Hoda Maleki,Augusta University,https://www.augusta.edu/faculty/directory/view.php?id=HMALEKI,MFf4T7oAAAAJ
Hoda Mehrpouyan,Boise State University,http://hodamehrpouyan.com,NOSCHOLARPAGE
Hoda Naghibi Jouybari,Binghamton University,https://www.binghamton.edu/computer-science/contact/profile.html?id=hnaghibi,TEymGjQAAAAJ
Hoda Naghibijouybari,Binghamton University,https://www.binghamton.edu/computer-science/contact/profile.html?id=hnaghibi,TEymGjQAAAAJ
Hoeteck Wee,Ecole Normale Superieure,http://www.di.ens.fr/~wee,lG7aUrkAAAAJ
Hojung Cha,Yonsei University,https://mobed.yonsei.ac.kr/index.php?mid=People,B3CtxsAAAAAJ
Holger Blume,University of Hannover,https://www.ims.uni-hannover.de/blume.html?&no_cache=1,CnRN40sAAAAJ
Holger Dell,IT University of Copenhagen,https://pure.itu.dk/portal/da/persons/holger-dell(ef9b447a-d6c4-4250-a506-093730db84d6).html,zcZSZ4MAAAAJ
Holger Fröning,Heidelberg University,http://www.ziti.uni-heidelberg.de/ziti/en/ce-home,zToBrYIAAAAJ
Holger Giese,Hasso Plattner Institute,https://hpi.de/en/the-hpi/people/professors/prof-dr-holger-giese.html,tbVxns0AAAAJ
Holger H. Hoos,University of British Columbia,http://www.cs.ubc.ca/~hoos,l6c85tMAAAAJ
Holger Hermanns,Saarland University,http://depend.cs.uni-saarland.de/index.php?hermanns&L=1,lWMIeCAAAAAJ
Holger Hoos,University of British Columbia,http://www.cs.ubc.ca/~hoos,l6c85tMAAAAJ
Holger Karl,Paderborn University,https://cs.uni-paderborn.de/cn/team/staff/karl,vjgKHWMAAAAJ
Holger Pirk,Imperial College London,https://www.doc.ic.ac.uk/~hlgr,1jP_gqcAAAAJ
Holger Schlingloff,Humboldt University of Berlin,http://www2.informatik.hu-berlin.de/svt,NOSCHOLARPAGE
Holger Theisel,University of Magdeburg,http://vc.cs.ovgu.de,oREmACAAAAAJ
Holly A. Yanco,University of Massachusetts Lowell,http://www.cs.uml.edu/~holly,3WEijrIAAAAJ
Holly E. Rushmeier,Yale University,http://graphics.cs.yale.edu/holly,saY3qN5NWbcC
Homayoun Valafar,University of South Carolina,http://www.cse.sc.edu/~homayoun,RR6LGC8AAAAJ
Hon Wai Leong,National University of Singapore,https://www.comp.nus.edu.sg/~leonghw,FR0F_OsAAAAJ
Hon-Wai Leong,National University of Singapore,https://www.comp.nus.edu.sg/~leonghw,FR0F_OsAAAAJ
Hong An,USTC,http://acsa.ustc.edu.cn/contact,tEcLDxAAAAAJ
Hong Chang,Chinese Academy of Sciences,http://vipl.ict.ac.cn/view_people.php?url=&id=54,LX6MnNsAAAAJ
Hong Chen 0001,Renmin University of China,https://bi.ruc.edu.cn/member/chenhong,NOSCHOLARPAGE
Hong Cheng 0001,Chinese University of Hong Kong,http://www1.se.cuhk.edu.hk/~hcheng,s3lQL7YAAAAJ
Hong Hu 0004,Pennsylvania State University,https://huhong789.github.io,3aaJwkoAAAAJ
Hong Jiang 0001,University of Texas at Arlington,http://ranger.uta.edu/~jiang,u6wmNbQAAAAJ
Hong Lu 0001,Fudan University,http://homepage.fudan.edu.cn/honglu,bR8b-WIAAAAJ
Hong Mei,Peking University,http://sei.pku.edu.cn/~meih/index_en.html,b-ZYIwoAAAAJ
Hong Q. Ding,University of Texas at Arlington,https://sds.cuhk.edu.cn/en/teacher/197,q7FfnjgAAAAJ
Hong Qin,Stony Brook University,http://www3.cs.stonybrook.edu/~qin,Wpsc65EAAAAJ
Hong Shen 0001,University of Adelaide,https://cs.adelaide.edu.au/~hong,tBnVrjEAAAAJ
Hong Xu 0001,Chinese University of Hong Kong,https://henryhxu.github.io,BZHzIFIAAAAJ
Hong Yu 0001,University of Massachusetts Lowell,http://bio-nlp.org,TyXe64wAAAAJ
Hong Zhang 0013,University of Alberta,https://webdocs.cs.ualberta.ca/~zhang,NOSCHOLARPAGE
Hong-Bo Li,Tsinghua University,http://www.tsinghua.edu.cn/publish/csen/4623/2014/20140320082716471162119/20140320082716471162119_.html,dobaH5cAAAAJ
Hong-Goo Kang,Yonsei University,http://dsp.yonsei.ac.kr,YsD8KCYAAAAJ
Hong-Han Shuai,National Chiao Tung University,https://basiclab.nctu.edu.tw,NOSCHOLARPAGE
Hong-Sheng Zhou,Virginia Commonwealth University,http://www.people.vcu.edu/~hszhou,PQl5OHMAAAAJ
Hong-Tao Lu,Shanghai Jiao Tong University,http://english.seiee.sjtu.edu.cn/english/detail/841_674.htm,GtNuBJcAAAAJ
Hong-bo Li,Tsinghua University,http://www.tsinghua.edu.cn/publish/csen/4623/2014/20140320082716471162119/20140320082716471162119_.html,dobaH5cAAAAJ
Hongbin Zha,Peking University,http://www.cis.pku.edu.cn/vision/Visual&Robot/people/zha,LQxSSgYAAAAJ
Hongbo Jiang 0001,Hunan University,https://hongbojiang2004.github.io/en,m-bu8JgAAAAJ
Hongbo Li,Tsinghua University,http://www.tsinghua.edu.cn/publish/csen/4623/2014/20140320082716471162119/20140320082716471162119_.html,dobaH5cAAAAJ
Hongbo Yu,Tsinghua University,http://www.tsinghua.edu.cn/publish/casen/1695/2010/20101224093253705266640/20101224093253705266640_.html,9Q_HLzMAAAAJ
Hongchang Gao,Temple University,https://www.cst.temple.edu/~tuo14379,Yc-W6K4AAAAJ
Hongchi Shi,Texas State University,http://www.cs.txstate.edu/~hs15,7JCvYpwAAAAJ
Hongdong Li,Australian National University,http://users.cecs.anu.edu.au/~hongdong,JrQxdmUAAAAJ
Hongfei Fan,Tongji University,https://sse.tongji.edu.cn/Data/View/3145,F2wcDOsAAAAJ
Hongfei Fu 0001,Shanghai Jiao Tong University,http://jhc.sjtu.edu.cn/~hongfeifu,5bHQE-UAAAAJ
Hongfei Yan,Peking University,http://eecs.pku.edu.cn/EN/People/Faculty/Detail/?ID=6010,NOSCHOLARPAGE
Hongfeng Yu,University of Nebraska,http://vis.unl.edu/~yu,yeWsFW4AAAAJ
Hongfu Liu,Brandeis University,http://hongfuliu.com,3FqYBw0AAAAJ
Honghui Shi,University of Oregon,https://www.humphreyshi.com,WBvt5A8AAAAJ
Hongjie Chen,Peking University,http://www.sei.pku.edu.cn/people/chenhj,NOSCHOLARPAGE
Hongjin Liang,Nanjing University,https://cs.nju.edu.cn/hongjin,c-jKd-UAAAAJ
Hongkai Wen 0001,University of Warwick,https://warwick.ac.uk/fac/sci/dcs/people/Hongkai_Wen,SSbjWKAAAAAJ
Hongkai Yu,Cleveland State University,http://cis.csuohio.edu/~h.yu/me.html,JnQts0kAAAAJ
Hongliang Li 0001,UESTC,http://ivipc.uestc.edu.cn/hlli,O9-QDwEAAAAJ
Hongliang Yu,Tsinghua University,http://www.cs.tsinghua.edu.cn/publish/csen/4623/2010/20101224235934865670879/20101224235934865670879_.html,QiqG_G4AAAAJ
Hongming Cai,Shanghai Jiao Tong University,http://en.se.sjtu.edu.cn/teacher/teacherdetail.aspx?id=9,uPMz8oEAAAAJ
Hongming Zhu,Tongji University,https://sse.tongji.edu.cn/Data/View/3142,NOSCHOLARPAGE
Hongning Wang,University of Virginia,https://engineering.virginia.edu/faculty/hongning-wang,qkdvKNoAAAAJ
Hongping Cai,University of Exeter,http://emps.exeter.ac.uk/computer-science/staff/hc564,0zD97j4AAAAJ
Hongseok Yang,KAIST,https://cs.kaist.ac.kr/people/view?idx=552&kind=faculty&menu=167,cLuwH14AAAAJ
Hongtao Lu,Shanghai Jiao Tong University,http://english.seiee.sjtu.edu.cn/english/detail/841_674.htm,GtNuBJcAAAAJ
Hongteng Xu,Renmin University of China,https://sites.google.com/view/hongtengxu,7gYVOO8AAAAJ
Hongwei Li,UESTC,http://222.197.183.99/TutorDetails.aspx?id=3637,-o6u2gwAAAAJ
Hongwei Xi,Boston University,https://www.cs.bu.edu/~hwxi,1mMmqs4AAAAJ
Hongxin Hu,University at Buffalo,https://cse.buffalo.edu/~hongxinh,fQQXj1oAAAAJ
Hongxing Ye,Cleveland State University,https://engineering.csuohio.edu/eecs/hongxing-ye-assistant-professor,NOSCHOLARPAGE
Hongxu Jiang,Beihang University,http://scse.buaa.edu.cn/info/1022/3017.htm,NOSCHOLARPAGE
Hongyan Li 0002,Peking University,http://www.cis.pku.edu.cn/system/webs/Members/Lihongyan_EN.htm,NOSCHOLARPAGE
Hongyang Chao,Sun Yat-sen University,https://ieeexplore.ieee.org/author/37288624500,qnbpG6gAAAAJ
Hongyang Gao,Iowa State University,https://faculty.sites.iastate.edu/hygao,jGmq0aEAAAAJ
Hongyu Zhang 0002,University of Newcastle,https://www.newcastle.edu.au/profile/hongyu-zhang,zsUN6PkAAAAJ
Hongyuan Zha,Georgia Institute of Technology,http://www.cc.gatech.edu/~zha,tqEWl8gAAAAJ
Hongzhi Wang 0001,Harbin Institute of Technology,http://homepage.hit.edu.cn/wang,qZedaiAAAAAJ
Hongzhi Wu,Zhejiang University,http://www.cad.zju.edu.cn/home/hwu,NOSCHOLARPAGE
Hongzhi Yin,University of Queensland,https://sites.google.com/site/dbhongzhi,JJsBmhYAAAAJ
Hongzi Zhu,Shanghai Jiao Tong University,http://www.cs.sjtu.edu.cn/en/PeopleDetail.aspx?id=130,HkaEi3MAAAAJ
Honza Cernocký,Brno University of Technology,https://www.fit.vut.cz/person/cernocky,BnfCLXcAAAAJ
Hoong Chilin Lau,Singapore Management University,https://www.smu.edu.sg/faculty/profile/9620/LAU-Hoong-Chuin,2YZITOgAAAAJ
Hoong Chuin Lau,Singapore Management University,https://www.smu.edu.sg/faculty/profile/9620/LAU-Hoong-Chuin,2YZITOgAAAAJ
Horace H. S. Ip,City University of Hong Kong,https://www.cs.cityu.edu.hk/profile/cship.html,RkGFFUkAAAAJ
Horace Ho-Shing Ip,City University of Hong Kong,https://www.cs.cityu.edu.hk/profile/cship.html,RkGFFUkAAAAJ
Horácio C. Neto,Universidade de Lisboa,https://tecnico.ulisboa.pt/pt/tag/horacio-neto,17oPwbYAAAAJ
Horia F. Pop,Babeș-Bolyai University,http://www.cs.ubbcluj.ro/~hfpop,PmrtLngAAAAJ
Horst Bischof,Graz University of Technology,https://www.tugraz.at/institute/icg/research/team-bischof/people/team-about/horst-bischof,_pq05Q4AAAAJ
Horst K. Hahn,Jacobs University Bremen,https://www.jacobs-university.de/directory/hhahn,8wiZiu4AAAAJ
Horst Karl Hahn,Jacobs University Bremen,https://www.jacobs-university.de/directory/hhahn,8wiZiu4AAAAJ
Horst Lazarek,TU Dresden,http://forschungsinfo.tu-dresden.de/detail/professur/266,NOSCHOLARPAGE
Horst Lichter,RWTH Aachen,https://www.swc.rwth-aachen.de,q4JUOP4AAAAJ
Horst Reichel,TU Dresden,https://wwwtcs.inf.tu-dresden.de/~reichel,NOSCHOLARPAGE
Horst-Michael Gross,TU Ilmenau,https://www.tu-ilmenau.de/neurob/team/prof-dr-horst-michael-gross,eKw3T1EAAAAJ
Horst-Michael Groß,TU Ilmenau,https://www.tu-ilmenau.de/neurob/team/prof-dr-horst-michael-gross,eKw3T1EAAAAJ
Hosagrahar Visvesvaraya Jagadish,University of Michigan,http://web.eecs.umich.edu/~jag,SKVnHakAAAAJ
Hosna Jabbari,University of Victoria,https://onlineacademiccommunity.uvic.ca/cobra,CiBbx70AAAAJ
Hossam A. Gabbar,Ontario Tech University,https://engineering.ontariotechu.ca/people/ecse/hossam.gaber.php,xjWM54EAAAAJ
Hossam H. Hassanein,Queen’s University,http://research.cs.queensu.ca/home/hossam,lHX_OIoAAAAJ
Hossam S. Hassanein,Queen’s University,http://research.cs.queensu.ca/home/hossam,lHX_OIoAAAAJ
Hossein Asadi,Sharif University of Technology,http://sharif.edu/~asadi,fgNWK9YAAAAJ
Hossein Hojjat,Rochester Institute of Technology,https://cs.rit.edu/~hh,hkfVNCMAAAAJ
Hossein Rahmani,Lancaster University,https://www.lancaster.ac.uk/scc/about-us/people/hossein-rahmani,zFyT_gwAAAAJ
Hossein Saiedian,University of Kansas,http://people.eecs.ku.edu/~saiedian,ABtH60kAAAAJ
Hossein Sameti,Sharif University of Technology,http://sina.sharif.ir/~sameti,ebEhWZwAAAAJ
Houari A. Sahraoui,University of Montreal,http://www.iro.umontreal.ca/~sahraouh,xsUkTCEAAAAJ
Houfeng Wang,Peking University,http://icl.pku.edu.cn/members/wanghf/index.htm,NOSCHOLARPAGE
Houman Homayoun,Univ. of California - Davis,https://www.ece.ucdavis.edu/~hhomayou,wL7FTE8AAAAJ
Hovav Shacham,University of Texas at Austin,http://cseweb.ucsd.edu/~hovav,E0NwK2AAAAAJ
Hovhannes Harutyunyan,Concordia University,http://www.concordia.ca/faculty/hovhannes-harutyunyan.html,NOSCHOLARPAGE
Howard Blair,Syracuse University,https://experts.syr.edu/en/persons/howard-a-blair/network-organisations,NOSCHOLARPAGE
Howard Bowman,University of Kent,https://www.cs.kent.ac.uk/people/staff/hb5,pcKQix4AAAAJ
Howard C. Elman,University of Maryland - College Park,https://www.cs.umd.edu/users/elman,7zf7xGkAAAAJ
Howard J. Hamilton,University of Regina,http://www.cs.uregina.ca/People/Profiles/HowardHamilton.html,S8kGH3cAAAAJ
Howard Rosenbaum,Indiana University,https://ella.sice.indiana.edu/~hrosenba,zM9oIWUAAAAJ
Howard Straubing,Boston College,http://www.cs.bc.edu/~straubin,VdkpR4kAAAAJ
Howie Choset,Carnegie Mellon University,http://www.cs.cmu.edu/~./choset,4fvo61oAAAAJ
Hridesh Rajan,Iowa State University,http://www.cs.iastate.edu/~hridesh,aiFvpucAAAAJ
Hrishikesh B. Acharya,Rochester Institute of Technology,https://www.rit.edu/gccis/computingsecurity/people/hrishikesh-acharya,NOSCHOLARPAGE
Hsi-Lu Chao,National Chiao Tung University,https://www.cs.nctu.edu.tw/members/detail/hlchao,NOSCHOLARPAGE
Hsiang-Ting Chen,University of Technology Sydney,https://www.uts.edu.au/staff/tim.chen,UgJAkMgAAAAJ
Hsiang-Tsung Kung 0001,Harvard University,https://www.eecs.harvard.edu/htk,iLQqwosAAAAJ
Hsin-Hao Su,Boston College,https://sites.google.com/site/distributedhsinhao,SIJF2zcAAAAJ
Hsin-Hsi Chen,National Taiwan University,http://nlg.csie.ntu.edu.tw/advisor.php,CRth4q4AAAAJ
Hsin-Mu Michael Tsai,National Taiwan University,https://www.csie.ntu.edu.tw/~hsinmu/wiki,RL0CmuAAAAAJ
Hsin-Mu Tsai,National Taiwan University,https://www.csie.ntu.edu.tw/~hsinmu/wiki,RL0CmuAAAAAJ
Hsu-Chun Hsiao,National Taiwan University,http://www.csie.ntu.edu.tw/~hchsiao,jP6pVZcAAAAJ
Hsu-Feng Hsiao,National Chiao Tung University,https://www.cs.nctu.edu.tw/members/detail/hillhsiao,NOSCHOLARPAGE
Hsuan-Tien Lin,National Taiwan University,https://www.csie.ntu.edu.tw/~htlin,yAr4UPUAAAAJ
Hsueh-I Lu,National Taiwan University,http://www.csie.ntu.edu.tw/~hil,RfQ6JRcAAAAJ
Hu Ding,USTC,http://staff.ustc.edu.cn/~huding/index.html,D1-liJEAAAAJ
Hu Fu,University of British Columbia,http://www.fuhuthu.com,fcqBMQgAAAAJ
Hu Han 0001,Chinese Academy of Sciences,https://sites.google.com/site/huhanhomepage/publication,4v709-MAAAAJ
Hua Huang 0003,Univ. of California - Merced,https://sites.ucmerced.edu/huahuang,MymQmUcAAAAJ
Hua Lu 0001,Aalborg University,http://people.cs.aau.dk/~luhua,h1mExmcAAAAJ
Hua Ming,Oakland University,http://www.secs.oakland.edu/~ming/publications,NOSCHOLARPAGE
Hua Wang 0007,Colorado School of Mines,http://inside.mines.edu/~huawang,TZ5nsRUAAAAJ
Hua Xu,Tsinghua University,http://www.cs.tsinghua.edu.cn/publish/csen/4623/2010/20101224234620586482312/20101224234620586482312_.html,9sEKhSoAAAAJ
Huaishu Peng,University of Maryland - College Park,http://www.huaishu.me,nimapDwAAAAJ
Huajie Zhang,University of New Brunswick,http://www.cs.unb.ca/~hzhang,AFn_Ki0AAAAJ
Huajun Chen,Zhejiang University,http://mypage.zju.edu.cn/huajun,NOSCHOLARPAGE
Huamin Qu,HKUST,http://huamin.org,J7a5zGEAAAAJ
Huamin Wang,Ohio State University,http://web.cse.ohio-state.edu/~whmin,jbKlGgQAAAAJ
Huaming Zhang,University of Alabama - Huntsville,https://www.uah.edu/science/departments/computer-science/faculty-staff/huaming-zhang,NOSCHOLARPAGE
Huan Liu 0001,Arizona State University,http://www.public.asu.edu/~huanliu,Dzf46C8AAAAJ
Huan Long,Shanghai Jiao Tong University,http://basics.sjtu.edu.cn/~longhuan,7nS7JQwAAAAJ
Huan Sun,Ohio State University,http://web.cse.ohio-state.edu/~huansun,LHk840AAAAAJ
Huanhuan Chen,USTC,http://staff.ustc.edu.cn/~hchen,NOSCHOLARPAGE
Huaping Liu 0001,Tsinghua University,http://eecs.oregonstate.edu/people/liu-huaping,HXnkIkwAAAAJ
Huarui Zhang,Peking University,http://eecs.pku.edu.cn/EN/People/Faculty/Detail/?ID=6025,NOSCHOLARPAGE
Huashan Yu,Peking University,http://eecs.pku.edu.cn/EN/People/Faculty/Detail/?ID=6012,NOSCHOLARPAGE
Huawei Li,Chinese Academy of Sciences,http://teacher.ucas.ac.cn/~lihuawei,NOSCHOLARPAGE
Huazhong Zhang,Shandong University,http://www.cs.sdu.edu.cn/info/1091/2356.htm,NOSCHOLARPAGE
Hubert Baumeister,DTU,https://www.compute.dtu.dk/english,NOSCHOLARPAGE
Hubert Comon,Ecole Normale Superieure de Cachan,http://www.lsv.ens-cachan.fr/~comon,ypoy8WoAAAAJ
Hubert Comon-Lundh,Ecole Normale Superieure de Cachan,http://www.lsv.ens-cachan.fr/~comon,ypoy8WoAAAAJ
Hubert E. Dunsmore,Purdue University,https://www.cs.purdue.edu/people/bxd,NOSCHOLARPAGE
Hubert Konik,Université Jean Monnet,https://laboratoirehubertcurien.univ-st-etienne.fr/en/teams/image-science-computer-vision/staff.html,NOSCHOLARPAGE
Hubert Tsz-Hong Chan,University of Hong Kong,https://i.cs.hku.hk/~hubert,F8_JP6sAAAAJ
Hubie Chen,Birkbeck University of London,https://www.dcs.bbk.ac.uk/about/people/academic-staff/hubert-chen,NOSCHOLARPAGE
Huda Abd El-Raheem Karajeh,University of Jordan,http://eacademic.ju.edu.jo/h.karajeh,cGIHBBIAAAAJ
Huda Karajeh,University of Jordan,http://eacademic.ju.edu.jo/h.karajeh,cGIHBBIAAAAJ
Hugh Anderson,National University of Singapore,https://www.comp.nus.edu.sg/~hugh,tReFhKEAAAAJ
Hugh C. Davis,University of Southampton,https://www.ecs.soton.ac.uk/people/hcd,KoXxAXMAAAAJ
Hugh Leather,University of Edinburgh,http://homepages.inf.ed.ac.uk/hleather,oIGrLpsAAAAJ
Hugh P. Shanahan,Royal Holloway University of London,https://pure.royalholloway.ac.uk/portal/en/persons/hugh-shanahan_77128df7-1747-4d9f-8fe5-c11d30e77abc.html,dlL-XcoAAAAJ
Hugh R. Barrett,University of Western Australia,http://www.web.uwa.edu.au/people/Hugh.Barrett,7OtfUxcAAAAJ
Hugo Barbosa,University of Exeter,http://emps.exeter.ac.uk/computer-science/staff/hs613,dsBgmWgAAAAJ
Hugo Fuks,PUC-RIO,http://www.inf.puc-rio.br/blog/professor/@hugo-fuks,jqIuH6MAAAAJ
Hugo M. Miranda,Universidade de Lisboa,https://ciencias.ulisboa.pt/perfil/hamiranda,hywVBUIAAAAJ
Hugo Miranda,Universidade de Lisboa,https://ciencias.ulisboa.pt/perfil/hamiranda,hywVBUIAAAAJ
Hugo Nicolau,Universidade de Lisboa,https://ciencias.ulisboa.pt/en/node/1477,nmAT07MAAAAJ
Hui Fang 0003,Loughborough University,https://www.lboro.ac.uk/departments/compsci/staff/academic-teaching/hui-fang,TyMf2lYAAAAJ
Hui Gary Zhang,University College London,http://mig.cs.ucl.ac.uk/index.php?n=People.GHZhang,Ii9_OYMAAAAJ
Hui Guan,University of Massachusetts Amherst,https://guanh01.github.io,L2P0jCsAAAAJ
Hui Guo 0001,UNSW,https://research.unsw.edu.au/people/dr-hui-guo,F-0Gu0kAAAAJ
Hui Huang 0004,Shenzhen University,http://vcc.szu.edu.cn/~huihuang,wjzkl3YAAAAJ
Hui Jiang 0001,York University,https://wiki.eecs.yorku.ca/user/hj,DZyVTk8AAAAJ
Hui Lin 0005,University of Nevada,https://www.cse.unr.edu/~hui,kPh6yWIAAAAJ
Hui Lu 0001,Binghamton University,http://www.cs.binghamton.edu/~huilu,nJLcewkAAAAJ
Hui Lv 0001,Binghamton University,http://www.cs.binghamton.edu/~huilu,nJLcewkAAAAJ
Hui Ma 0001,Victoria University of Wellington,http://ecs.victoria.ac.nz/Main/HuiMa,o4ssNv4AAAAJ
Hui Qian,Zhejiang University,http://mypage.zju.edu.cn/qianhui,NOSCHOLARPAGE
Hui Wang 0011,Tsinghua University,https://jessiehuiwang.github.io/index.html,fcLOhBoAAAAJ
Hui Wang 0013,Stevens Institute of Technology,http://www.cs.stevens.edu/~hwang4,3pXvHPUAAAAJ
Hui Wei,Fudan University,http://www.cs.fudan.edu.cn/en/?page_id=6724,NOSCHOLARPAGE
Hui Wu 0001,UNSW,http://www.cse.unsw.edu.au/~huiw,61DNIX0AAAAJ
Hui Xiong 0001,Rutgers University,http://datamining.rutgers.edu,cVDF1tkAAAAJ
Hui Yang 0001,Georgetown University,http://infosense.cs.georgetown.edu/grace,nafo_HAAAAAJ
Hui Zhang 0005,University College London,http://mig.cs.ucl.ac.uk/index.php?n=People.GHZhang,Ii9_OYMAAAAJ
Hui Zhao 0013,University of North Texas,http://www.cse.unt.edu/~huizhao,NOSCHOLARPAGE
Huijia (Rachel) Lin,University of Washington,http://www.cs.ucsb.edu/~rachel.lin,h3gpLYAAAAAJ
Huijia Lin,University of Washington,http://www.cs.ucsb.edu/~rachel.lin,h3gpLYAAAAAJ
Huijing Zhao,Peking University,http://www.cis.pku.edu.cn/faculty/vision/zhaohj/index-e.htm,q-aZF-kAAAAJ
Huijuan Wang,TU Delft,https://www.nas.ewi.tudelft.nl/people/Huijuan,d8o43k0AAAAJ
Huiping Cao,New Mexico State University,http://www.cs.nmsu.edu/~hcao,M6UHVQwAAAAJ
Huirong Fu,Oakland University,http://www.secs.oakland.edu/~fu,a-jXdzkAAAAJ
Huisheng Chi,Peking University,http://www.cis.pku.edu.cn/auditory/Staff/Prof.Chi.html,NOSCHOLARPAGE
Huiyang Zhou,North Carolina State University,https://people.engr.ncsu.edu/hzhou,_2gFUN0AAAAJ
Huizhu Jia,Peking University,http://eecs.pku.edu.cn/EN/People/Faculty/Detail/?ID=6097,NOSCHOLARPAGE
Hujun Bao,Zhejiang University,http://www.cad.zju.edu.cn/home/bao,NOSCHOLARPAGE
Hulya Seferoglu,University of Illinois at Chicago,https://www.ece.uic.edu/k-teacher/hulya-seferoglu-phd,3hy76zkAAAAJ
Humaira Kamal,LUMS,https://lums.edu.pk/lums_employee/506,gkEcZSgAAAAJ
Humberto Luiz Razente,UFU,http://www.facom.ufu.br/~humberto,t2SVE_UAAAAJ
Humberto Martínez Barbera,University of Murcia,https://ants.inf.um.es/en,XFRVn7EAAAAJ
Humphrey Shi,University of Oregon,https://www.humphreyshi.com,WBvt5A8AAAAJ
Hun-Seok Kim,University of Michigan,https://kim.engin.umich.edu,qCdzviYAAAAJ
Hung Le,University of Massachusetts Amherst,https://hunglvosu.github.io,D8Vbc48AAAAJ
Hung M. La,University of Nevada,https://www.unr.edu/cse/people/la,uG-wAt0AAAAJ
Hung Manh La,University of Nevada,https://www.unr.edu/cse/people/la,uG-wAt0AAAAJ
Hung Min Sun,National Tsing Hua University,http://is.cs.nthu.edu.tw/wiki/doku.php?id=advisor:main,NOSCHOLARPAGE
Hung Q. Ngo 0001,University at Buffalo,http://www.cse.buffalo.edu/~hungngo,srP2ANoAAAAJ
Hung Quang Ngo,University at Buffalo,http://www.cse.buffalo.edu/~hungngo,srP2ANoAAAAJ
Hung Son Nguyen,University of Warsaw,http://www.mimuw.edu.pl/~son,uJ3EK_cAAAAJ
Hung-Chang Du,University of Minnesota,http://www-users.cs.umn.edu/~du,NOSCHOLARPAGE
Hung-Chang Hsiao,National Cheng Kung University,http://www.csie.ncku.edu.tw/ncku_csie/depmember/teacherdetail/id/25,NOSCHOLARPAGE
Hung-Kuo Chu,National Tsing Hua University,http://cgv.cs.nthu.edu.tw/hkchu,XM4QrScAAAAJ
Hung-Min Sun,National Tsing Hua University,http://is.cs.nthu.edu.tw/wiki/doku.php?id=advisor:main,NOSCHOLARPAGE
Hung-Wei Tseng 0001,Univ. of California - Riverside,https://intra.engr.ucr.edu/~htseng,j-Lk39cAAAAJ
Hung-Yu Kao,National Cheng Kung University,http://www.csie.ncku.edu.tw/ncku_csie/depmember/teacherdetail/id/24,X5Is2lAAAAAj
Huosheng Hu,University of Essex,https://www.essex.ac.uk/people/huhuo40009/huosheng-hu,9GJ90xMAAAAJ
Hüseyin Koçak,University of Miami,http://www.math.miami.edu/~hk,zd9wUFYAAAAJ
Huseyin Levent Akin,Boğaziçi University,https://www.cmpe.boun.edu.tr/~akin,61aKNawAAAAJ
Husheng Li,University of Tennessee,http://web.eecs.utk.edu/~husheng,pM3wc_YAAAAJ
Hüsnü Yenigün,Sabancı University,http://people.sabanciuniv.edu/yenigun,VaDb-YYAAAAJ
Hussein M. Alnuweiri,Texas A&M at Qatar,https://www.qatar.tamu.edu/programs/ecen/faculty-and-staff/duplicate-of-dr.-patrick-linke,NOSCHOLARPAGE
Hussein Mouftah,University of Ottawa,http://www.site.uottawa.ca/~mouftah,33FmwbwAAAAJ
Hussein Suleman,University of Cape Town,http://www.husseinsspace.com,7efxJWkAAAAJ
Hussein T. Mouftah,University of Ottawa,http://www.site.uottawa.ca/~mouftah,33FmwbwAAAAJ
Huub H. C. Bakker,Massey University,http://www.massey.ac.nz/massey/expertise/profile.cfm?stref=944130,NOSCHOLARPAGE
Huub M. M. van de Wetering,TU Eindhoven,http://www.win.tue.nl/~wstahw,syCsFHkAAAAJ
Huub van de Wetering,TU Eindhoven,http://www.win.tue.nl/~wstahw,syCsFHkAAAAJ
Huy L. Nguyen,Northeastern University,https://www.ccis.northeastern.edu/people/huy-le-nguyen,MDCu0WEAAAAJ
Huy L. Nguyên,Northeastern University,https://www.ccis.northeastern.edu/people/huy-le-nguyen,MDCu0WEAAAAJ
Huy Le Nguyen,Northeastern University,https://www.ccis.northeastern.edu/people/huy-le-nguyen,MDCu0WEAAAAJ
Huy Phan,Queen Mary University of London,https://pquochuy.github.io,RegoACcAAAAJ
Huzefa Rangwala,George Mason University,https://cs.gmu.edu/~hrangwal,yWJ9BqEAAAAJ
Huzur Saran,IIT Delhi,http://www.cse.iitd.ernet.in/~saran,NOSCHOLARPAGE
Hwa-Chun Lin,National Tsing Hua University,http://alpha5.cs.nthu.edu.tw/labweb/advisor.html,NOSCHOLARPAGE
Hwangjun Song,POSTECH,http://mcnl.postech.ac.kr,3w4oYn8AAAAJ
Hwanjo Yu,POSTECH,http://hwanjoyu.org,LbrCa7EAAAAJ
Hwann-Tzong Chen,National Tsing Hua University,http://www.cs.nthu.edu.tw/~htchen,mwFy9kkAAAAJ
Hwee Pink Tan,Singapore Management University,https://sis.smu.edu.sg/faculty/profile/124066,uQfNXREAAAAJ
Hwee Tou Ng,National University of Singapore,https://www.comp.nus.edu.sg/~nght,FABZCeAAAAAJ
Hwee-Pink Tan,Singapore Management University,https://sis.smu.edu.sg/faculty/profile/124066,uQfNXREAAAAJ
HweeHwa Pang,Singapore Management University,http://www.mysmu.edu/faculty/hhpang,cqsXYlEAAAAJ
Hye-Chung (Monica) Kum,Texas A&M University,http://pinformatics.tamhsc.edu,Q1QxnqoAAAAJ
Hye-Chung Kum,Texas A&M University,http://pinformatics.tamhsc.edu,Q1QxnqoAAAAJ
Hye-Young Helen Paik,UNSW,http://www.cse.unsw.edu.au/~hpaik,JyyY5xw6AxgC
Hye-Young Paik,UNSW,http://www.cse.unsw.edu.au/~hpaik,JyyY5xw6AxgC
Hye-young Paik,UNSW,http://www.cse.unsw.edu.au/~hpaik,JyyY5xw6AxgC
Hyeoncheol Kim,Korea University,https://ini.korea.ac.kr/professor,NOSCHOLARPAGE
Hyeong-Ah Choi,George Washington University,https://www.seas.gwu.edu/~hchoi,NOSCHOLARPAGE
Hyeonsang Eom,Seoul National University,https://cse.snu.ac.kr/en/professor/hyeonsang-eom,XFX0mx0AAAAJ
Hyeran Byun,Yonsei University,http://cvpr.yonsei.ac.kr/member/index.jsp,F_NI-dcAAAAJ
Hyeran Jeon,Univ. of California - Merced,https://www.mocalab.org,WyJcBncAAAAJ
Hyesoon Kim,Georgia Institute of Technology,http://www.cc.gatech.edu/~hyesoon,7OvZhQIAAAAJ
Hyeyoung Park,Kyungpook National University,http://bclab.knu.ac.kr,rP8xQqYAAAAJ
Hyogon Kim,Korea University,https://widen.korea.ac.kr/wiki/index.php/%EA%B9%80%ED%9A%A8%EA%B3%A4,NOSCHOLARPAGE
Hyojin Sung,POSTECH,https://hsung.postech.ac.kr,lxBD94AAAAAJ
Hyoseung Kim,Univ. of California - Riverside,http://www.ece.ucr.edu/~hyoseung,eyrxuzsAAAAJ
Hyoung-Joo Kim,Seoul National University,http://idb.snu.ac.kr/index.php/Member:Hyoung-Joo_Kim,J93QCl0AAAAJ
Hyun Myung,KAIST,http://urobot.kaist.ac.kr/members/professor,NrWfJ1gAAAAJ
Hyun Oh Song,Seoul National University,http://ai.stanford.edu/~hsong,ScoZZPsAAAAJ
Hyun Seung Yang,KAIST,http://mind.kaist.ac.kr/professor.php,0cTDXWcAAAAJ
Hyun Soo Park,University of Minnesota,https://www-users.cs.umn.edu/~hspark,xiSdzEkAAAAJ
Hyung Jin Chang,University of Birmingham,https://www.birmingham.ac.uk/staff/profiles/computer-science/chang-jin-hyung.aspx,3TggrEkAAAAJ
Hyung-Chan An,Yonsei University,http://opt.yonsei.ac.kr/an,NOSCHOLARPAGE
Hyungon Moon,UNIST,http://hyungon.unist.ac.kr,lflZV8gAAAAJ
Hyungsoo Jung,Hanyang University,http://scslab.hanyang.ac.kr/index.php/members,TY1harsAAAAJ
Hyunguk Yoo,University of New Orleans,https://www.uno.edu/profile/faculty/hyunguk_yoo,M2nERckAAAAJ
Hyunjung Shim,Yonsei University,https://cvml.yonsei.ac.kr,KB5XZGIAAAAJ
Hyunsoo Yoon,KAIST,http://nslab.kaist.ac.kr/members_professor.htm,bmGTi6YAAAAJ
Hyunsook Do,University of North Texas,http://www.cse.unt.edu/~hdo,45vFd_0AAAAJ
Hywel T. P. Williams,University of Exeter,http://emps.exeter.ac.uk/computer-science/staff/htpw201,vARIotQAAAAJ
Hywel Thomas Parker Williams,University of Exeter,http://emps.exeter.ac.uk/computer-science/staff/htpw201,vARIotQAAAAJ
