name,affiliation,homepage,scholarid
I-Chen Lin,National Chiao Tung University,http://www.cs.nctu.edu.tw/~ichenlin,75SR4WgAAAAJ
I-Chen Wu,National Chiao Tung University,http://java.csie.nctu.edu.tw/~icwu,NOSCHOLARPAGE
I-Ling Yen,University of Texas at Dallas,http://www.utdallas.edu/~ilyen,NOSCHOLARPAGE
I-Ping Chu,DePaul University,https://www.cdm.depaul.edu/Faculty-and-Staff/Pages/faculty-info.aspx?fid=249,NOSCHOLARPAGE
I-Ting Angelina Lee,Washington University in St. Louis,http://www.cse.wustl.edu/~angelee,WRlzk3UAAAAJ
I. Emre Telatar,EPFL,https://people.epfl.ch/emre.telatar,8fiH7UkAAAAJ
I. J. Bate,University of York,https://www-users.cs.york.ac.uk/~ijb,dE_ooMIAAAAJ
I. V. Ramakrishnan,Stony Brook University,https://www.cs.stonybrook.edu/people/faculty/IVRamakrishnan,FgfwY_UAAAAJ
Iacopo Masi,Sapienza University of Rome,http://iacopomasi.github.io,t4zrDEAAAAAJ
Iadh Ounis,University of Glasgow,http://www.dcs.gla.ac.uk/~ounis,rKQMXOEAAAAJ
Iain A. Stewart,Durham University,https://www.dur.ac.uk/computer.science/staff/profile/?id=1151,pYwb1nMAAAAJ
Iain B. Styles,University of Birmingham,https://www.birmingham.ac.uk/staff/profiles/computer-science/academic-staff/styles-iain.aspx,iT28amUAAAAJ
Iain Bate,University of York,https://www-users.cs.york.ac.uk/~ijb,dE_ooMIAAAAJ
Iain C. C. Phillips,Imperial College London,http://www.imperial.ac.uk/collegedirectory/index.asp?PeopleID=941691,NOSCHOLARPAGE
Iain John Bate,University of York,https://www-users.cs.york.ac.uk/~ijb,dE_ooMIAAAAJ
Iain Martin,University of Dundee,https://www.computing.dundee.ac.uk/about/staff/17,NOSCHOLARPAGE
Iain Murray 0001,University of Edinburgh,http://homepages.inf.ed.ac.uk/imurray2,WfuoPHIAAAAJ
Iain Phillips,Imperial College London,http://www.imperial.ac.uk/collegedirectory/index.asp?PeopleID=941691,NOSCHOLARPAGE
Iain Phillips 0001,Imperial College London,http://www.imperial.ac.uk/collegedirectory/index.asp?PeopleID=941691,NOSCHOLARPAGE
Iain Phillips 0002,Loughborough University,https://www.lboro.ac.uk/departments/compsci/staff/academic-teaching/iain-phillips,vn5m6QgAAAAJ
Iain R. Murray,University of Dundee,http://staff.computing.dundee.ac.uk/irmurray,NOSCHOLARPAGE
Iain W. Phillips,Loughborough University,https://www.lboro.ac.uk/departments/compsci/staff/academic-teaching/iain-phillips,vn5m6QgAAAAJ
Iain William Phillips,Loughborough University,https://www.lboro.ac.uk/departments/compsci/staff/academic-teaching/iain-phillips,vn5m6QgAAAAJ
Iakovos S. Venieris,NTUA,http://www.icbnet.ntua.gr/website/el/people/~ivenieris,Q0ylKvEAAAAJ
Ian A. Kash,University of Illinois at Chicago,https://www.cs.uic.edu/k-Teacher/ian-kash-phd,CxIxSBEAAAAJ
Ian A. Simpson,University of Edinburgh,https://www.inf.ed.ac.uk/people/staff/Thomas_Simpson.html,rmKe2dYAAAAJ
Ian D. Blackman,Brunel University London,https://www.brunel.ac.uk/people/ian-blackman,nGWe75sAAAAJ
Ian D. Horswill,Northwestern University,http://www.cs.northwestern.edu/~ian,YZesz7sAAAAJ
Ian D. Reid 0001,University of Adelaide,https://cs.adelaide.edu.au/~ianr,ATkNLcQAAAAJ
Ian D. Watson,University of Auckland,https://www.cs.auckland.ac.nz/~ian,ojJQencAAAAJ
Ian Daly,University of Essex,https://www.essex.ac.uk/people/dalyi03400/ian-daly,N8POe8cAAAAJ
Ian David Bede Stark,University of Edinburgh,http://homepages.inf.ed.ac.uk/stark,NOSCHOLARPAGE
Ian David Reid,University of Adelaide,https://cs.adelaide.edu.au/~ianr,ATkNLcQAAAAJ
Ian Davidson,Univ. of California - Davis,http://www.cs.ucdavis.edu/~davidson,t3TMtqEAAAAJ
Ian Douglas Horswill,Northwestern University,http://www.cs.northwestern.edu/~ian,YZesz7sAAAAJ
Ian E. Pratt,University of Manchester,http://www.cs.man.ac.uk/~ipratt,M1xicaEAAAAJ
Ian G. Harris,Univ. of California - Irvine,http://www.ics.uci.edu/~harris,NpcLBDsAAAAJ
Ian Gent,University of St Andrews,http://ian.gent,ufUvmEAAAAJ
Ian Goldberg,University of Waterloo,https://cs.uwaterloo.ca/~iang,NOSCHOLARPAGE
Ian Gray,University of York,https://www-users.cs.york.ac.uk/~iang,HloK4CAAAAAJ
Ian H. Witten,University of Waikato,http://www.cs.waikato.ac.nz/~ihw,BSFdGw0AAAAJ
Ian Holyer,University of Bristol,https://www.cs.bris.ac.uk/~ian,NOSCHOLARPAGE
Ian Horrocks 0001,University of Oxford,http://www.cs.ox.ac.uk/ian.horrocks,0ypdmcYAAAAJ
Ian Horswill,Northwestern University,http://www.cs.northwestern.edu/~ian,YZesz7sAAAAJ
Ian J. Hayes,University of Queensland,http://researchers.uq.edu.au/researcher/211,fRdQiZcAAAAJ
Ian J. Taylor,Cardiff University,https://www.cardiff.ac.uk/people/view/118167-taylor-ian,JlqiAJkAAAAJ
Ian J. Wassell,University of Cambridge,https://www.cl.cam.ac.uk/research/dtg/www/people/ijw24,jHRJWk8AAAAJ
Ian James Wassell,University of Cambridge,https://www.cl.cam.ac.uk/research/dtg/www/people/ijw24,jHRJWk8AAAAJ
Ian M. Cooper,Cardiff University,https://www.cardiff.ac.uk/people/view/118123-cooper-ian,xaQYN0gAAAAJ
Ian M. Leslie,University of Cambridge,https://www.cl.cam.ac.uk/~iml1,NOSCHOLARPAGE
Ian M. Mitchell,University of British Columbia,https://www.cs.ubc.ca/~mitchell,bTG82acAAAAJ
Ian Mackie,University of Sussex,http://www.sussex.ac.uk/informatics/people/peoplelists/person/212026,NOSCHOLARPAGE
Ian McKillop,University of Waterloo,https://uwaterloo.ca/public-health-and-health-systems/people-profiles/ian-mckillop,NOSCHOLARPAGE
Ian McLoughlin 0001,University of Kent,http://kent.academia.edu/IanMcLoughlin,mcnKgPoAAAAJ
Ian McQuillan,University of Saskatchewan,https://www.cs.usask.ca/faculty/mcquillan,NOSCHOLARPAGE
Ian Miers,University of Maryland - College Park,https://www.cs.umd.edu/people/imiers,21kN_WsAAAAJ
Ian Mitchell,University of British Columbia,https://www.cs.ubc.ca/~mitchell,bTG82acAAAAJ
Ian Mitchell 0001,University of British Columbia,https://www.cs.ubc.ca/~mitchell,bTG82acAAAAJ
Ian Munro 0001,University of Waterloo,https://cs.uwaterloo.ca/~imunro,NOSCHOLARPAGE
Ian N. Davidson,Univ. of California - Davis,http://www.cs.ucdavis.edu/~davidson,t3TMtqEAAAAJ
Ian Parberry,University of North Texas,http://larc.unt.edu/ian,8ZpdXNcAAAAJ
Ian Pratt 0002,University of Manchester,http://www.cs.man.ac.uk/~ipratt,M1xicaEAAAAJ
Ian Pratt-Hartmann,University of Manchester,http://www.cs.man.ac.uk/~ipratt,M1xicaEAAAAJ
Ian Reid 0001,University of Adelaide,https://cs.adelaide.edu.au/~ianr,ATkNLcQAAAAJ
Ian Ruthven,University of Strathclyde,https://pureportal.strath.ac.uk/en/persons/ian-ruthven/publications,BAJlvioAAAAJ
Ian S. Welch,Victoria University of Wellington,http://ecs.victoria.ac.nz/Main/IanWelch,EBgB5LwAAAAJ
Ian Shawn Welch,Victoria University of Wellington,http://ecs.victoria.ac.nz/Main/IanWelch,EBgB5LwAAAAJ
Ian Stark,University of Edinburgh,http://homepages.inf.ed.ac.uk/stark,NOSCHOLARPAGE
Ian Stavness,University of Saskatchewan,https://www.cs.usask.ca/faculty/stavness,4ONh3jcAAAAJ
Ian T. Foster,University of Chicago,https://www.cs.uchicago.edu/directory/ian-foster,VGoSakQAAAAJ
Ian Utting,University of Kent,https://www.cs.kent.ac.uk/~iau,j32IMCEAAAAJ
Ian Vince McLoughlin,University of Kent,http://kent.academia.edu/IanMcLoughlin,mcnKgPoAAAAJ
Ian Wakeman,University of Sussex,http://www.sussex.ac.uk/informatics/people/peoplelists/person/10651,NXsakW8AAAAJ
Ian Warren,University of Auckland,https://www.cs.auckland.ac.nz/people/i-warren,X12wTvkAAAAJ
Ian Welch,Victoria University of Wellington,http://ecs.victoria.ac.nz/Main/IanWelch,EBgB5LwAAAAJ
Iasonas Polakis,University of Illinois at Chicago,https://www.cs.uic.edu/~polakis,OgJKomcAAAAJ
Iberia Medeiros,Universidade de Lisboa,https://ciencias.ulisboa.pt/perfil/ivmedeiros,bRMCeKYAAAAJ
Ibéria Medeiros,Universidade de Lisboa,https://ciencias.ulisboa.pt/perfil/ivmedeiros,bRMCeKYAAAAJ
Ibrahim Abe M. Elfadel,Masdar Institute,https://www.masdar.ac.ae/aboutus/management/faculty-directory/item/5680-ibrahim-elfadel,NOSCHOLARPAGE
Ibrahim Al-Bahadly,Massey University,http://www.massey.ac.nz/massey/expertise/profile.cfm?stref=576330,NOSCHOLARPAGE
Ibrahim C. Abou-Faycal,American University of Beirut,https://www.aub.edu.lb/fea/publicprofile/Pages/profile.aspx?memberid=ia14,EwLgoU8AAAAJ
Ibrahim H. Al-Bahadly,Massey University,http://www.massey.ac.nz/massey/expertise/profile.cfm?stref=576330,NOSCHOLARPAGE
Ibrahim Habli,University of York,https://www-users.cs.york.ac.uk/~ihabli,U9j-FS8AAAAJ
Ibrahim Issa,American University of Beirut,http://www.aub.edu.lb/pages/profile.aspx?memberId=ii19,6odfSA4AAAAJ
Ibrahim Khalil,RMIT University,https://www.rmit.edu.au/contact/staff-contacts/academic-staff/k/khalil-associate-professor-ibrahim,0FxVbCIAAAAJ
Ibrahim Korpeoglu,Bilkent University,http://www.cs.bilkent.edu.tr/~korpe/homepage/index.html,A_uOnx4AAAAJ
Ibrahim Körpeoglu,Bilkent University,http://www.cs.bilkent.edu.tr/~korpe/homepage/index.html,A_uOnx4AAAAJ
Ibrahim M. Elfadel,Masdar Institute,https://www.masdar.ac.ae/aboutus/management/faculty-directory/item/5680-ibrahim-elfadel,NOSCHOLARPAGE
Ibrahim Matta,Boston University,https://sites.bu.edu/matta,_mj1-BQAAAAJ
Ibrahim N. Imam,University of Louisville,http://louisville.edu/speed/computer/personnel/faculty,NOSCHOLARPAGE
Ibrahim Numanagic,University of Victoria,https://saray.ca/~ibrahim,te8YRSAAAAAJ
Ichiro Suzuki,University of Wisconsin - Milwaukee,https://uwm.edu/engineering/people/suzuki-ph-d-ichiro,NOSCHOLARPAGE
Ida M. Pu,Goldsmiths University of London,https://www.gold.ac.uk/computing/staff/i-pu,c4FR26sAAAAJ
Ida-Maria Sintorn,Uppsala University,https://katalog.uu.se/empinfo/?id=N0-606,doRx5U0AAAAJ
Iddo Tzameret,Imperial College London,https://www.doc.ic.ac.uk/~itzamere,NOSCHOLARPAGE
Idit Keidar,Technion,http://webee.technion.ac.il/~idish,dH_bwg8AAAAJ
Ido Dagan,Bar-Ilan University,http://u.cs.biu.ac.il/~dagan,YzGAGtoAAAAJ
Ido Tal,Technion,http://webee.technion.ac.il/people/idotal,PgfGXw4AAAAJ
Idris Skloul Ibrahim,Heriot-Watt University,https://www.hw.ac.uk/staff/uk/macs/idris-ibrahim.htm,NOSCHOLARPAGE
Ifat Yasin,University College London,http://www.cs.ucl.ac.uk/cs_people/I.Yasin.html,NOSCHOLARPAGE
Ifeoma Nwogu,University at Buffalo,https://cubs.buffalo.edu/~inwogu,pCOmTY0AAAAJ
Iftach Haitner,Tel Aviv University,http://www.cs.tau.ac.il/~iftachh,EdV8gVgAAAAJ
Iftekhar Ahmed 0001,Univ. of California - Irvine,https://www.ics.uci.edu/~iftekha,_TdMD7sAAAAJ
Ignacio Cascudo,IMDEA Software Institute,http://software.imdea.org/~ignacio.cascudo,rOOEx5cAAAAJ
Ignacio Cascudo Pueyo,IMDEA Software Institute,http://software.imdea.org/~ignacio.cascudo,rOOEx5cAAAAJ
Ignaz Rutter,TU Eindhoven,http://i11www.iti.uni-karlsruhe.de/members/ignaz_rutter,BXLsurkAAAAJ
Igor A. Semaev,University of Bergen,https://www.uib.no/en/persons/Igor.A..Semaev,NOSCHOLARPAGE
Igor Carboni Oliveira,University of Warwick,https://warwick.ac.uk/fac/sci/dcs/people/igor_carboni_oliveira,aaGW2qwAAAAJ
Igor Fabio Steinmacher,Northern Arizona University,http://www.igor.pro.br,I8o8rfoAAAAJ
Igor Goryanin,University of Edinburgh,https://www.inf.ed.ac.uk/people/staff/Igor_Goryanin.html,E-duT6oAAAAJ
Igor Gilitschenski,University of Toronto,https://www.gilitschenski.org/igor/,Nuw1Y4oAAAAJ
Igor L. Markov,University of Michigan,http://web.eecs.umich.edu/~imarkov,CHIZtZAAAAAJ
Igor M. Moraes,UFF,http://www2.ic.uff.br/~igor,zFaRYScAAAAJ
Igor Melatti,Sapienza University of Rome,http://wwwusers.di.uniroma1.it/~melatti,mehmJloAAAAJ
Igor Monteiro Moraes,UFF,http://www2.ic.uff.br/~igor,zFaRYScAAAAJ
Igor Pivkin,Università della Svizzera italiana,http://search.usi.ch/people/69388d464acadfb430a54e28f2c46a7c/Pivkin-Igor,WBeoafIAAAAJ
Igor Potapov,University of Liverpool,http://www.csc.liv.ac.uk/~igor,zdGjSYAAAAAJ
Igor Razgon,Birkbeck University of London,https://www.dcs.bbk.ac.uk/about/people/academic-staff/igor,SR_OhscAAAAJ
Igor Shinkar,Simon Fraser University,https://www.cs.sfu.ca/~ishinkar,NL4V2GMAAAAJ
Igor Steinmacher,Northern Arizona University,http://www.igor.pro.br,I8o8rfoAAAAJ
Igor V. Pivkin,Università della Svizzera italiana,http://search.usi.ch/people/69388d464acadfb430a54e28f2c46a7c/Pivkin-Igor,WBeoafIAAAAJ
Ihab F. Ilyas,University of Waterloo,https://cs.uwaterloo.ca/~ilyas,YG6mTEIAAAAJ
Ihab Francis Ilyas,University of Waterloo,https://cs.uwaterloo.ca/~ilyas,YG6mTEIAAAAJ
Ihsan Ayyub Qazi,LUMS,http://web.lums.edu.pk/~ihsan,lVzlcmUAAAAJ
Ikkaku Kawaguchi,University of Tsukuba,https://sites.google.com/view/ikkakukawaguchi/e-home,NOSCHOLARPAGE
Ikushi Yoda,University of Tsukuba,https://staff.aist.go.jp/i-yoda,NOSCHOLARPAGE
Il Kon Kim,Kyungpook National University,http://www.ihis.or.kr,aCgpEqcAAAAJ
IL-Chul Moon,KAIST,https://aai.kaist.ac.kr,23AxIc0AAAAJ
Ilan Komargodski,Hebrew University of Jerusalem,https://www.cs.huji.ac.il/~ilank,WYTugmIAAAAJ
Ilan Newman,University of Haifa,http://cs.haifa.ac.il/~ilan,dxWoV3UAAAAJ
Ilario Filippini,Politecnico di Milano,http://home.deib.polimi.it/filippini,spXlyVwAAAAJ
Ilia Polian,University of Stuttgart,http://www.iti.uni-stuttgart.de/en/institute-of-computer-architecture-and-computer-engineering.html,LKDRgp0AAAAJ
Ilias Diakonikolas,University of Wisconsin - Madison,http://www.iliasdiakonikolas.org,Vb3FLmkAAAAJ
Ilias G. Maglogiannis,University of Piraeus,https://www.ds.unipi.gr/en/faculty/imaglo-en,RXF4kxsAAAAJ
Ilias Maglogiannis,University of Piraeus,https://www.ds.unipi.gr/en/faculty/imaglo-en,RXF4kxsAAAAJ
Ilias Manolakos,University of Athens,http://gain.di.uoa.gr/index.php/the-group-members/faculty-members/manolakos,NOSCHOLARPAGE
Ilias Tagkopoulos,Univ. of California - Davis,http://faculty.engineering.ucdavis.edu/tagkopoulos,CG36zWQAAAAJ
Ilir Gashi,City University of London,https://www.city.ac.uk/people/academics/ilir-gashi,o4VyaRkAAAAJ
Ilkka Niemelä,Aalto University,http://users.ics.aalto.fi/~ini,NOSCHOLARPAGE
Ilkyeun Ra,University of Colorado - Denver,http://www.ucdenver.edu/academics/colleges/Engineering/Programs/Computer-Science-and-Engineering/faculty/Pages/IlkyeunRa.aspx,NOSCHOLARPAGE
Illah R. Nourbakhsh,Carnegie Mellon University,http://www.cs.cmu.edu/~illah,S4cEObAAAAAJ
Illah Reza Nourbakhsh,Carnegie Mellon University,http://www.cs.cmu.edu/~illah,S4cEObAAAAAJ
Illia Horenko,Università della Svizzera italiana,http://search.usi.ch/persone/24aa5ca1ebaddc9caddd95eacc8249bf/Horenko-Illia,nkpzW44AAAAJ
Iluju Kiringa,University of Ottawa,http://www.site.uottawa.ca/~kiringa,Ol4VIjMAAAAJ
Ilwoo Lyu,UNIST,https://ilwoolyu.github.io,_SRDWx8AAAAJ
Ilya Markov,University of Amsterdam,https://staff.fnwi.uva.nl/i.markov,4ztJyswAAAAJ
Ilya Safro,University of Delaware,https://www.eecis.udel.edu/~isafro,QYesEdIAAAAJ
Ilya Sergey,National University of Singapore,https://www.yale-nus.edu.sg/about/faculty/ilya-sergey,oCIeffUAAAAJ
Ilya Volkovich,Boston College,https://sites.google.com/site/ilyavv,Xd6_27cAAAAJ
Ilyas Cicekli,Hacettepe University,https://web.cs.hacettepe.edu.tr/~ilyas,Q1tqCDQAAAAJ
Ilyas Çiçekli,Hacettepe University,https://web.cs.hacettepe.edu.tr/~ilyas,Q1tqCDQAAAAJ
Imad Elhajj,American University of Beirut,http://www.aub.edu.lb/~ie05,GtBBM68AAAAJ
Imad H. Elhajj,American University of Beirut,http://www.aub.edu.lb/~ie05,GtBBM68AAAAJ
Imad Salah,University of Jordan,http://ju.edu.jo/Lists/Administrators/Disp_form.aspx?ID=15,n9ETArsAAAAJ
Imadeldin Mahgoub,Florida Atlantic University,http://www.eng.fau.edu/directory/faculty/mahgoub,NOSCHOLARPAGE
Iman AlMomani,University of Jordan,https://www.facebook.com/public/Iman-Almomani/school/University-of-Jordan-103146266391742,dj0SNHAAAAAJ
Imani N. Sherman,Univ. of California - San Diego,https://www.cise.ufl.edu/~isherman,LKa7Qs0AAAAJ
Imani Sherman,Univ. of California - San Diego,https://www.cise.ufl.edu/~isherman,LKa7Qs0AAAAJ
Imdadullah Khan,LUMS,https://lums.edu.pk/lums_employee/4100,aMwi6UwAAAAJ
Imed Hammouda,Chalmers/GU,https://www.chalmers.se/en/staff/Pages/Imed-Hammouda.aspx,NOSCHOLARPAGE
Imed Zaguia,Royal Military College of Canada,https://www.rmc-cmr.ca/en/mathematics-and-computer-science/dr-imed-zaguia,_Wq_v0oAAAAJ
Immanuel Trummer,Cornell University,http://as.cornell.edu/immanuel-trummer,FJ7im7AAAAAJ
Imran Ahmad 0001,University of Windsor,http://www.uwindsor.ca/science/computerscience/1064/dr-imran-ahmad,z7zGYkwAAAAJ
Imran Shafiq Ahmad,University of Windsor,http://www.uwindsor.ca/science/computerscience/1064/dr-imran-ahmad,z7zGYkwAAAAJ
Imre Risi Kondor,University of Chicago,http://people.cs.uchicago.edu/~risi,v12-jLUAAAAJ
Imtiaz Hussain Khan,King Abdulaziz University,http://www.kau.edu.sa/Contacts.aspx?Site_ID=61117&Lng=EN&Cont=19678,RDj7uSYAAAAJ
In So Kweon,KAIST,http://rcv.kaist.ac.kr/v2/bbs/member_detail.php?mb_id=%20iskweon,XA8EOlEAAAAJ
In-Kwon Lee,Yonsei University,http://cga.yonsei.ac.kr/people/iklee,4id34ogAAAAJ
In-So Kweon,KAIST,http://rcv.kaist.ac.kr/v2/bbs/member_detail.php?mb_id=%20iskweon,XA8EOlEAAAAJ
In-Young Ko,KAIST,http://bigbear.kaist.ac.kr/~iko,qf6c5k4AAAAJ
Ina Fiterau,University of Massachusetts Amherst,https://people.cs.umass.edu/~mfiterau,NTHsaUQAAAAJ
Ina Koch,Goethe University Frankfurt,https://www.bioinformatik.de/de/bioinformatik-in-deutschland/forschung/arbeitsgruppen/260-prof-dr-ina-koch-molecular-bioinformatics,cRzjNyIAAAAJ
Ina Schaefer,TU Braunschweig,https://www.tu-braunschweig.de/isf/team/schaefer,odzaci8AAAAJ
Ina Schäfer,TU Braunschweig,https://www.tu-braunschweig.de/isf/team/schaefer,odzaci8AAAAJ
Ina Schieferdecker,TU Berlin,https://www.eecs.tu-berlin.de/menue/einrichtungen/professuren/professorinnen/schieferdecker,-WDSZfEAAAAJ
Inah Omoronyia,University of Glasgow,http://www.dcs.gla.ac.uk/~inah,BWgdh1wAAAAJ
Inald Lagendijk,TU Delft,https://www.tudelft.nl/ewi/over-de-faculteit/afdelingen/intelligent-systems/people/profdrir-rl-inald-lagendijk,nFYok08AAAAJ
Indrajit Ray,Colorado State University,http://www.cs.colostate.edu/~indrajit,blFs68UAAAAJ
Indrakshi Ray,Colorado State University,http://www.cs.colostate.edu/~iray,7G5G9mkAAAAJ
Indranil Gupta,Univ. of Illinois at Urbana-Champaign,http://indy.cs.illinois.edu,Waaj7a8AAAAJ
Indranil Saha,IIT Kanpur,http://cse.iitk.ac.in/users/isaha,2-juveEAAAAJ
Indranil Sengupta 0001,IIT Kharagpur,http://www.facweb.iitkgp.ac.in/~isg,1IIL5HUAAAAJ
Indre Zliobaite,University of Helsinki,https://www.zliobaite.com,yyXBot4AAAAJ
Indrė Žliobaitė,University of Helsinki,https://www.zliobaite.com,yyXBot4AAAAJ
Inês Lynce,Universidade de Lisboa,https://fenix.tecnico.ulisboa.pt/homepage/ist14029,uvgyhBMAAAAJ
Ing-Chao Lin,National Cheng Kung University,http://www.csie.ncku.edu.tw/ncku_csie/depmember/teacherdetail/id/31,NOSCHOLARPAGE
Ing-Ray Chen,Virginia Tech,http://people.cs.vt.edu/~irchen,UdangLEAAAAJ
Inge Jonassen,University of Bergen,http://www.ii.uib.no/~inge,NOSCHOLARPAGE
Inge Li Gørtz,DTU,https://www.compute.dtu.dk/english,NOSCHOLARPAGE
Ingela Nyström,Uppsala University,http://www.cb.uu.se/~ingela,NOSCHOLARPAGE
Ingemar J. Cox,University College London,http://mediafutures.cs.ucl.ac.uk/people/IngemarCox,b88nUpYAAAAJ
Ingemar Johansson Cox,University College London,http://mediafutures.cs.ucl.ac.uk/people/IngemarCox,b88nUpYAAAAJ
Ingo J. Timm,University of Trier,https://www.uni-trier.de/index.php?id=35358,Ui6-EXQAAAAJ
Ingo Schmitt,Brandenburg University of Technology,https://www.b-tu.de/fg-dbis/team/professor,NOSCHOLARPAGE
Ingo Scholtes,University of Würzburg,https://www.informatik.uni-wuerzburg.de/ml4nets/team/prof-dr-ingo-scholtes,pouriVsAAAAJ
Ingo Steinwart,University of Stuttgart,https://www.isa.uni-stuttgart.de/institut/team/Steinwart-00002,zFuwHeAAAAAJ
Ingo M. Weber,TU Berlin,https://www.sbe.tu-berlin.de/menue/team/prof_dr_ingo_weber/parameter/en/,uZP6cXwAAAAJ
Ingo Weber,TU Berlin,https://www.sbe.tu-berlin.de/menue/team/prof_dr_ingo_weber/parameter/en/,uZP6cXwAAAAJ
Ingolf H. Krüger,Univ. of California - San Diego,http://jacobsschool.ucsd.edu/faculty/faculty_bios/index.sfe?fmp_recid=199,NOSCHOLARPAGE
Ingolf Krueger,Univ. of California - San Diego,http://jacobsschool.ucsd.edu/faculty/faculty_bios/index.sfe?fmp_recid=199,NOSCHOLARPAGE
Ingolf Krüger,Univ. of California - San Diego,http://jacobsschool.ucsd.edu/faculty/faculty_bios/index.sfe?fmp_recid=199,NOSCHOLARPAGE
Ingrid B. Carlbom,Uppsala University,https://katalog.uu.se/empinfo/?id=N8-1286,NOSCHOLARPAGE
Ingrid Carlbom,Uppsala University,https://katalog.uu.se/empinfo/?id=N8-1286,NOSCHOLARPAGE
Ingrid M. R. Verbauwhede,KU Leuven,https://homes.esat.kuleuven.be/~iverbauw,ZyG1ZGgAAAAJ
Ingrid Nunes,UFRGS,http://inf.ufrgs.br/~ingridnunes,-mWs334AAAAJ
Ingrid Schirmer,University of Hamburg,https://www.inf.uni-hamburg.de/de/inst/ab/itg/people/schirmer.html,NOSCHOLARPAGE
Ingrid Verbauwhede,KU Leuven,https://homes.esat.kuleuven.be/~iverbauw,ZyG1ZGgAAAAJ
Ingrid Wetzel,University of Hamburg,https://www.inf.uni-hamburg.de/de/inst/ab/itg/people/schirmer.html,NOSCHOLARPAGE
Ingrid Zukerman,Monash University,http://users.monash.edu/~ingrid,DFyOHW4AAAAJ
Inhwan Lee,Hanyang University,http://csl.hanyang.ac.kr,NOSCHOLARPAGE
Inkyoung Hur,Nova Southeastern University,https://cec.nova.edu/faculty/Hur-Inkyoung.html,NOSCHOLARPAGE
Inmaculada Arnedillo Sánchez,Trinity College Dublin,https://www.tcd.ie/research/profiles/?profile=arnedii,Kcsk9CoAAAAJ
Inna Partin-Vaisband,University of Illinois at Chicago,https://ece.uic.edu/profiles/inna-partin-vaisband-phd/,visXuWkAAAAJ
Inna Pivkina,New Mexico State University,http://www.cs.nmsu.edu/~ipivkina,wYZOUb4AAAAJ
Inna V. Pivkina,New Mexico State University,http://www.cs.nmsu.edu/~ipivkina,wYZOUb4AAAAJ
Inseok Hwang 0001,POSTECH,https://www.inseokhwang.com,XNH0fY8AAAAJ
Insik Shin,KAIST,http://cps.kaist.ac.kr/~ishin,FE04Zl8AAAAJ
Inso Kweon,KAIST,http://rcv.kaist.ac.kr/v2/bbs/member_detail.php?mb_id=%20iskweon,XA8EOlEAAAAJ
Insu Yun,KAIST,https://insuyun.github.io,EzRLWOkAAAAJ
Insup Lee,University of Pennsylvania,http://www.cis.upenn.edu/~lee,kBGGEjUAAAAJ
Inuk Jung,Kyungpook National University,http://cobi.knu.ac.kr,zVRA_KsAAAAJ
Inwhee Joe,Hanyang University,http://wm.hanyang.ac.kr/xe/professor,NOSCHOLARPAGE
Ioan Marius Bilasco,CRIStAL,http://cristal.univ-lille.fr/~bilasco,jNBdRCsAAAAJ
Ioan Raicu,Illinois Institute of Technology,https://science.iit.edu/people/faculty/ioan-raicu,jE73HYAAAAAJ
Ioan Tabus,Tampere University,https://www.tuni.fi/en/ioan-tabus,aUBNFxwAAAAJ
Ioana Banicescu,Mississippi State University,http://web.cse.msstate.edu/~ioana,NOSCHOLARPAGE
Ioana Boureanu,University of Surrey,http://people.itcarlson.com/ioana,yQu36nIAAAAJ
Ioanis Nikolaidis,University of Alberta,http://webdocs.cs.ualberta.ca/~yannis,NOSCHOLARPAGE
Ioanna Dionysiou,University of Nicosia,https://www.unic.ac.cy/dionysiou-ioanna,y4r4bGEAAAAJ
Ioanna Iacovides,University of York,https://www-users.york.ac.uk/~ii560,LuBaasYAAAAJ
Ioanna Lykourentzou,Utrecht University,https://lykourentzou.com,m8s9xh8AAAAJ
Ioanna Roussaki,NTUA,http://people.cn.ntua.gr/ioanna/index.html,MIaDIWQAAAAJ
Ioannis A. Kakadiaris,University of Houston,http://cbl.uh.edu/pages/aboutcbl/dr_kakadiaris_biography,36SCzI0AAAAJ
Ioannis A. Maniatis,University of Piraeus,https://www.ds.unipi.gr/en/faculty/maniatis-en,NOSCHOLARPAGE
Ioannis Caragiannis,Aarhus University,https://cs.au.dk/~iannis/,FSIQi4IAAAAJ
Ioannis Chatzigeorgiou,Lancaster University,https://www.lancaster.ac.uk/scc/about-us/people/ioannis-chatzigeorgiou,FQWAqR8AAAAJ
Ioannis Chatzigiannakis,Sapienza University of Rome,http://ichatz.me/index.php/Site/Home,btwQihYAAAAJ
Ioannis E. Venetis,University of Piraeus,https://www.unipi.gr/unipi/en,jKvimFYAAAAJ
Ioannis Emiris,University of Athens,http://cgi.di.uoa.gr/~emiris/index-eng.html,ZK6y-cIAAAAJ
Ioannis Fudos,University of Ioannina,https://cs.uoi.gr/~fudos,sx3Y4NsAAAAJ
Ioannis G. Tollis,University of Crete,https://www.csd.uoc.gr/CSD/index.jsp?custom=ioannis_tollis,KmWfVqoAAAAJ
Ioannis Georgiou Katakis,University of Nicosia,https://www.unic.ac.cy/katakis-ioannis,w6e_NjcAAAAJ
Ioannis Gkioulekas,Carnegie Mellon University,http://ri.cmu.edu/ri-faculty/ioannis-gkioulekas,yqt5PeEAAAAJ
Ioannis Karamouzas,Clemson University,https://people.cs.clemson.edu/~ioannis,WDv3eyUAAAAJ
Ioannis Katakis,University of Nicosia,https://www.unic.ac.cy/katakis-ioannis,w6e_NjcAAAAJ
Ioannis Konstas,Heriot-Watt University,https://www.hw.ac.uk/staff/uk/macs/ioannis-konstas.htm,FAJSqSkjAoIC
Ioannis Kontoyiannis,AUEB,http://pages.cs.aueb.gr/~yiannisk,K7lsKjcAAAAJ
Ioannis Koutis,NJIT,https://web.njit.edu/~ikoutis,ONXC8_gAAAAJ
Ioannis M. Rekleitis,University of South Carolina,http://www.cse.sc.edu/~yiannisr,KjfpioYAAAAJ
Ioannis Milis,AUEB,https://uregister-ldap.aueb.gr/en/faculty/milis-ioannis,CS8EIi0AAAAJ
Ioannis Mitliagkas,University of Montreal,http://mitliagkas.github.io,K757SxgAAAAJ
Ioannis P. Ivrissimtzis,Durham University,https://www.dur.ac.uk/computer.science/staff/profile/?id=4507,7FuCYU0AAAAJ
Ioannis Panagakis,Middlesex University,https://www.mdx.ac.uk/about-us/our-people/staff-directory/profile/panagakis-yannis,z1bkjU8AAAAJ
Ioannis Panageas,Univ. of California - Irvine,https://panageas.github.io,5NiFWuwAAAAJ
Ioannis Patras,Queen Mary University of London,http://www.eecs.qmul.ac.uk/~ioannisp,OBYLxRkAAAAJ
Ioannis Pavlidis,University of Houston,http://www.cpl.uh.edu/people/ioannis_pavlidis,E3oBkwwAAAAJ
Ioannis Psarras,NTUA,https://www.ece.ntua.gr/en/staff/65,AMoT_2wAAAAJ
Ioannis Sourdis,Chalmers/GU,https://www.chalmers.se/en/staff/Pages/sourdis.aspx,jh2vubkAAAAJ
Ioannis Stamos,CUNY,http://www.cs.hunter.cuny.edu/~ioannis,ENLTjooAAAAJ
Ioannis Stavrakakis,University of Athens,http://cgi.di.uoa.gr/~istavrak,NOSCHOLARPAGE
Ioannis T. Pavlidis,University of Houston,http://www.cpl.uh.edu/people/ioannis_pavlidis,E3oBkwwAAAAJ
Ioannis Tasoulas,University of Piraeus,https://www.unipi.gr/unipi/en/jtas.html,4ST8aRUAAAAJ
Ioannis Tollis,University of Crete,https://www.csd.uoc.gr/CSD/index.jsp?custom=ioannis_tollis,KmWfVqoAAAAJ
Ioannis Tsamardinos,University of Crete,http://mensxmachina.org/en,7fendUwAAAAJ
Ion Androutsopoulos,AUEB,http://www.aueb.gr/users/ion,4UJm5EQAAAAJ
Ion Barosan,TU Eindhoven,https://www.tue.nl/en/university/departments/mathematics-and-computer-science/the-department/staff/detail/ep/e/d/ep-uid/19920355,NOSCHOLARPAGE
Ion I. Mandoiu,University of Connecticut,http://www.engr.uconn.edu/~ion,0FAQfO4AAAAJ
Ion Stoica,Univ. of California - Berkeley,http://www.cs.berkeley.edu/~istoica,vN-is70AAAAJ
Ionut Cardei,Florida Atlantic University,http://www.cse.fau.edu/~icardei/index.html,6MZuZB4AAAAJ
Iordanis Kavathatzopoulos,Uppsala University,http://www.it.uu.se/katalog/iordanis,NOSCHOLARPAGE
Iordanis Koutsopoulos,AUEB,http://www.cs.aueb.gr/~jordan,Bq_GqyIAAAAJ
Iovka Boneva,CRIStAL,https://pro.univ-lille.fr/iovka-boneva,ZxXztaAAAAAJ
Ipek Oguz,Vanderbilt University,https://engineering.vanderbilt.edu/bio/ipek-oguz,oHJIjVwAAAAJ
Iqbal Gondal,RMIT University,https://www.rmit.edu.au/contact/staff-contacts/academic-staff/g/gondal---iqbal,BqlvfY4AAAAJ
Ira Assent,Aarhus University,https://pure.au.dk/portal/en/persons/ira-assent(012c1c28-bfa9-4107-bd8f-97dae008b06d).html,w2n5LhUAAAAJ
Ira B. Greenberg,Southern Methodist University,https://www.smu.edu/Lyle/Departments/CSE/People/Faculty/GreenbergIra,NOSCHOLARPAGE
Ira Diethelm,University of Oldenburg,https://uol.de/ddi/personen/prof-dr-ira-diethelm,NOSCHOLARPAGE
Ira Kemelmacher,University of Washington,http://homes.cs.washington.edu/~kemelmi,P97vI1EAAAAJ
Ira Kemelmacher-Shlizerman,University of Washington,http://homes.cs.washington.edu/~kemelmi,P97vI1EAAAAJ
Irad Yavneh,Technion,http://www.cs.technion.ac.il/people/irad,NOSCHOLARPAGE
Iraklis Tsekourakis,Stevens Institute of Technology,http://personal.stevens.edu/~itsekour,iPeLAOEAAAAJ
Irena Kolar,Middlesex University,http://www.cs.mdx.ac.uk/people/irena-kolar,NOSCHOLARPAGE
Irena Koprinska,University of Sydney,http://www.it.usyd.edu.au/~ikop0282,hUkXZXQAAAAJ
Irena Penev,Charles University,https://iuuk.mff.cuni.cz/~ipenev,NOSCHOLARPAGE
Irena Spasic,Cardiff University,https://www.cardiff.ac.uk/people/view/118164-spasic-irena,UoSHrWcAAAAJ
Irene Amerini,Sapienza University of Rome,http://www.diag.uniroma1.it/users/irene%20amerini,4ZDhr6UAAAAJ
Irene Kotsia,Middlesex University,https://www.mdx.ac.uk/about-us/our-people/staff-directory/profile/kotsia-irene,RwDV2kAAAAAJ
Irene Loiseau,University of Buenos Aires,https://www.dc.uba.ar/People/loiseau,NOSCHOLARPAGE
Irene Ntoutsi,Freie Universitaet Berlin,https://www.mi.fu-berlin.de/inf/groups/ag-KIML/members/Professoren/Ntoutsi.html,RdA9uxYAAAAJ
Irfan A. Essa,Georgia Institute of Technology,http://prof.irfanessa.com,XM97iScAAAAJ
Irfan Ahmed,Virginia Commonwealth University,http://www.people.vcu.edu/~iahmed3,JXrXUC4AAAAJ
Irina Gladkova,CUNY,http://www-cs.ccny.cuny.edu/~csivg,gistCekAAAAJ
Irina Rish,University of Montreal,https://sites.google.com/site/irinarish,Avse5gIAAAAJ
Irina Shklovski,University of Copenhagen,http://miswritings.org,ufIlFCIAAAAJ
Irina V. Biktasheva,University of Liverpool,https://www.csc.liv.ac.uk/~ivb,LE5QNgYAAAAJ
Irina Voiculescu,University of Oxford,http://www.cs.ox.ac.uk/people/irina.voiculescu,NOSCHOLARPAGE
Iris Groher,JKU Linz,https://www.se.jku.at/iris-groher,7I1zR48AAAAJ
Irwin King,Chinese University of Hong Kong,https://www.cse.cuhk.edu.hk/irwin.king,MXvC7tkAAAAJ
Iryna Gurevych,TU Darmstadt,https://www.ukp.tu-darmstadt.de/people/group-heads/prof-dr-iryna-gurevych,t3A39e8AAAAJ
Isaac Balbin,RMIT University,https://www.rmit.edu.au/contact/staff-contacts/academic-staff/b/balbin-associate-professor-isaac,YCMaqMYAAAAJ
Isaac Cho,Utah State University,https://cs.usu.edu/people/Isaac-cho,Kd9XSZEAAAAJ
Isaac D. Scherson,Univ. of California - Irvine,http://www.ics.uci.edu/~isaac,szsAigoAAAAJ
Isaac Keslassy,Technion,http://webee.technion.ac.il/~isaac,FEe2JTEAAAAJ
Isaac Lagaris,University of Ioannina,https://cs.uoi.gr/~lagaris,I7VicCIAAAAJ
Isaac Triguero,University of Nottingham,https://www.nottingham.ac.uk/computerscience/people/i.triguerovelazquez,KogUP4YAAAAJ
Isaac Woungang,Ryerson University,https://www.scs.ryerson.ca/~iwoungan,NOSCHOLARPAGE
Isabel C. Teixeira,Universidade de Lisboa,https://ciencias.ulisboa.pt/en/perfil/sacmadeira,GuI5uHoAAAAJ
Isabel Harb Manssour,PUC-RS,http://www.inf.pucrs.br/~manssour,Fgas70kAAAAJ
Isabel Maria Cacho Teixeira,Universidade de Lisboa,https://ciencias.ulisboa.pt/en/perfil/sacmadeira,GuI5uHoAAAAJ
Isabel Méndez-Díaz,University of Buenos Aires,https://www.dc.uba.ar/rrhh/profesores/mendezdiaz,NOSCHOLARPAGE
Isabel Nunes,Universidade de Lisboa,https://ciencias.ulisboa.pt/perfil/minunes,CLnZIEQAAAAJ
Isabel Rosseti,UFF,http://www2.ic.uff.br/~rosseti,PEyGjwsAAAAJ
Isabel Trancoso,Universidade de Lisboa,https://www.l2f.inesc-id.pt/wiki/index.php/Isabel_Trancoso,Auzu_DcAAAAJ
Isabel Valera,Saarland University,https://ivaleram.github.io,cpdQqpsAAAAJ
Isabella Peters,University of Kiel,https://www.ws.informatik.uni-kiel.de/de/team/prof.-dr.-isabella-peters,VRJcHbQAAAAJ
Isabelle Augenstein,University of Copenhagen,http://isabelleaugenstein.github.io,DjJp0dcAAAAJ
Isambo Karali,University of Athens,http://cgi.di.uoa.gr/~izambo/ENG.html,SYqu73cAAAAJ
Isao Ono,Tokyo Institute of Technology,http://www.ic.dis.titech.ac.jp/main/doku.php,NOSCHOLARPAGE
Isao Shimoyama,University of Tokyo,http://www.leopard.t.u-tokyo.ac.jp/intro.html,NOSCHOLARPAGE
Ishbel Duncan,University of St Andrews,https://ishbel.host.cs.st-andrews.ac.uk,xQX91TcAAAAJ
Ishfaq Ahmad,University of Texas at Arlington,http://ranger.uta.edu/~iahmad,DPpfFp4AAAAJ
Ishwar K. Sethi,Oakland University,https://oakland.edu/secs/directory/sethi,IlOVZVwAAAAJ
Ishwar Krishan Sethi,Oakland University,https://oakland.edu/secs/directory/sethi,IlOVZVwAAAAJ
Isil Dillig,University of Texas at Austin,http://www.cs.utexas.edu/~isil,Wlq5rZEAAAAJ
Isil Oz,Izmir Institute of Technology,http://ceng.iyte.edu.tr/people/isil-oz,Jber3GMAAAAJ
Islem Rekik,University of Dundee,https://www.computing.dundee.ac.uk/about/staff/150,NOSCHOLARPAGE
Islene C. Garcia,UNICAMP,http://link.springer.com/article/10.1007/s10586-013-0264-9,q3MhHJQAAAAJ
Islene Calciolari Garcia,UNICAMP,http://link.springer.com/article/10.1007/s10586-013-0264-9,q3MhHJQAAAAJ
Ismail Akturk,Özyeğin University,https://faculty.ozyegin.edu.tr/ismailakturk,B5hTe7sAAAAJ
Ismail Ari,Özyeğin University,https://faculty.ozyegin.edu.tr/ismailari,00tvX_4AAAAJ
Ismail Ben Ayed,ETS Montreal,https://profs.etsmtl.ca/ibenayed,29vyUccAAAAJ
Ismail Burak Parlak,Galatasaray University,https://avesis.gsu.edu.tr/bparlak,NOSCHOLARPAGE
Ismail H. Toroslu,Middle East Technical University,http://user.ceng.metu.edu.tr/~toroslu,nYjII0AAAAAJ
Ismail Hakki Toroslu,Middle East Technical University,http://user.ceng.metu.edu.tr/~toroslu,nYjII0AAAAAJ
Ismail Hmeidi,JUST,http://www.just.edu.jo/eportfolio/Pages/Default.aspx?email=hmeidi,eA_Ia9YAAAAJ
Ismail Khalil,JKU Linz,https://www.jku.at/institut-fuer-telekooperation/ueber-uns/team/ismail-khalil,NOSCHOLARPAGE
Ismail Khalil Ibrahim,JKU Linz,https://www.jku.at/institut-fuer-telekooperation/ueber-uns/team/ismail-khalil,NOSCHOLARPAGE
Ismail Sengor Altingovde,Middle East Technical University,http://user.ceng.metu.edu.tr/~altingovde,o0sH4_AAAAAJ
Ismail Sengör Altingövde,Middle East Technical University,http://user.ceng.metu.edu.tr/~altingovde,o0sH4_AAAAAJ
Ismailcem Budak Arpinar,University of Georgia,http://cobweb.cs.uga.edu/~budak,NOSCHOLARPAGE
Ismini Lourentzou,Virginia Tech,https://website.cs.vt.edu/people/faculty/ismini-lourentzou.html,CjxQvikAAAAJ
Isolde Adler,University of Leeds,https://eps.leeds.ac.uk/computing/staff/810/dr-isolde-adler,NOSCHOLARPAGE
Israat Haque,Dalhousie University,https://www.dal.ca/faculty/computerscience/news-events/events/2017/05/01/cs_seminar__israat_haque___software_defined_architectures_and_protocols_for_emerging_wireless_networks.html,ZBhZBwoAAAAJ
Israat Tanzeena Haque,Dalhousie University,https://www.dal.ca/faculty/computerscience/faculty-staff/israat-haque.html,ZBhZBwoAAAAJ
Israel Cidon,Technion,http://cidon.eew.technion.ac.il,azcMaLoAAAAJ
Issa Batarseh,University of Central Florida,http://www.cecs.ucf.edu/faculty/issa-batarseh,xl0jn_IAAAAJ
Issei Fujishiro,Keio University,https://www.st.keio.ac.jp/en/tprofile/ics/fujishiro.html,0bnysWMAAAAJ
Issei Sato,University of Tokyo,http://www.ms.k.u-tokyo.ac.jp/sato,NOSCHOLARPAGE
István Gergely Czibula,Babeș-Bolyai University,http://www.cs.ubbcluj.ro/~istvanc,eSWofb8AAAAJ
Itai Arieli,Technion,https://web.iem.technion.ac.il/en/people/userprofile/iarieli.html,NVteqa8AAAAJ
Ítalo Cunha,UFMG,https://www.dcc.ufmg.br/~cunha,bTAky1EAAAAJ
Ítalo S. Cunha,UFMG,https://www.dcc.ufmg.br/~cunha,bTAky1EAAAAJ
Itamar Arel,University of Tennessee,http://www.eecs.utk.edu/people/faculty/ielhanan,wivIgKkAAAAJ
Itaru Kitahara,University of Tsukuba,https://sites.google.com/image.iit.tsukuba.ac.jp/kitahara,mphxDdYAAAAJ
Itsik Pe'er,Columbia University,http://www.cs.columbia.edu/~itsik,l3KIq-MAAAAJ
Ittay Eyal,Technion,http://webee.technion.ac.il/people/ittay,1oUGY7cAAAAJ
Iulian Neamtiu,NJIT,https://web.njit.edu/~ineamtiu,8qU-5YMAAAAJ
Ivan Aaen,Aalborg University,http://people.cs.aau.dk/~ivan,-8-9oRgAAAAJ
Ivan Beschastnikh,University of British Columbia,http://www.cs.ubc.ca/~bestchai,iKnYSo8AAAAJ
Ivan Bjerre Damgård,Aarhus University,https://cs.au.dk/~ivan/,-UhqXIEAAAAJ
Ivan Damgård,Aarhus University,https://cs.au.dk/~ivan/,-UhqXIEAAAAJ
Ivan De Oliveira Nunes,Rochester Institute of Technology,https://www.rit.edu/directory/ixdics-ivan-de-oliveira-nunes,2ITEX20AAAAJ
Ivan Flechais,University of Oxford,https://www.cs.ox.ac.uk/people/ivan.flechais,w6PR9pkAAAAJ
Ivan Garibay,University of Central Florida,https://www.cs.ucf.edu/~garibay,rPuLfoMAAAAJ
Ivan Hal Sudborough,University of Texas at Dallas,https://explorer.utdallas.edu/editprofile.php?pid=13187,NOSCHOLARPAGE
Ivan Herman,CWI,http://homepages.cwi.nl/~ivan,ofRrImEAAAAJ
Iván Herman,CWI,http://homepages.cwi.nl/~ivan,ofRrImEAAAAJ
Ivan I. Garibay,University of Central Florida,https://www.cs.ucf.edu/~garibay,rPuLfoMAAAAJ
Ivan Kisel,Goethe University Frankfurt,https://www.fias.science/de/computerwissenschaften/gruppen/ivan-kisel,NOSCHOLARPAGE
Ivan Laptev,Ecole Normale Superieure,https://www.di.ens.fr/~laptev,-9ifK0cAAAAJ
Ivan Martinovic,University of Oxford,https://www.cs.ox.ac.uk/people/ivan.martinovic,CDK6C2cAAAAJ
Ivan Oliveira Nunes,Rochester Institute of Technology,https://www.rit.edu/directory/ixdics-ivan-de-oliveira-nunes,2ITEX20AAAAJ
Ivan Titov,University of Edinburgh,http://ivan-titov.org,FKUc3vsAAAAJ
Ivan Viola,KAUST,https://cemse.kaust.edu.sa/vcc/people/person/ivan-viola,ELMPg_gAAAAJ
Ivan Visconti,University of Salerno,http://docenti.unisa.it/004312/home,QEairGEAAAAJ
Ivana Cerna,Masaryk University,https://www.muni.cz/en/people/1419,ktCv0pkAAAAJ
Ivana Cerná,Masaryk University,https://www.muni.cz/en/people/1419,ktCv0pkAAAAJ
Ivana Drobnjak,University College London,http://www0.cs.ucl.ac.uk/people/I.Drobnjak.html,55BI2VIICu8C
Ivana Dusparic,Trinity College Dublin,https://www.scss.tcd.ie/Ivana.Dusparic,CrGGAccAAAAJ
Ivana Konvalinka,DTU,https://www.compute.dtu.dk/english,NOSCHOLARPAGE
Ivano Malavolta,VU Amsterdam,http://www.ivanomalavolta.com,ya3htIoAAAAJ
Ivano Salvo,Sapienza University of Rome,http://wwwusers.di.uniroma1.it/~salvo,YwCGzIcAAAAJ
Ivar Farup,NTNU,https://www.ntnu.edu/employees/ivar.farup,Fly9iXMAAAAJ
Ivica Crnkovic,Chalmers/GU,https://www.chalmers.se/en/staff/Pages/crnkovic.aspx,yewx0GgAAAAJ
Ivo F. Sbalzarini,TU Dresden,http://mosaic.mpi-cbg.de/?q=people/ivo_sbalzarini,KPdbUktu0hkC
Ivo Grosse,University of Halle-Wittenberg,https://www.informatik.uni-halle.de/arbeitsgruppen/bioinformatik/mitarbeiterinnen/grosse,9885qDUAAAAJ
Ivo L. Hofacker,University of Vienna,https://cs.univie.ac.at/ivo.hofacker,sO2tBiAAAAAJ
Ivona Bezáková,Rochester Institute of Technology,https://www.cs.rit.edu/~ib,NOSCHOLARPAGE
Ivona Brandic,TU Wien,http://www.ec.tuwien.ac.at/~ivona,XFg7Ri8AAAAJ
Ivor P. Page,University of Texas at Dallas,http://www.utdallas.edu/~ivor,NOSCHOLARPAGE
Ivor T. A. Spence,Queen's University Belfast,https://www.qub.ac.uk/schools/eeecs/Connect/Staff/BusinessCard/?name=i.spence,pN5KXz4AAAAJ
Ivor W. Tsang,University of Technology Sydney,https://www.uts.edu.au/staff/ivor.tsang,rJMOlVsAAAAJ
Ivor Wai-Hung Tsang,University of Technology Sydney,https://www.uts.edu.au/staff/ivor.tsang,rJMOlVsAAAAJ
Iyad A. Kanj,DePaul University,http://www.cdm.depaul.edu/about/Pages/People/facultyinfo.aspx?fid=272,NOSCHOLARPAGE
Iyad Kanj,DePaul University,http://www.cdm.depaul.edu/about/Pages/People/facultyinfo.aspx?fid=272,NOSCHOLARPAGE
Iyad Katib,King Abdulaziz University,http://iyadkatib.com,DN3hbOsAAAAJ
Iyad Ouaiss,Lebanese American University,http://services.sea.lau.edu.lb/faculty/iouaiss,Bs47qDUAAAAJ
Izidor Gertner,CUNY,https://www.ccny.cuny.edu/profiles/izidor-gertner,-3lkqowAAAAJ
Izzat El Hajj,American University of Beirut,http://www.aub.edu.lb/pages/profile.aspx?memberid=ie22,_VVw504AAAAJ
