name,affiliation,homepage,scholarid
W. Bastiaan Kleijn,Victoria University of Wellington,http://ecs.victoria.ac.nz/Main/BastiaanKleijn,NOSCHOLARPAGE
W. Brent Seales,University of Kentucky,https://www.cs.uky.edu/people/faculty/bseales,NOSCHOLARPAGE
W. Eric Wong,University of Texas at Dallas,http://www.utdallas.edu/~ewong,d9Y04UwAAAAJ
W. J. Hurley,Royal Military College of Canada,https://www.rmc-cmr.ca/en/mathematics-and-computer-science/wj-hurley-bsc-mba-phd-professor,NOSCHOLARPAGE
W. K. Chan 0001,City University of Hong Kong,https://www.cs.cityu.edu.hk/~wkchan,-GAmIvsAAAAJ
W. Keith Edwards,Georgia Institute of Technology,http://www.cc.gatech.edu/~keith,QYqwwwcAAAAJ
W. Michelle Harris,Rochester Institute of Technology,https://people.rit.edu/wmhics,NOSCHOLARPAGE
W. Randolph Franklin,Rensselaer Polytechnic Institute,https://www.ecse.rpi.edu/Homepages/wrf/pmwiki,YFX36Q8AAAAJ
W. T. Tsai,Arizona State University,https://cidse.engineering.asu.edu/directory/tsai-wei-tek,NOSCHOLARPAGE
Wade Trappe,Rutgers University,https://www.wadetrappe.com,muk0-U4AAAAJ
Wadee Al-Halabi,King Abdulaziz University,http://www.kau.edu.sa/Contacts.aspx?Site_ID=611&Lng=EN&Cont=18367,NOSCHOLARPAGE
Wadee Alhalabi,King Abdulaziz University,http://www.kau.edu.sa/Contacts.aspx?Site_ID=611&Lng=EN&Cont=18367,NOSCHOLARPAGE
Wadee S. Alhalabi,King Abdulaziz University,http://www.kau.edu.sa/Contacts.aspx?Site_ID=611&Lng=EN&Cont=18367,NOSCHOLARPAGE
Wafaa El-Haweet,King Abdulaziz University,http://www.kau.edu.sa/Content.aspx?Site_ID=61117&lng=EN&cid=60829,NOSCHOLARPAGE
Wagner Meira Jr.,UFMG,http://homepages.dcc.ufmg.br/~meira,oad6_oEAAAAJ
Wai Lam Hoo,University of Malaya,https://umexpert.um.edu.my/wlhoo.html,hlPC_FgAAAAJ
Wai-Kei Mak,National Tsing Hua University,http://www.cs.nthu.edu.tw/~wkmak,NOSCHOLARPAGE
Wai-Tat Fu,Univ. of Illinois at Urbana-Champaign,http://web.engr.illinois.edu/~wfu,W_KpAMcAAAAJ
Wail Gueaieb,University of Ottawa,http://www.site.uottawa.ca/~wgueaieb,qN4Y3NEAAAAJ
Wail Mardini,JUST,http://www.just.edu.jo/eportfolio/Pages/Default.aspx?email=mardini,tbwv-m0AAAAJ
Wajdi Al Jedaibi,King Abdulaziz University,http://waljedaibi.kau.edu.sa/Default.aspx?Site_ID=0005903&lng=EN,NOSCHOLARPAGE
Wakaha Ogata,Tokyo Institute of Technology,http://www.security.mot.titech.ac.jp/users/wakaha,NOSCHOLARPAGE
Waldemar Celes 0001,PUC-RIO,http://www.inf.puc-rio.br/~celes,i0ECFCEAAAAJ
Waldemar Celes Filho,PUC-RIO,http://www.inf.puc-rio.br/~celes,i0ECFCEAAAAJ
Waleed Al-Nuaimy,University of Liverpool,https://liverpool.ac.uk/electrical-engineering-and-electronics/staff/waleed-al-nuaimy,jx45EBEAAAAJ
Walid A. Najjar,Univ. of California - Riverside,http://www.cs.ucr.edu/~najjar,H0Y2wgUAAAAJ
Walid G. Aref,Purdue University,https://www.cs.purdue.edu/people/aref,vX45evgAAAAJ
Walid Maalej,University of Hamburg,https://mast.informatik.uni-hamburg.de/people/walidmaalej,zVlpAfQAAAAJ
Walid Magdy,University of Edinburgh,http://homepages.inf.ed.ac.uk/wmagdy,ACQD8jMAAAAJ
Wallapak Tavanapong,Iowa State University,http://www.cs.iastate.edu/people/wallapak-tavanapong-0,Pnev7hAAAAAJ
Wally Smith,University of Melbourne,http://www.msi.unimelb.edu.au/people/wally-smith,hja_w14AAAAJ
Walon Wei-Chen Chiu,National Chiao Tung University,https://walonchiu.github.io,FiFOBS8AAAAJ
Walter A. Burkhard,Univ. of California - San Diego,http://jacobsschool.ucsd.edu/faculty/faculty_bios/index.sfe?fmp_recid=100,NOSCHOLARPAGE
Walter Alexander Pretschner,TU Munich,https://www22.in.tum.de/en/mitarbeiter/pretschner,pBIEpNcAAAAJ
Walter Andrew Rudametkin Ivey,CRIStAL,https://www.cristal.univ-lille.fr/profil/wrudamet,vJQGm9kAAAAJ
Walter Binder,Università della Svizzera italiana,http://www.inf.usi.ch/faculty/binder,g0nBOnMAAAAJ
Walter D. Potter,University of Georgia,http://cobweb.cs.uga.edu/~potter,GDkG3T4AAAAJ
Walter F. Mascarenhas,USP,http://www.ime.usp.br/~walter,AifN5CUAAAAJ
Walter F. Tichy,Karlsruhe Institute of Technology,https://ps.ipd.kit.edu/176_376.php,23RPQBQAAAAJ
Walter G. Kropatsch,TU Wien,https://www.prip.tuwien.ac.at/people/krw/more/index.php,NOSCHOLARPAGE
Walter Guttmann,University of Canterbury,http://www.cosc.canterbury.ac.nz/walter.guttmann,NOSCHOLARPAGE
Walter J. Savitch,Univ. of California - San Diego,http://cseweb.ucsd.edu/~savitch,NOSCHOLARPAGE
Walter J. Scheirer,University of Notre Dame,http://www.wjscheirer.com,dlV-qnUAAAAJ
Walter L. Ruzzo,University of Washington,https://homes.cs.washington.edu/~ruzzo,n3LTWi8AAAAJ
Walter Oberschelp,RWTH Aachen,https://www.mathematik.rwth-aachen.de/go/id/bkbg/gguid/0x21CDE8D9CE85D51196710000F4B4937D/ikz/11/allou/1/lidx/1,NOSCHOLARPAGE
Walter Quattrociocchi,Sapienza University of Rome,https://sites.google.com/view/walterquattrociocchi,_OCIc6UAAAAJ
Walter Rudametkin,CRIStAL,https://www.cristal.univ-lille.fr/profil/wrudamet,vJQGm9kAAAAJ
Walter Tichy,Karlsruhe Institute of Technology,https://ps.ipd.kit.edu/176_376.php,23RPQBQAAAAJ
Walter Unger,RWTH Aachen University,https://algo.rwth-aachen.de/~quax/?sprache=de,NOSCHOLARPAGE
Walter Vogler,University of Augsburg,https://www.uni-augsburg.de/de/fakultaet/fai/informatik/prof/swtti/team/walter-vogler,NOSCHOLARPAGE
Walterio W. Mayol,University of Bristol,http://www.cs.bris.ac.uk/~wmayol,wzdFhjUAAAAJ
Walterio W. Mayol-Cuevas,University of Bristol,http://www.cs.bris.ac.uk/~wmayol,wzdFhjUAAAAJ
Wamberto Weber Miranda Peixoto de Vasconcelos,University of Aberdeen,https://www.abdn.ac.uk/people/w.w.vasconcelos,wAhC4McAAAAJ
Wamberto Weber Vasconcelos,University of Aberdeen,https://www.abdn.ac.uk/people/w.w.vasconcelos,wAhC4McAAAAJ
Wan Du,Univ. of California - Merced,https://faculty.ucmerced.edu/wdu,5AIv8YoAAAAJ
Wan Fokkink,VU Amsterdam,http://www.cs.vu.nl/~wanf,WTKJx9EAAAAJ
Wan J. Fokkink,VU Amsterdam,http://www.cs.vu.nl/~wanf,WTKJx9EAAAAJ
Wan-Chun Dou,Nanjing University,https://cs.nju.edu.cn/douwanchun,NOSCHOLARPAGE
Wanchun Dou,Nanjing University,https://cs.nju.edu.cn/douwanchun,NOSCHOLARPAGE
Wang Chiew Tan,Univ. of California - Santa Cruz,https://users.soe.ucsc.edu/~tan,sOY-wjkAAAAJ
Wang Ping,Nanyang Technological University,http://www3.ntu.edu.sg/home/wangping,uRLYksAAAAAJ
Wang Yi 0001,Uppsala University,http://user.it.uu.se/~yi,_ynjrUUAAAAJ
Wang-Chien Lee,Pennsylvania State University,http://www.cse.psu.edu/~wul2,9OdHL5wAAAAJ
Wang-Chiew Tan,Univ. of California - Santa Cruz,https://users.soe.ucsc.edu/~tan,sOY-wjkAAAAJ
Wangdong Yang,Hunan University,http://csee.hnu.edu.cn/people/yangwangdong,NOSCHOLARPAGE
Wangmeng Zuo,Harbin Institute of Technology,http://homepage.hit.edu.cn/wangmengzuo,rUOpCEYAAAAJ
Wanli Chang 0001,Hunan University,http://csee.hnu.edu.cn/people/changwanli,OYcT_B4AAAAJ
Wannida Sae-Tang,KMUTNB,https://tggs.kmutnb.ac.th/asst-prof-dr-wannida-sae-tang,6nlcJK8AAAAJ
Wanxiang Che,Harbin Institute of Technology,http://ir.hit.edu.cn/~car/english.htm,SVlQ6IEAAAAJ
Warren A. Hunt Jr.,University of Texas at Austin,http://www.cs.utexas.edu/users/hunt,D6fp6_cAAAAJ
Warren B. Powell,Princeton University,http://castlelab.princeton.edu/wbpbio.html,vDw80QEAAAAJ
Warren Buckler Powell,Princeton University,http://castlelab.princeton.edu/wbpbio.html,vDw80QEAAAAJ
Warren Harrison,Portland State University,https://www.pdx.edu/computer-science/warren-harrison,IqqDQZsAAAAJ
Waruna Ranasinghe,Ecole Normale Superieure de Lyon,http://www.ens-lyon.fr/en/english-ens-de-lyon-269761.kjsp,NOSCHOLARPAGE
Warut Suksompong,National University of Singapore,https://www.comp.nus.edu.sg/~warut,Tb1prqkAAAAJ
Waseem Ahmed,King Abdulaziz University,http://cegmr.kau.edu.sa/Content.aspx?Site_ID=117&lng=EN&cid=257602,zzzxD7kAAAAJ
Wasif Naeem,Queen's University Belfast,https://www.qub.ac.uk/schools/eeecs/Connect/Staff/BusinessCard/?name=w.naeem,kivZoRgAAAAJ
Wassim El-Hajj,American University of Beirut,http://staff.aub.edu.lb/~we07,QidtvQgAAAAJ
Wataru Takano,University of Tokyo,http://www.human.jst.go.jp/en/researcher/2ki_06.html,sVVPProAAAAJ
Wayne B. Hayes,Univ. of California - Irvine,http://www.cs.toronto.edu/~wayne,3z4VbdIAAAAJ
Wayne D. Gray,Rensselaer Polytechnic Institute,http://www.rpi.edu/~grayw,h8ZzTWsAAAAJ
Wayne Eberly,University of Calgary,http://www.cpsc.ucalgary.ca/~eberly,NOSCHOLARPAGE
Wayne Enright,University of Toronto,http://www.cs.toronto.edu/~enright,80eenyQAAAAJ
Wayne Goddard,Clemson University,https://people.cs.clemson.edu/~goddard,bQYoSuUAAAAJ
Wayne H. Enright,University of Toronto,http://www.cs.toronto.edu/~enright,80eenyQAAAAJ
Wayne Luk,Imperial College London,https://www.doc.ic.ac.uk/~wl,F1JYd9UAAAAJ
Wayne M. Eberly,University of Calgary,http://www.cpsc.ucalgary.ca/~eberly,NOSCHOLARPAGE
Wayne R. Dyksen,Michigan State University,http://www.cse.msu.edu/~dyksen,NOSCHOLARPAGE
Wayne Snyder,Boston University,http://www.cs.bu.edu/~snyder,uT9_8hcAAAAJ
Wayne W. C. Luk,Imperial College London,https://www.doc.ic.ac.uk/~wl,F1JYd9UAAAAJ
Wayne Wobcke,UNSW,http://www.cse.unsw.edu.au/~wobcke,NOSCHOLARPAGE
Wayne Xin Zhao,Renmin University of China,http://playbigdata.ruc.edu.cn/batmanfly,JNhNacoAAAAJ
Webb C. Miller,Pennsylvania State University,http://bio.psu.edu/directory/wcm2,k9T3V7EAAAAJ
Webb Colby Miller,Pennsylvania State University,http://bio.psu.edu/directory/wcm2,k9T3V7EAAAAJ
Webb Miller,Pennsylvania State University,http://bio.psu.edu/directory/wcm2,k9T3V7EAAAAJ
Wee Keong Ng,Nanyang Technological University,http://www.ntu.edu.sg/home/awkng,NOSCHOLARPAGE
Wee Kheng Leow,National University of Singapore,https://www.comp.nus.edu.sg/~leowwk,iCaxtDUAAAAJ
Wee Sun Lee,National University of Singapore,https://www.comp.nus.edu.sg/~leews,8PCrLgwAAAAJ
Wee-Keng Leow,National University of Singapore,https://www.comp.nus.edu.sg/~leowwk,iCaxtDUAAAAJ
Wei (Lisa) Li,Georgia State University,https://grid.cs.gsu.edu/~wli28,tHTIu_EAAAAJ
Wei Bao,University of Sydney,http://rp-www.cs.usyd.edu.au/~weibao,jINbPEEAAAAJ
Wei Bian,University of Technology Sydney,https://www.uts.edu.au/staff/wei.bian,G4xj88UAAAAJ
Wei Chen 0001,Zhejiang University,http://www.cad.zju.edu.cn/home/chenwei,EgQyYGUAAAAJ
Wei Chen 0021,Peking University,http://eecs.pku.edu.cn/EN/People/Faculty/Detail/?ID=6006,NOSCHOLARPAGE
Wei Ding 0003,University of Massachusetts Boston,http://www.cs.umb.edu/~ding,eFeqk8EAAAAJ
Wei Dong 0001,Zhejiang University,http://mypage.zju.edu.cn/dongw,NOSCHOLARPAGE
Wei Gao 0001,Singapore Management University,https://www.smu.edu.sg/faculty/profile/164201/Wei-GAO,8uaZwkwAAAAJ
Wei Gao 0008,Nanjing University,http://www.lamda.nju.edu.cn/gaow,NOSCHOLARPAGE
Wei Hu 0003,Peking University,http://www.icst.pku.edu.cn/F/intro/huwei/index.html,5oFf8Q4AAAAJ
Wei Hu 0007,Nanjing University,http://ws.nju.edu.cn/~whu,iWs168sAAAAJ
Wei Jin 0006,University of North Texas,http://www.cse.unt.edu/~weijin,NOSCHOLARPAGE
Wei Le,Iowa State University,http://www.cs.iastate.edu/~weile,QjFu7LEAAAAJ
Wei Lee Woon,Masdar Institute,https://www.masdar.ac.ae/aboutus/management/faculty-directory/item/5730-wei-lee-woon,cmHsRGoAAAAJ
Wei Li 0012,Fudan University,https://dblp.uni-trier.de/pers/hd/l/Li_0012:Wei,NOSCHOLARPAGE
Wei Li 0022,Beihang University,http://sites.nlsde.buaa.edu.cn/~liwei,NOSCHOLARPAGE
Wei Li 0059,Georgia State University,https://grid.cs.gsu.edu/~wli28,tHTIu_EAAAAJ
Wei Liu 0006,University of Western Australia,http://www.web.uwa.edu.au/people/wei.liu,KTomENQAAAAJ
Wei Lou,The Hong Kong Polytechnic University,https://www4.comp.polyu.edu.hk/~csweilou,Le8tsTYAAAAJ
Wei Lu 0011,SUTD,http://statnlp.org,pPInY4UAAAAJ
Wei Lu 0015,Renmin University of China,http://iir.ruc.edu.cn/~luwei,v04EazgAAAAJ
Wei Meng 0001,Chinese University of Hong Kong,https://www.cse.cuhk.edu.hk/~wei,CBLnYLEAAAAJ
Wei Pang,Heriot-Watt University,https://researchportal.hw.ac.uk/en/persons/wei-pang,kfFNe0cAAAAJ
Wei Song 0001,University of New Brunswick,http://www.cs.unb.ca/~wsong,yMMjPsoAAAAJ
Wei Tang,University of Illinois at Chicago,https://tangw.people.uic.edu,GTYEV0cAAAAJ
Wei Tsang Ooi,National University of Singapore,http://www.comp.nus.edu.sg/~ooiwt,nFP2ldkAAAAJ
Wei Vivian Liu,University of Western Australia,http://www.web.uwa.edu.au/people/wei.liu,KTomENQAAAAJ
Wei Wang 0002,Nanjing University,https://cs.nju.edu.cn/ww,JomuErcAAAAJ
Wei Wang 0009,Fudan University,http://www.cs.fudan.edu.cn/?page_id=2439,NOSCHOLARPAGE
Wei Wang 0010,Univ. of California - Los Angeles,http://www.cs.ucla.edu/~weiwang,NOSCHOLARPAGE
Wei Wang 0011,UNSW,http://www.cse.unsw.com/~weiw,NOSCHOLARPAGE
Wei Wang 0028,Nanjing University,http://cs.nju.edu.cn/wangwei,1y6wxQMAAAAJ
Wei Wang 0030,HKUST,https://www.cse.ust.hk/~weiwa,NOSCHOLARPAGE
Wei Wang 0054,University of Texas at San Antonio,http://www.cs.utsa.edu/~wwang,NOSCHOLARPAGE
Wei Wu 0008,Beihang University,http://scse.buaa.edu.cn/info/1078/2642.htm,NOSCHOLARPAGE
Wei Xu 0004,Georgia Institute of Technology,https://cocoxu.github.io,BfOdG-oAAAAJ
Wei Xu 0005,Tsinghua University,http://iiis.tsinghua.edu.cn/~weixu,6jN5vScAAAAJ
Wei Xue,Tsinghua University,http://www.cs.tsinghua.edu.cn/publish/csen/4623/2010/20101224235122610366982/20101224235122610366982_.html,iaziYXMAAAAJ
Wei Yang 0013,University of Texas at Dallas,http://web.engr.illinois.edu/~weiyang3,CEVHpQUAAAAJ
Wei You,Renmin University of China,http://www.youwei.name,tIrmjdoAAAAJ
Wei Yu 0002,Towson University,https://www.towson.edu/fcsm/departments/computerinfosci/facultystaff/wyu.html,jLWO9-0AAAAJ
Wei Zeng 0002,Florida International University,http://cis.fiu.edu/~wzeng,yKYRdd0AAAAJ
Wei Zhang 0004,Peking University,http://sei.pku.edu.cn/~zhangw,NOSCHOLARPAGE
Wei Zhang 0016,Fudan University,http://www.cs.fudan.edu.cn/?page_id=2019,NOSCHOLARPAGE
Wei Zhang 0076,University of Central Florida,https://www.cs.ucf.edu/~wzhang,NOSCHOLARPAGE
Wei Zhu 0008,Stony Brook University,http://www.ams.stonybrook.edu/~zhu,9jshr6QAAAAJ
Wei-Chen Chiu,National Chiao Tung University,https://walonchiu.github.io,FiFOBS8AAAAJ
Wei-Chung Hsu,National Taiwan University,http://www.csie.ntu.edu.tw/~hsuwc,NOSCHOLARPAGE
Wei-Kuan Shih,National Tsing Hua University,https://sites.google.com/site/rtlabnthu/project-definition,NOSCHOLARPAGE
Wei-Lun Chao,Ohio State University,http://www-scf.usc.edu/~weilunc,PGKakWwAAAAJ
Wei-Ming Lu 0001,Zhejiang University,http://mypage.zju.edu.cn/lwm,NOSCHOLARPAGE
Wei-Nan Zhang 0003,Harbin Institute of Technology,http://ir.hit.edu.cn/~wnzhang,DBLdEf4AAAAJ
Wei-Ngan Chin,National University of Singapore,https://www.comp.nus.edu.sg/~chinwn,DO2x-J0AAAAJ
Wei-Shi Zheng,Sun Yat-sen University,http://www.isee-ai.cn/~zhwshi,AwqDDGoAAAAJ
Wei-Shinn Ku,Auburn University,http://www.eng.auburn.edu/~weishinn,ZQ87sO4AAAAJ
Wei-Ta Chu,National Cheng Kung University,http://www.csie.ncku.edu.tw/ncku_csie/depmember/teacherdetail/id/82,DcltNjQAAAAJ
Wei-Tek Tsai,Arizona State University,https://cidse.engineering.asu.edu/directory/tsai-wei-tek,NOSCHOLARPAGE
Wei-ming Lu 0001,Zhejiang University,http://mypage.zju.edu.cn/lwm,NOSCHOLARPAGE
Weibo Gong,University of Massachusetts Amherst,https://ece.umass.edu/faculty/weibo-gong,NOSCHOLARPAGE
Weichang Du,University of New Brunswick,https://www.cs.unb.ca/~wdu,NOSCHOLARPAGE
Weidong Cai 0001,University of Sydney,https://sydney.edu.au/engineering/about/our-people/academic-staff/tom-cai.html,N8qTc2AAAAAJ
Weidong Geng,Zhejiang University,http://mypage.zju.edu.cn/capggeng,NOSCHOLARPAGE
Weidong Liu 0001,Tsinghua University,http://www.tsinghua.edu.cn/publish/csen/4623/2010/20101224001537675975573/20101224001537675975573_.html,c3M0GZwAAAAJ
Weidong Shi,University of Houston,http://www.uh.edu/nsm/computer-science/people/spotlight/spotlights/2014/larry-shi.php,OmPAy2EAAAAJ
Weidong Zhao,Fudan University,http://www.cs.fudan.edu.cn/?page_id=2038,NOSCHOLARPAGE
Weifa Liang,Australian National University,https://cs.anu.edu.au/people/weifa-liang,X1aZEfwAAAAJ
Weifeng Lv,Beihang University,http://scse.buaa.edu.cn/info/1078/2658.htm,NOSCHOLARPAGE
Weigang Li 0001,Universidade de Brasília,http://cic.unb.br/~weigang,Sw_i7yQAAAAJ
Weihang Wang,University at Buffalo,https://weihang-wang.github.io,MkPz_FoAAAAJ
Weihua Zhang,Fudan University,http://www.cs.fudan.edu.cn/?page_id=2178###,6Ikypp0AAAAJ
Weijia Jia 0001,Shanghai Jiao Tong University,http://www.cs.sjtu.edu.cn/en/PeopleDetail.aspx?id=293,2_mku2wAAAAJ
Weijun Chen,Tsinghua University,https://www.facebook.com/public/WeiJun-Chen?page=5,7MErH44AAAAJ
Weike Pan,Shenzhen University,https://sites.google.com/site/weikep,pC5Q26MAAAAJ
Weikuan Yu,Florida State University,http://www.cs.fsu.edu/~yuw,G5I0JlwAAAAJ
Weili Han,Fudan University,http://crypto.fudan.edu.cn/people/weili,n5g_EI0AAAAJ
Weili Wu,University of Texas at Dallas,http://www.utdallas.edu/~weiliwu,Flmif3gAAAAJ
Weiming Hu,Chinese Academy of Sciences,http://teacher.ucas.ac.cn/~huweiming,Wl4tl4QAAAAJ
Weiming Lu 0001,Zhejiang University,http://mypage.zju.edu.cn/lwm,NOSCHOLARPAGE
Weinan Zhang 0001,Shanghai Jiao Tong University,http://wnzhang.net,Qzss0GEAAAAJ
Weinan Zhang 0003,Harbin Institute of Technology,http://ir.hit.edu.cn/~wnzhang,DBLdEf4AAAAJ
Weining Zhang,University of Texas at San Antonio,http://www.cs.utsa.edu/~wzhang,qmc5whEAAAAJ
Weiping Huang,Peking University,http://www.icst.pku.edu.cn/index.php?s=/Home/Team/lists/szm/H.html,NOSCHOLARPAGE
Weiqiang Wen,Ecole Normale Superieure de Lyon,http://perso.ens-lyon.fr/weiqiang.wen,NOSCHOLARPAGE
Weiran Shen,Renmin University of China,https://www.weiran-shen.info,-lXgERkAAAAJ
Weiren Yu,University of Warwick,https://warwick.ac.uk/fac/sci/dcs/people/weiren_yu,KEC9U80AAAAJ
Weisi Lin,Nanyang Technological University,http://www.ntu.edu.sg/home/wslin,D_S41X4AAAAJ
Weisong Shi,Wayne State University,http://www.cs.wayne.edu/~weisong,4rPcoCEAAAAJ
Weitao Xu,City University of Hong Kong,https://www.weitaoxu.com,-RbADtgAAAAJ
Weitong Huang,Tsinghua University,http://www.cs.tsinghua.edu.cn/publish/csen/4623/2010/20101223231615208546402/20101223231615208546402_.html,NOSCHOLARPAGE
Weiwei Sun,Fudan University,http://www.cs.fudan.edu.cn/?page_id=1923,NOSCHOLARPAGE
Weiwei Xu,Zhejiang University,http://www.cad.zju.edu.cn/home/weiweixu,qRXK__gAAAAJ
Weixiong Rao,Tongji University,https://sse.tongji.edu.cn/wrao,7ubWTOMAAAAJ
Weixiong Zhang,Washington University in St. Louis,http://www.cs.wustl.edu/~zhang,vuKTnnsAAAAJ
Weiyi Ian Shang,Concordia University,http://users.encs.concordia.ca/~shang,ZnERyl4AAAAJ
Weiyi Meng,Binghamton University,http://www.cs.binghamton.edu/~meng,C-wDOskAAAAJ
Weiyi Shang,Concordia University,http://users.encs.concordia.ca/~shang,ZnERyl4AAAAJ
Weiying Dai,Binghamton University,https://www.binghamton.edu/cs/people/wdai.html,r6DIjzUAAAAJ
Weizhen Mao,College of William and Mary,http://www.cs.wm.edu/~wm,NOSCHOLARPAGE
Weizhi Meng,DTU,https://www.compute.dtu.dk/english,NOSCHOLARPAGE
Weizhong Shao,Peking University,http://www.sei.pku.edu.cn/people/shaowz,NOSCHOLARPAGE
Wen Dong 0001,University at Buffalo,https://www.cse.buffalo.edu/~wendong,NOSCHOLARPAGE
Wen Gao 0001,Peking University,http://www.jdl.ac.cn/htm-gaowen,b0vWahYAAAAJ
Wen Hu,UNSW,https://www.engineering.unsw.edu.au/computer-science-engineering/staff/wen-hu,nHE4ylYAAAAJ
Wen Li 0001,UESTC,https://wenli-vision.github.io,yjG4Eg4AAAAJ
Wen Sun 0002,Cornell University,https://wensun.github.io,iOLC30YAAAAJ
Wen-Chieh Lin,National Chiao Tung University,http://www.cs.nctu.edu.tw/~wclin,v3l_oYkAAAAJ
Wen-Chih Peng,National Chiao Tung University,https://sites.google.com/site/wcpeng,T5Rs-ngAAAAJ
Wen-Chin Chen,National Taiwan University,http://www.cmlab.csie.ntu.edu.tw/~wcchen,NOSCHOLARPAGE
Wen-Guey Tzeng,National Chiao Tung University,http://www.cs.nctu.edu.tw/~wgtzeng,NOSCHOLARPAGE
Wen-Hsiang Lu,National Cheng Kung University,http://www.csie.ncku.edu.tw/ncku_csie/depmember/teacherdetail/id/22,NOSCHOLARPAGE
Wen-Hsiang Tsai,National Chiao Tung University,http://people.cs.nctu.edu.tw/~whtsai/Welcome.html,a97zfDIAAAAJ
Wen-Hsiao Peng,National Chiao Tung University,http://mapl.nctu.edu.tw,HucsFB4AAAAJ
Wen-Jiin Tsai,National Chiao Tung University,http://www.cs.nctu.edu.tw/~wjtsai,NOSCHOLARPAGE
Wen-Jing Hsu,Nanyang Technological University,http://research.ntu.edu.sg/expertise/academicprofile/Pages/StaffProfile.aspx?ST_EMAILID=hsu,XnHbS6MAAAAJ
Wen-Mei Hwu,Univ. of Illinois at Urbana-Champaign,https://www.ece.illinois.edu/directory/profile/w-hwu,ohjQPx8AAAAJ
Wen-Mei W. Hwu,Univ. of Illinois at Urbana-Champaign,https://www.ece.illinois.edu/directory/profile/w-hwu,ohjQPx8AAAAJ
Wen-Xin Li,Peking University,http://ai.pku.edu.cn/people/liwenxin.html,NOSCHOLARPAGE
Wen-Yan Daniel Lin,Singapore Management University,https://sis.smu.edu.sg/faculty/profile/161811/Daniel-LIN,cGClKZkAAAAJ
Wen-Yan Lin,Singapore Management University,https://sis.smu.edu.sg/faculty/profile/161811/Daniel-LIN,cGClKZkAAAAJ
Wen-mei Hwu,Univ. of Illinois at Urbana-Champaign,https://www.ece.illinois.edu/directory/profile/w-hwu,ohjQPx8AAAAJ
Wen-mei W. Hwu,Univ. of Illinois at Urbana-Champaign,https://www.ece.illinois.edu/directory/profile/w-hwu,ohjQPx8AAAAJ
Wenbing Zhao 0001,Cleveland State University,https://academic.csuohio.edu/zhao_w,ijsSRagAAAAJ
Wenbo He,McMaster University,http://www.cs.mcgill.ca/~wenbohe,cCFzy50AAAAJ
Wenbo Shen,Zhejiang University,https://wenboshen.org,nNDIx9MAAAAJ
Wenchang Shi,Renmin University of China,http://info.ruc.edu.cn/academic_professor.php?teacher_id=63,NOSCHOLARPAGE
Wenchao Jiang,SUTD,https://sites.google.com/site/jiangwenchao88,bve5zI0AAAAJ
Wenchao Zhou,Georgetown University,http://people.cs.georgetown.edu/~wzhou,4J1s3noAAAAJ
Wendi B. Heinzelman,University of Rochester,http://www2.ece.rochester.edu/~wheinzel,myYVVuYAAAAJ
Wendi Beth Heinzelman,University of Rochester,http://www2.ece.rochester.edu/~wheinzel,myYVVuYAAAAJ
Wendi Rabiner,University of Rochester,http://www2.ece.rochester.edu/~wheinzel,myYVVuYAAAAJ
Wendi Rabiner Heinzelman,University of Rochester,http://www2.ece.rochester.edu/~wheinzel,myYVVuYAAAAJ
Wendy Hall,University of Southampton,https://www.ecs.soton.ac.uk/people/wh,9NaDv3oAAAAJ
Wendy Hui Wang,Stevens Institute of Technology,http://www.cs.stevens.edu/~hwang4,3pXvHPUAAAAJ
Wendy K. Ivins,Cardiff University,https://www.cardiff.ac.uk/people/view/118135-ivins-wendy,NOSCHOLARPAGE
Wendy Myrvold,University of Victoria,http://www.cs.uvic.ca/~wendym,XizA3H4AAAAJ
Wenfei Fan,University of Edinburgh,http://homepages.inf.ed.ac.uk/wenfei,u0S6ofAAAAAJ
Wenfei Wu,Tsinghua University,http://wenfei-wu.github.io,PQsb1ZwAAAAJ
Weng Cho Chew,Univ. of Illinois at Urbana-Champaign,https://www.ece.illinois.edu/directory/profile/w-chew,wPH1kk0AAAAJ
Weng Poo Kang,Vanderbilt University,http://engineering.vanderbilt.edu/bio/weng-poo-kang,NOSCHOLARPAGE
Weng-Fai Wong,National University of Singapore,https://www.comp.nus.edu.sg/~wongwf,SL1cTsIAAAAJ
Weng-Keen Wong,Oregon State University,http://eecs.oregonstate.edu/people/wong-weng-keen,NOSCHOLARPAGE
Wengfai Wong,National University of Singapore,https://www.comp.nus.edu.sg/~wongwf,SL1cTsIAAAAJ
Wenguang Chen,Tsinghua University,http://www.cs.tsinghua.edu.cn/publish/csen/4623/2010/20101224173045136934573/20101224173045136934573_.html,NOSCHOLARPAGE
Wenjian Yu,Tsinghua University,http://numbda.cs.tsinghua.edu.cn,hGfUQZYAAAAJ
Wenjie Li 0002,The Hong Kong Polytechnic University,http://www4.comp.polyu.edu.hk/~cswjli,Rx5swD4AAAAJ
Wenjie Ruan,Lancaster University,https://www.lancaster.ac.uk/scc/about-us/people/wenjie-ruan,VTASFGEAAAAJ
Wenjie Zhang 0001,UNSW,http://www.cse.unsw.edu.au/~zhangw,yHTJo1kAAAAJ
Wenjin Zhou,University of Massachusetts Lowell,https://www.uml.edu/FAHSS/Philosophy/faculty/default.aspx,M09EoNMAAAAJ
Wenjing Lou,Virginia Tech,http://www.cnsr.ictas.vt.edu/WJLou.html,hM8uAwoAAAAJ
Wenjing Rao,University of Illinois at Chicago,https://www.ece.uic.edu/~wenjing,YcWrqXgAAAAJ
Wenjuan Tang,Hunan University,http://csee.hnu.edu.cn/people/tangwenjuan,NOSCHOLARPAGE
Wenjun Hu,Yale University,https://www.eng.yale.edu/wenjun,SvnnEI8AAAAJ
Wenjun Jiang,Hunan University,https://sites.google.com/site/happywenjunjiang2012,y8hIib8AAAAJ
Wenke Lee,Georgia Institute of Technology,http://wenke.gtisc.gatech.edu,nfkH5V4AAAAJ
Wenli Zheng,Shanghai Jiao Tong University,http://ee.sjtu.edu.cn/EN/show.aspx?info_lb=17&info_id=624&flag=3,HHGCAPoAAAAJ
Wenliang Du,Syracuse University,http://www.cis.syr.edu/~wedu,1aMkcasAAAAJ
Wenpin Jiao,Peking University,http://sei.pku.edu.cn/~jwp,NOSCHOLARPAGE
Wenping Wang,University of Hong Kong,https://i.cs.hku.hk/~wenping,28shvv0AAAAJ
Wenqing Zhang,Fudan University,http://homepage.fudan.edu.cn/wqzhang/testete,NOSCHOLARPAGE
Wensheng Dou,Chinese Academy of Sciences,http://www.tcse.cn/~wsdou,NYHyagEAAAAJ
Wensheng Zhang 0001,Iowa State University,http://www.cs.iastate.edu/~wzhang,VvXgoAYAAAAJ
Wentong Cai 0001,Nanyang Technological University,http://www.ntu.edu.sg/home/aswtcai,QdmIiyIAAAAJ
Wenwen Dou,UNC - Charlotte,https://cci.uncc.edu/directory/wenwen-dou,NRrQjcIAAAAJ
Wenwu Zhu 0001,Tsinghua University,http://media.cs.tsinghua.edu.cn/en/zww,7t2jzpgAAAAJ
Wenxin Li,Peking University,http://ai.pku.edu.cn/people/liwenxin.html,NOSCHOLARPAGE
Wenyao Xu,University at Buffalo,https://www.cse.buffalo.edu/~wenyaoxu,dvvN6qsAAAAJ
Wenyuan Xu,Zhejiang University,https://person.zju.edu.cn/en/wyxu,FCsdj0YAAAAJ
Wenyun Zhao,Fudan University,http://www.cs.fudan.edu.cn/en/?page_id=2103,NOSCHOLARPAGE
Wenzel Jakob,EPFL,https://people.epfl.ch/wenzel.jakob,J4SmwaQAAAAJ
Wenzhi Chen,Zhejiang University,http://mypage.zju.edu.cn/chenwenzhi,NOSCHOLARPAGE
Wenzhong Li,Nanjing University,http://cs.nju.edu.cn/lwz,NOSCHOLARPAGE
Wenzhong Tang,Beihang University,http://graduate.buaa.edu.cn/TutorInfo.jsp?id=15386,NOSCHOLARPAGE
Werner Damm,University of Oldenburg,https://uol.de//ses/personen/werner-damm,NOSCHOLARPAGE
Werner Dietl,University of Waterloo,https://ece.uwaterloo.ca/~wdietl,D_5-WrcAAAAJ
Werner Michael Dietl,University of Waterloo,https://ece.uwaterloo.ca/~wdietl,D_5-WrcAAAAJ
Werner Purgathofer,TU Wien,https://www.cg.tuwien.ac.at/staff/WernerPurgathofer.html,NOSCHOLARPAGE
Werner Retschitzegger,JKU Linz,http://cis.jku.at/team/21?view=teamentry,NOSCHOLARPAGE
Werner Winiwarter,University of Vienna,https://cs.univie.ac.at/werner.winiwarter,NOSCHOLARPAGE
Wes Masri,American University of Beirut,http://www.aub.edu.lb/fea/wm13,BQM2KwcAAAAJ
Wesam A. Almobaideen,University of Jordan,http://eacademic.ju.edu.jo/wesmoba,txO1flYAAAAJ
Wesley J. Willett,University of Calgary,http://www.wjwillett.net,Q17-rckAAAAJ
Wesley Willett,University of Calgary,http://www.wjwillett.net,Q17-rckAAAAJ
Westley Weimer,University of Michigan,http://www.cs.virginia.edu/~weimer,Tj-vav8AAAAJ
Weverton Cordeiro,UFRGS,http://inf.ufrgs.br/~wlccordeiro,LESq_VcAAAAJ
Weverton Luis da Costa Cordeiro,UFRGS,http://inf.ufrgs.br/~wlccordeiro,LESq_VcAAAAJ
Wha Sook Jeon,Seoul National University,http://mccl.snu.ac.kr/Members01.htm,q3Pb7W8AAAAJ
Wheeler Ruml,University of New Hampshire,http://www.cs.unh.edu/~ruml,3idW4TkAAAAJ
Wiebe van der Hoek,University of Liverpool,https://www.csc.liv.ac.uk/~wiebe,WNmaKaIAAAAJ
Wieland Schwinger,JKU Linz,https://www.jku.at/institut-fuer-telekooperation/ueber-uns/team/wieland-schwinger,5E-bnRkAAAAJ
Wiem Mkaouer,Rochester Institute of Technology,https://www.rit.edu/gccis/mohamed-wiem-mkaouer,UoHgCukAAAAJ
Wijarn Wangdee,KMUTNB,https://tggs.kmutnb.ac.th/assoc-prof-dr-wijarn-wangdee,BQK97SMAAAAJ
Wil M. P. van der Aalst,RWTH Aachen University,http://www.padsweb.rwth-aachen.de/wvdaalst,NOSCHOLARPAGE
Wiley R. McKinzie,Rochester Institute of Technology,https://www.rit.edu/programs/faculty/gccis-ugrad,NOSCHOLARPAGE
Wilf R. LaLonde,Carleton University,http://www.scs.carleton.ca/~lalonde,NOSCHOLARPAGE
Wilfred Ng,HKUST,http://www.cs.ust.hk/~wilfred,NJ6YPT4AAAAJ
Wilfredo Marrero,DePaul University,http://www.cdm.depaul.edu/about/Pages/People/facultyinfo.aspx?fid=120,NOSCHOLARPAGE
Wilfried N. Gansterer,University of Vienna,https://cs.univie.ac.at/wilfried.gansterer,NOSCHOLARPAGE
Wilhelm Hasselbring,University of Kiel,https://www.se.informatik.uni-kiel.de/en/team/prof.-dr.-wilhelm-willi-hasselbring,L1C_kM0AAAAJ
Wilhelm R. Rossak,Friedrich Schiller University Jena,http://swt.informatik.uni-jena.de,NOSCHOLARPAGE
Wilhelm Rossak,Friedrich Schiller University Jena,http://swt.informatik.uni-jena.de,NOSCHOLARPAGE
Will Perkins,University of Illinois at Chicago,http://willperkins.org,5HJzWMUAAAAJ
Willard Rafnsson,IT University of Copenhagen,https://pure.itu.dk/portal/da/persons/willard-rafnsson(9cf737ee-bd9a-4f7e-b865-b6ff6ed01fde).html,LvbsGtkAAAAJ
Willem Adrian Labuschagne,University of Otago,http://www.jucs.org/jucs_articles_by_author/Labuschagne_Willem_Adrian,NOSCHOLARPAGE
Willem B. Heijltjes,University of Bath,http://www.cs.bath.ac.uk/~wbh22,TzO85XoAAAAJ
Willem B. Kleijn,Victoria University of Wellington,http://ecs.victoria.ac.nz/Main/BastiaanKleijn,NOSCHOLARPAGE
Willem H. Zuidema,University of Amsterdam,https://staff.fnwi.uva.nl/w.zuidema,MBkG_FYAAAAJ
Willem Heijltjes,University of Bath,http://www.cs.bath.ac.uk/~wbh22,TzO85XoAAAAJ
Willem Huijbers,Tilburg University,https://www.tilburguniversity.edu/webwijs/show/w.huijbers.htm,tta1gwMAAAAJ
Willem Jan Fokkink,VU Amsterdam,http://www.cs.vu.nl/~wanf,WTKJx9EAAAAJ
Willem Robert van Hage,VU Amsterdam,http://wrvh.home.xs4all.nl,FddhRPoAAAAJ
Willem Visser,Stellenbosch University,http://www.cs.sun.ac.za/~wvisser,5yAC8o8AAAAJ
Willem-Paul Brinkman,TU Delft,https://www.tudelft.nl/ewi/over-de-faculteit/afdelingen/intelligent-systems/interactive-intelligence/people/current-group-members/willem-paul-brinkman,cYKXTxMAAAAJ
William (Bill) J. Dally,Stanford University,http://csl.stanford.edu/~billd,YZHj-Y4AAAAJ
William A. Barrett,Brigham Young University,https://cs.byu.edu/faculty/barrett,yLWfq68AAAAJ
William A. Hamilton,New Mexico State University,https://www.cs.nmsu.edu/plexlab/people/bill,W7jbeOwAAAAJ
William A. Hoff,Colorado School of Mines,http://inside.mines.edu/~whoff,XvoGQx4AAAAJ
William A. P. Smith,University of York,https://www-users.cs.york.ac.uk/wsmith,o2z0h6MAAAAJ
William Aiello,University of British Columbia,https://www.cs.ubc.ca/people/bill-aiello,7gbCeoEAAAAJ
William Allen,Florida Institute of Technology,http://www.fit.edu,NOSCHOLARPAGE
William Armitage,University of South Florida,http://www.usf.edu/engineering/cse/people,NOSCHOLARPAGE
William C. Regli,University of Maryland - College Park,https://www.cs.umd.edu/people/regli,-MSUomIAAAAJ
William D. Clinger,Northeastern University,http://www.ccis.northeastern.edu/people/william-d-clinger,NOSCHOLARPAGE
William D. Gropp,Univ. of Illinois at Urbana-Champaign,http://wgropp.cs.illinois.edu,vB96fX8AAAAJ
William D. Richard,Washington University in St. Louis,http://www.cse.wustl.edu/~wdr,HQeEzR0AAAAJ
William E. Howden,Univ. of California - San Diego,http://cseweb.ucsd.edu/~howden,NOSCHOLARPAGE
William E. Skeith III,CUNY,http://www-cs.ccny.cuny.edu/~wes,NOSCHOLARPAGE
William Enck,North Carolina State University,http://www.enck.org,KcM-4NsAAAAJ
William F. Punch,Michigan State University,http://www.cse.msu.edu/~punch,U9HQ2qUAAAAJ
William F. Punch III,Michigan State University,http://www.cse.msu.edu/~punch,U9HQ2qUAAAAJ
William Fornaciari,Politecnico di Milano,http://home.deib.polimi.it/fornacia,NOSCHOLARPAGE
William G. Griswold,Univ. of California - San Diego,http://cseweb.ucsd.edu/~wgg,yx0wJlIAAAAJ
William G. J. Halfond,University of Southern California,http://www-bcf.usc.edu/~halfond,98W28JoAAAAJ
William G. Sakas,CUNY,http://www.cs.hunter.cuny.edu/~sakas,swe6S54AAAAJ
William G. Wee,University of Cincinnati,http://www.ece.uc.edu/%7Ewwee,NOSCHOLARPAGE
William Gasarch,University of Maryland - College Park,https://www.cs.umd.edu/users/gasarch,NOSCHOLARPAGE
William Gropp,Univ. of Illinois at Urbana-Champaign,http://wgropp.cs.illinois.edu,vB96fX8AAAAJ
William Grosky,University of Michigan-Dearborn,https://umdearborn.edu/users/wgrosky,jGsRPo8AAAAJ
William H. Hsu,Kansas State University,http://people.cis.ksu.edu/~bhsu,JQoJRcIAAAAJ
William H. Latham,Goldsmiths University of London,https://www.gold.ac.uk/computing/staff/w-latham,NOSCHOLARPAGE
William H. Press,University of Texas at Austin,http://numerical.recipes/whp,yi6DR64AAAAJ
William H. Sanders,Univ. of Illinois at Urbana-Champaign,http://whs.crhc.illinois.edu,FClnlsgAAAAJ
William H. Wilson,UNSW,http://www.cse.unsw.edu.au/~billw,RTUXk9IAAAAJ
William Harrison,University of Missouri,https://engineering.missouri.edu/faculty/william-harrison,NOSCHOLARPAGE
William Hoff,Colorado School of Mines,http://inside.mines.edu/~whoff,XvoGQx4AAAAJ
William I. Gasarch,University of Maryland - College Park,https://www.cs.umd.edu/users/gasarch,NOSCHOLARPAGE
William J. Beksi,University of Texas at Arlington,http://ranger.uta.edu/~wjbeksi,lU2Z7MMAAAAJ
William J. Bowman,University of British Columbia,https://www.williamjbowman.com,Vbnpt_EAAAAJ
William J. Dally,Stanford University,http://csl.stanford.edu/~billd,YZHj-Y4AAAAJ
William J. Hurley,Royal Military College of Canada,https://www.rmc-cmr.ca/en/mathematics-and-computer-science/wj-hurley-bsc-mba-phd-professor,NOSCHOLARPAGE
William J. Knottenbelt,Imperial College London,http://www.imperial.ac.uk/people/w.knottenbelt,Vz8XWRoAAAAJ
William J. Stewart,North Carolina State University,http://www4.ncsu.edu/~billy,TZ64UCIAAAAJ
William John Knottenbelt,Imperial College London,http://www.imperial.ac.uk/people/w.knottenbelt,Vz8XWRoAAAAJ
William K. Cheung,Hong Kong Baptist University,http://www.comp.hkbu.edu.hk/~william,e42JkYIAAAAJ
William K. Robertson,Northeastern University,http://www.ccis.northeastern.edu/people/william-robertson,VxWLGyoAAAAJ
William Kocay,University of Manitoba,http://www.combinatorialmath.ca/billkocay.html,NOSCHOLARPAGE
William Kwok-Wai Cheung,Hong Kong Baptist University,http://www.comp.hkbu.edu.hk/~william,e42JkYIAAAAJ
William L. Hamilton,McGill University,https://williamleif.github.io,T5tm9eQAAAAJ
William L. Kocay,University of Manitoba,http://www.combinatorialmath.ca/billkocay.html,NOSCHOLARPAGE
William L. Scherlis,Carnegie Mellon University,http://www.cs.cmu.edu/~wls,F6LzqwMAAAAJ
William L. Steiger,Rutgers University,http://www.cs.rutgers.edu/~steiger,8rnvCfgAAAAJ
William L. Whittaker,Carnegie Mellon University,http://www.ri.cmu.edu/person.html?person_id=339,ouKJUyEAAAAJ
William M. Farmer,McMaster University,http://imps.mcmaster.ca/wmfarmer,zNX4etkAAAAJ
William Mansky,University of Illinois at Chicago,https://www.cs.uic.edu/~mansky,-BGmHzcAAAAJ
William Moloney,University of Massachusetts Lowell,https://www.uml.edu/Sciences/computer-science/faculty/moloney-william.aspx,gHYMJZ0AAAAJ
William N. Sumner,Simon Fraser University,http://http://www.cs.sfu.ca/~wsumner,NOSCHOLARPAGE
William R. Cook,University of Texas at Austin,http://www.cs.utexas.edu/~wcook,mNuzGVcAAAAJ
William R. Michalson,Worcester Polytechnic Institute,http://www.wpi.edu/academics/facultydir/wzm.html,rau-pbUAAAAJ
William Rhodes,Florida Atlantic University,http://www.fau.edu/ufsgov/standing-committees.php,NOSCHOLARPAGE
William Robertson 0002,Northeastern University,http://www.ccis.northeastern.edu/people/william-robertson,VxWLGyoAAAAJ
William Robinson,Vanderbilt University,http://www.vuse.vanderbilt.edu/~robinswh,iYVWydgAAAAJ
William Robson Schwartz,UFMG,http://homepages.dcc.ufmg.br/~william,koXKq5EAAAAJ
William S. Cleveland,Purdue University,http://www.stat.purdue.edu/~wsc,ds52UHcAAAAJ
William S. Evans,University of British Columbia,https://www.cs.ubc.ca/people/william-evans,JU1Z-DcAAAAJ
William Shoaff,Florida Institute of Technology,http://fit.academia.edu/WilliamShoaff,NOSCHOLARPAGE
William Smith 0002,University of York,https://www-users.cs.york.ac.uk/wsmith,o2z0h6MAAAAJ
William T. Freeman,Massachusetts Institute of Technology,https://billf.mit.edu,0zZnyMEAAAAJ
William T. Peake,Massachusetts Institute of Technology,http://www.rle.mit.edu/peake,NOSCHOLARPAGE
William Thompson,University of Utah,https://www.cs.utah.edu/~thompson,O44rjiMAAAAJ
William Whittaker,Carnegie Mellon University,http://www.ri.cmu.edu/person.html?person_id=339,ouKJUyEAAAAJ
William Wong,Middlesex University,https://www.mdx.ac.uk/about-us/our-people/staff-directory/profile/wong-william,NOSCHOLARPAGE
William Yang Wang,Univ. of California - Santa Barbara,http://www.cs.ucsb.edu/~william,gf8Ms_8AAAAJ
William Yeoh 0001,Washington University in St. Louis,https://sites.wustl.edu/wyeoh,HzOQwwkAAAAJ
Williams B. Seales,University of Kentucky,https://www.cs.uky.edu/people/faculty/bseales,NOSCHOLARPAGE
Willibrordus Martinus Pancratius van der Aalst,TU Eindhoven,http://www.vdaalst.com,NOSCHOLARPAGE
Willy Zwaenepoel,University of Sydney,https://sydney.edu.au/engineering/people/willy.zwaenepoel.php,KfI_FL4AAAAJ
Wim Martens,University of Bayreuth,https://www.theoinf.uni-bayreuth.de/en/team/martens_wim/index.php,QgkOSXoAAAAJ
Wim Michiels,KU Leuven,https://people.cs.kuleuven.be/~wim.michiels,mp29GegAAAAJ
Wim Vanderbauwhede,University of Glasgow,http://www.dcs.gla.ac.uk/~wim,8k8c2f4AAAAJ
Wim van Dam,Univ. of California - Santa Barbara,https://www.cs.ucsb.edu/~vandam,w_zbNmoAAAAJ
Winfried Kurth,University of Göttingen,http://www.uni-goettingen.de/de/72781.html,NOSCHOLARPAGE
Winfried Lamersdorf,University of Hamburg,https://vsis-www.informatik.uni-hamburg.de/vsis/members/look/4,ZvJH9dUAAAAJ
Wing Ho Leung,City University of Hong Kong,https://www.cs.cityu.edu.hk/~howard/brief-bio.html,EPaaCOgAAAAJ
Wing Kwong Chan,City University of Hong Kong,https://www.cs.cityu.edu.hk/~wkchan,-GAmIvsAAAAJ
Wing Ning Li,University of Arkansas,https://engineering.uark.edu/directory/index/uid/wingning/name/Wing+Ning+Li,NOSCHOLARPAGE
Wing-Kai Hon,National Tsing Hua University,http://www.cs.nthu.edu.tw/~wkhon,7bMQ4KAAAAAJ
Wing-Kin Sung,National University of Singapore,https://www.comp.nus.edu.sg/~ksung,KaCbE9MAAAAJ
Winston H. Hsu,National Taiwan University,https://winstonhsu.info,NOvDH3QAAAAJ
Winston K. G. Seah,Victoria University of Wellington,http://homepages.ecs.vuw.ac.nz/~winston,NOSCHOLARPAGE
Winston Khoon Guan Seah,Victoria University of Wellington,http://homepages.ecs.vuw.ac.nz/~winston,NOSCHOLARPAGE
Winston Seah,Victoria University of Wellington,http://homepages.ecs.vuw.ac.nz/~winston,NOSCHOLARPAGE
Wissam Fawaz,Lebanese American University,http://soe.lau.edu.lb/ece/faculty-staff/wissam_fawaz.php,3o50cnIAAAAJ
Witawas Srisa-an,University of Nebraska,http://cse.unl.edu/~witty,Nf_0d9MAAAAJ
Witold Charatonik,University of Wroclaw,https://www.ii.uni.wroc.pl/~wch,mCyQ2RgAAAAJ
Wlodek Drabent,IPI PAN,https://ipipan.waw.pl/instytut/pracownicy/wlodzimierz-drabent,bG-Ml1YAAAAJ
Wlodek Zadrozny,UNC - Charlotte,https://cci.uncc.edu/directory/wlodek-zadrozny,PwdKImsAAAAJ
Wlodzimierz Drabent,IPI PAN,https://ipipan.waw.pl/instytut/pracownicy/wlodzimierz-drabent,bG-Ml1YAAAAJ
Wm. Randolph Franklin,Rensselaer Polytechnic Institute,https://www.ecse.rpi.edu/Homepages/wrf/pmwiki,YFX36Q8AAAAJ
Wo-Shun Luk,Simon Fraser University,https://www.cs.sfu.ca/~woshun,NOSCHOLARPAGE
Wojciech Czerwinski,University of Warsaw,https://www.cs.ox.ac.uk/seminars/1696.html,qG0VSzMAAAAJ
Wojciech Jamroga,IPI PAN,https://ipipan.waw.pl/instytut/pracownicy/wojciech-jamroga,zOra04oAAAAJ
Wojciech Jarosz,Dartmouth College,https://www.cs.dartmouth.edu/~wjarosz,vrjL9p0AAAAJ
Wojciech Jaworski,University of Warsaw,http://www.mimuw.edu.pl/~wjaworski,NOSCHOLARPAGE
Wojciech Matusik,Massachusetts Institute of Technology,http://people.csail.mit.edu/wojciech,wbIMbL8AAAAJ
Wojciech Penczek,IPI PAN,https://ipipan.waw.pl/instytut/pracownicy/wojciech-penczek,KFwHuRIAAAAJ
Wojciech Plandowski,University of Warsaw,http://www.mimuw.edu.pl/~rytter,NOSCHOLARPAGE
Wojciech Rytter,University of Warsaw,http://www.mimuw.edu.pl/~rytter,hFJHqF4AAAAJ
Wojciech Szpankowski,Purdue University,https://www.cs.purdue.edu/people/spa,NOSCHOLARPAGE
Wojtek Jamroga,IPI PAN,https://ipipan.waw.pl/instytut/pracownicy/wojciech-jamroga,zOra04oAAAAJ
Wolf Zimmermann,University of Halle-Wittenberg,https://swt.informatik.uni-halle.de/mitarbeiter/zimmermann,6Aafd0gAAAAJ
Wolf-Dietrich Fellner,TU Darmstadt,http://www.gris.tu-darmstadt.de/home/members/fellner/index.en.htm,V_qa12YAAAAJ
Wolf-Tilo Balke,TU Braunschweig,http://www.ifis.cs.tu-bs.de/staff/balke,Vtd-PgEAAAAJ
Wolfgang Ahrendt,Chalmers/GU,https://www.chalmers.se/en/staff/Pages/ahrendt.aspx,NOSCHOLARPAGE
Wolfgang Banzhaf,Michigan State University,http://research.msu.edu/tag/wolfgang-banzhaf,u-FjxEUAAAAJ
Wolfgang Bein,University of Nevada Las Vegas,http://web.cs.unlv.edu/bein,oUwEYt4AAAAJ
Wolfgang E. Nagel,TU Dresden,https://tu-dresden.de/die_tu_dresden/zentrale_einrichtungen/zih/wir_ueber_uns/mitarbeiter/nagel,NOSCHOLARPAGE
Wolfgang Emmerich,University College London,http://www0.cs.ucl.ac.uk/staff/w.emmerich,ZgDFblUAAAAJ
Wolfgang Gatterbauer,Northeastern University,https://www.ccis.northeastern.edu/people/wolfgang-gatterbauer,9mIBxkMAAAAJ
Wolfgang Heidrich,KAUST,http://vccimaging.org/People/heidriw,IQSbom0AAAAJ
Wolfgang Hesse,LMU Munich,https://www.sosy-lab.org/people/hesse,NOSCHOLARPAGE
Wolfgang Hofkirchner,TU Wien,http://igw.tuwien.ac.at/hci/people/whofkirchner,MxJLB5sAAAAJ
Wolfgang Hommel,Bundeswehr University Munich,https://www.unibw.de/inf2/personen/professoren/hommel,LCsesngAAAAJ
Wolfgang Hürst,Utrecht University,https://www.uu.nl/staff/WOHurst,78AU-EwAAAAJ
Wolfgang J. Paul,Saarland University,http://www-wjp.cs.uni-saarland.de/leute/individuum.php?person=1&lang=en,NOSCHOLARPAGE
Wolfgang Johann Heinrich Mulzer,Freie Universitaet Berlin,https://www.mi.fu-berlin.de/inf/groups/ag-ti/members/professoren/Mulzer_Wolfgang.html,NOSCHOLARPAGE
Wolfgang Karl,Karlsruhe Institute of Technology,http://capp.itec.kit.edu/~karl/?lang=d,NOSCHOLARPAGE
Wolfgang Kastner,TU Wien,https://www.auto.tuwien.ac.at/index.php/projectsites/142-wolfgang-kastner,HXWWcJYAAAAJ
Wolfgang Klas,University of Vienna,https://cs.univie.ac.at/wolfgang.klas,NOSCHOLARPAGE
Wolfgang Koch 0001,University of Bonn,https://net.cs.uni-bonn.de/de/wg/sdf/mitarbeiter/leader/wolfgang-koch,NOSCHOLARPAGE
Wolfgang Küchlin,University of Tübingen,https://uni-tuebingen.de/en/faculties/faculty-of-science/departments/computer-science/lehrstuehle/symbolisches-rechnen/arbeitsbereich/prof-wolfgang-kuechlin,NOSCHOLARPAGE
Wolfgang Kunz,TU Kaiserslautern,https://www.eit.uni-kl.de/eis/people/kunz,NOSCHOLARPAGE
Wolfgang Lehner,TU Dresden,https://wwwdb.inf.tu-dresden.de/team/head/wolfgang-lehner,YYzvyMQAAAAJ
Wolfgang Maass 0001,Graz University of Technology,https://igi-web.tugraz.at/people/maass,2WpvdH0AAAAJ
Wolfgang Maass 0002,Saarland University,http://iss.uni-saarland.de/de/team/detail/wolfgang/maass,v1qq9joAAAAJ
Wolfgang Maaß 0001,Graz University of Technology,https://igi-web.tugraz.at/people/maass,2WpvdH0AAAAJ
Wolfgang Maaß 0002,Saarland University,http://iss.uni-saarland.de/de/team/detail/wolfgang/maass,v1qq9joAAAAJ
Wolfgang May,University of Göttingen,https://user.informatik.uni-goettingen.de/~may,NOSCHOLARPAGE
Wolfgang Menzel,University of Hamburg,https://nats-www.informatik.uni-hamburg.de/User/WolfgangMenzel,hg1RlJsAAAAJ
Wolfgang Merkle,Heidelberg University,https://www.math.uni-heidelberg.de/logic/merkle/merkle.html,rgFS9KYAAAAJ
Wolfgang Mulzer,Freie Universitaet Berlin,https://www.mi.fu-berlin.de/inf/groups/ag-ti/members/professoren/Mulzer_Wolfgang.html,NOSCHOLARPAGE
Wolfgang Nebel,University of Oldenburg,https://uol.de/ehs/personen/prof-dr-ing-wolfgang-nebel,coKZJ4YAAAAJ
Wolfgang Nejdl,University of Hannover,http://www.kbs.uni-hannover.de/~nejdl,LC62bdYAAAAJ
Wolfgang Pree,University of Salzburg,http://www.softwareresearch.net/home,NOSCHOLARPAGE
Wolfgang Prinz,RWTH Aachen,http://dbis.rwth-aachen.de/cms/staff/prinz,QWWLOGQAAAAJ
Wolfgang Reif,University of Augsburg,https://www.uni-augsburg.de/de/fakultaet/fai/isse/prof/swtse/team/reif,NOSCHOLARPAGE
Wolfgang Reinhardt 0002,Bundeswehr University Munich,https://websrv.rz.unibw-muenchen.de/inf4/professuren/geoinformatik/index_html,Xar_GqcAAAAJ
Wolfgang Schröder 0002,University of Erlangen–Nuremberg,https://www4.cs.fau.de/~wosch,NOSCHOLARPAGE
Wolfgang Schröder-Preikschat,University of Erlangen–Nuremberg,https://www4.cs.fau.de/~wosch,NOSCHOLARPAGE
Wolfgang Slany,Graz University of Technology,http://www.ist.tugraz.at/wolfgang_slany.html,yCR2h98AAAAJ
Wolfgang Thomas,RWTH Aachen,https://www.lii.rwth-aachen.de/en/mitarbeiter/13-mitarbeiter/professoren/7-wolfgang-thomas.html,NOSCHOLARPAGE
Wolfgang W. Bein,University of Nevada Las Vegas,http://web.cs.unlv.edu/bein,oUwEYt4AAAAJ
Wolfgang Wahlster,Saarland University,http://w5.cs.uni-saarland.de/staff/show/wahlster,FQm5IYsAAAAJ
Wolfram Burgard,University of Freiburg,http://www2.informatik.uni-freiburg.de/~burgard,zj6FavAAAAAJ
Wolfram Hardt,TU Chemnitz,https://www.tu-chemnitz.de/informatik/ce/professur/professor.php,oYPZZ2gAAAAJ
Wolfram Kahl,McMaster University,http://www.cas.mcmaster.ca/~kahl,NOSCHOLARPAGE
Wolfram Wöß,JKU Linz,https://www.jku.at/en/faw/about-us/team/wolfram-woess,NOSCHOLARPAGE
Won Hwa Kim,University of Texas at Arlington,https://mentis.uta.edu/explore/profile/won-hwa-kim,aWPSHNwAAAAJ
Won Suk Lee,Yonsei University,http://database.yonsei.ac.kr/professor,NOSCHOLARPAGE
Won-Gyu Lee,Korea University,https://inc.korea.ac.kr/menu/4?lang=en,NOSCHOLARPAGE
Won-Ki Jeong,Korea University,http://hvcl.korea.ac.kr,bnyKqkwAAAAJ
Won-Suk Lee,Yonsei University,http://database.yonsei.ac.kr/professor,NOSCHOLARPAGE
WonGyu Lee,Korea University,https://inc.korea.ac.kr/menu/4?lang=en,NOSCHOLARPAGE
Wonjong Rhee,Seoul National University,http://adsl.snu.ac.kr,htFuYWsAAAAJ
Wonryull Koh,University of Southern Mississippi,https://www.usm.edu/computing/faculty/wonryull-koh,NOSCHOLARPAGE
Wonsook Lee,University of Ottawa,http://www.site.uottawa.ca/~wslee,ohzzc8AAAAAJ
Wonyong Sung,Seoul National University,https://sites.google.com/site/spslab2018/professor,1IfNFz4AAAAJ
Wonzoo Chung,Korea University,http://spl.korea.ac.kr/professor,NOSCHOLARPAGE
Woo Chaw Seng,University of Malaya,https://umexpert.um.edu.my/cswoo,R8Poty8AAAAJ
Woo Jin Lee,Kyungpook National University,http://selab.knu.ac.kr,mu0cyK8AAAAJ
Wooi Boon Goh,Nanyang Technological University,http://research.ntu.edu.sg/expertise/academicprofile/Pages/StaffProfile.aspx?ST_EMAILID=ASWBGOH,w7C16A8AAAAJ
Wooi-Boon Goh,Nanyang Technological University,http://research.ntu.edu.sg/expertise/academicprofile/Pages/StaffProfile.aspx?ST_EMAILID=ASWBGOH,w7C16A8AAAAJ
Wook-Shin Han,POSTECH,http://president.postech.ac.kr/html/portlet/ext/person/popup.jsp?sLocale=en&pernr=00100581&orgeh=50089843&prefLocale=en,Jp_w2IwAAAAJ
Woongki Baek,UNIST,https://sites.google.com/site/woongkibaek,5WqlEKgAAAAJ
Woontack Woo,KAIST,http://uvrlab.org/professor.php,s3Z4Q1oAAAAJ
Worthy Martin,University of Virginia,https://www.cs.virginia.edu/people/faculty/martin.html,NOSCHOLARPAGE
Worthy N. Martin,University of Virginia,https://www.cs.virginia.edu/people/faculty/martin.html,NOSCHOLARPAGE
Wouter Boomsma,University of Copenhagen,https://di.ku.dk/english/staff/?pure=en/persons/275482,EwqU_jsAAAAJ
Wouter Duivesteijn,TU Eindhoven,http://wwwis.win.tue.nl/~wouter,LmsQAtAAAAAJ
Wouter Joosen,KU Leuven,https://distrinet.cs.kuleuven.be/people/wouter,NOSCHOLARPAGE
Wouter Meulemans,TU Eindhoven,http://www.win.tue.nl/~wmeulema,ZUj5GLoAAAAJ
Wouter Swierstra,Utrecht University,http://www.staff.science.uu.nl/~swier004,ZrrljKAAAAAJ
Wray L. Buntine,Monash University,http://monash.edu/research/explore/en/persons/wray-buntine(09330af2-6b03-4000-9a7f-9dd48a7ca997).html,J2pGGuAAAAAJ
Wray Lindsay Buntine,Monash University,http://monash.edu/research/explore/en/persons/wray-buntine(09330af2-6b03-4000-9a7f-9dd48a7ca997).html,J2pGGuAAAAAJ
Wu-Chun Feng,Virginia Tech,http://people.cs.vt.edu/feng,Sm0f6HYAAAAJ
Wu-Jun Li,Nanjing University,https://cs.nju.edu.cn/lwj,NCCdqdcAAAAJ
Wu-chang Feng,Portland State University,https://www.pdx.edu/profile/meet-professor-wu-chang-feng,NOSCHOLARPAGE
Wu-chi Feng,Portland State University,http://web.cecs.pdx.edu/~wuchi,NOSCHOLARPAGE
Wu-chun Feng,Virginia Tech,http://people.cs.vt.edu/feng,Sm0f6HYAAAAJ
Wulfram Gerstner,EPFL,http://lcn.epfl.ch/~gerstner,dqBH37QAAAAJ
Wuu Yang,National Chiao Tung University,http://people.cs.nctu.edu.tw/~wuuyang/homepage/Welcome.html,NOSCHOLARPAGE
Wuwei Shen,Western Michigan University,https://cs.wmich.edu/~wwshen,NOSCHOLARPAGE
Wuxu Peng,Texas State University,http://keystone.cs.txstate.edu/personal,NOSCHOLARPAGE
Wyatt Lloyd,Princeton University,http://www-bcf.usc.edu/~wyattllo,NU-FHh4AAAAJ
Wyatt S. Newman,Case Western Reserve University,http://engineering.case.edu/profiles/wsn,NOSCHOLARPAGE
Wynne Hsu,National University of Singapore,http://www.comp.nus.edu.sg/~whsu,ljyBjv8AAAAJ
