name,affiliation,homepage,scholarid
P. David Stotts,University of North Carolina,http://www.cs.unc.edu/~stotts,NOSCHOLARPAGE
P. Deepak 0001,Queen's University Belfast,https://www.qub.ac.uk/schools/eeecs/Connect/Staff/BusinessCard/?name=d.padmanabhan,YC60F-YAAAAJ
P. J. Narayanan,IIIT Hyderabad,https://www.iiit.ac.in/~pjn,3HKjt_IAAAAJ
P. J. P. McMullan,Queen's University Belfast,https://www.qub.ac.uk/schools/eeecs/Connect/Staff/BusinessCard/?name=p.p.mcmullan,NOSCHOLARPAGE
P. K. Srijith,IIT Hyderabad,https://cse.iith.ac.in/?q=People/Faculty,C1YpEWsAAAAJ
P. Katerinis,AUEB,http://www.aueb.gr/pages_en/graduate/masters.php,NOSCHOLARPAGE
P. Krishna Gummadi [SWS],Max Planck Society,https://www.mpi-sws.org/~gummadi,Bz3APTsAAAAJ
P. Krishna Reddy,IIIT Hyderabad,http://faculty.iiit.ac.in/~pkreddy,XIgl8kUAAAAJ
P. L. Kilpatrick,Queen's University Belfast,https://www.qub.ac.uk/schools/eeecs/Connect/Staff/BusinessCard/?name=p.kilpatrick,OlitxFsAAAAJ
P. Madhusudan,Univ. of Illinois at Urbana-Champaign,http://madhu.cs.illinois.edu,V828uG8AAAAJ
P. P. Chakrabarti,IIT Kharagpur,http://cse.iitkgp.ac.in/~ppchak,yq-ekN8AAAAJ
P. Patrick van der Smagt,TU Munich,https://brml.org/people/smagt,5ybzvbsAAAAJ
P. Roberto Oliveira,UFRJ,http://www.cos.ufrj.br/index.php/pt-BR/pessoas/details/18/1045-poliveir,55Or75UAAAAJ
P. Sadayappan,University of Utah,http://www.cs.utah.edu/~saday,JN4tlsMAAAAJ
P. Sateesh Kumar,IIT Roorkee,http://www.iitr.ac.in/departments/CSE/pages/People+Faculty+drpskfec.html,jc0x_v8AAAAJ
P. Sreenivasa Kumar,IIT Madras,http://www.cse.iitm.ac.in/~psk,QcONIzUAAAAJ
P. Takis Mathiopoulos,University of Athens,http://gain.di.uoa.gr/index.php/the-group-members/faculty-members/p-takis-mathiopoulos,NOSCHOLARPAGE
P. Thomas Fletcher,University of Virginia,https://engineering.virginia.edu/faculty/tom-fletcher,7pRRhkkAAAAJ
P. Ubaidulla,IIIT Hyderabad,https://www.iiit.ac.in/people/faculty/pubaidulla,JpIWSI4AAAAJ
P. V. Skums,Georgia State University,http://alan.cs.gsu.edu/compbel,h5ZxsFAAAAAJ
P. Vassalos,AUEB,http://pubs.dbs.uni-leipzig.de/aa/aff/Greece/Athens/Athens%20University%20of%20Economics%20and%20Business,NOSCHOLARPAGE
P. Vijay Kumar,IISc Bangalore,http://ece.iisc.ernet.in/~vijay,Wx5neQQAAAAJ
Pabitra Mitra,IIT Kharagpur,http://cse.iitkgp.ac.in/~pabitra,5bXSZPYAAAAJ
Pablo A. Parrilo,Massachusetts Institute of Technology,http://www.mit.edu/~parrilo,s_IPfEYAAAAJ
Pablo Alejandro Figueroa,Universidad de los Andes,https://profesores.virtual.uniandes.edu.co/pfiguero/es/inicio,1pVmx_4AAAAJ
Pablo Barceló,Universidad de Chile,https://users.dcc.uchile.cl/~pbarcelo,iVGrHpgAAAAJ
Pablo Barceló Baeza,Universidad de Chile,https://users.dcc.uchile.cl/~pbarcelo,iVGrHpgAAAAJ
Pablo Bofill Soliguer,Polytechnic University of Catalonia,http://www.vogue.com/13402912/melissa-losada-pablo-bofill-dhuart-wedding-cadaques-spain,NOSCHOLARPAGE
Pablo Cesar,TU Delft,https://www.pablocesar.me,guRMl5IAAAAJ
Pablo Figueroa,Universidad de los Andes,https://profesores.virtual.uniandes.edu.co/pfiguero/es/inicio,1pVmx_4AAAAJ
Pablo G. Turjanski,University of Buenos Aires,https://www.dc.uba.ar/inv/lsc/PTurjanski,NOSCHOLARPAGE
Pablo Moscato,University of Newcastle,https://www.newcastle.edu.au/profile/pablo-moscato,cc3Ym4gAAAAJ
Pablo Royo,Polytechnic University of Catalonia,https://icarus.upc.edu/en/staff-and-collaborators/staff,LZUi63wAAAAJ
Pablo de Cristóforis,University of Buenos Aires,https://www.dc.uba.ar/rrhh/profesores/decristoforis,v0TPxugAAAAJ
Padhraic Smyth,Univ. of California - Irvine,http://www.ics.uci.edu/~smyth,OsoQ-dcAAAAJ
Padma Daryanani,Middlesex University,http://www.cs.mdx.ac.uk/people/padma-daryanani,NOSCHOLARPAGE
Padma Raghavan,Vanderbilt University,http://www.cse.psu.edu/~pxr3,JDctypMAAAAJ
Padmanabhan Rajan,IIT Mandi,https://faculty.iitmandi.ac.in/~padman,3sZ-nzAAAAAJ
Padmini Srinivasan,University of Iowa,https://cs.uiowa.edu/people/padmini-srinivasan,NOSCHOLARPAGE
Padraic Edgington,University of Connecticut,http://www.cse.uconn.edu/people/faculty,eivODg0AAAAJ
Padraig Corcoran,Cardiff University,https://www.cardiff.ac.uk/people/view/155896-corcoran-padraig,eoqE1OEAAAAJ
Pai H. Chou,National Tsing Hua University,http://epl.tw/people/phchou,r7I9N5cAAAAJ
Paige Rodeghero,Clemson University,http://paigerodeghero.com,vTZVpdqxruwC
Pak Ching Li,University of Manitoba,http://www.cs.umanitoba.ca/~lipakc,NOSCHOLARPAGE
Palash Dey,IIT Kharagpur,https://cse.iitkgp.ac.in/~palash,BkDCPiIAAAAJ
Palden Lama,University of Texas at San Antonio,http://www.cs.utsa.edu/~plama,TRXZ5jsAAAAJ
Paliath Narendran,University at Albany - SUNY,https://www.albany.edu/ceas/paliath-narendran.php,NOSCHOLARPAGE
Pallab Dasgupta,IIT Kharagpur,http://cse.iitkgp.ac.in/~pallab,Pw4jS9sAAAAJ
Pallavi Dhagat,Oregon State University,http://eecs.oregonstate.edu/people/dhagat-pallavi,mHQxTHEAAAAJ
Pallavi Jain 0001,IIT Jodhpur,https://pallavijain.weebly.com,Z6Gkk6UAAAAJ
Palle Dahlstedt,Chalmers/GU,https://www.chalmers.se/en/staff/Pages/palle-dahlstedt.aspx,NOSCHOLARPAGE
Pamela J. Wisniewski,University of Central Florida,http://www.pamspam.com,3JZB10QAAAAJ
Pamela Karr,University of Central Florida,http://www.pamspam.com,3JZB10QAAAAJ
Pamela Karr Wisniewski,University of Central Florida,http://www.pamspam.com,3JZB10QAAAAJ
Pan Hui 0001,University of Helsinki,https://www.cs.helsinki.fi/u/panhui,dcDrhzMAAAAJ
Pan Li 0005,Purdue University,https://sites.google.com/view/panli-purdue/home,IroP0EwAAAAJ
Pan Peng 0001,University of Sheffield,https://www.sheffield.ac.uk/dcs/people/academic/pan-peng,Ri9cLW4AAAAJ
Pan Xu 0001,NJIT,https://sites.google.com/site/panxupi,jD1CUdYAAAAJ
Panagiota Fatourou,University of Crete,http://users.ics.forth.gr/~faturu,ZgHRkcUAAAAJ
Panagiotis Bouros,University of Mainz,https://datamanagement.cs.uni-mainz.de/panagiotis-bouros,TezsWQUAAAAJ
Panagiotis Demestichas,University of Piraeus,https://www.ds.unipi.gr/en/faculty/pdemest-en,0TYLd78AAAAJ
Panagiotis Frangos,NTUA,https://www.ece.ntua.gr/gr/staff/48,i8miyV0AAAAJ
Panagiotis Kanellopoulos,University of Essex,https://www.essex.ac.uk/people/kanel33803/panagiotis-kanellopoulos,KQdQxm4AAAAJ
Panagiotis Karras,Aarhus University,http://cs.au.dk/~karras,B6C4aBoAAAAJ
Panagiotis Manolios,Northeastern University,http://www.ccs.neu.edu/home/pete,NOSCHOLARPAGE
Panagiotis Papadimitratos,KTH Royal Institute of Technology,https://www.kth.se/profile/papadim,Iv2wBQ8AAAAJ
Panagiotis Rondogiannis,University of Athens,http://cgi.di.uoa.gr/~prondo,a6x5amYAAAAJ
Panagiotis Stamatopoulos,University of Athens,http://cgi.di.uoa.gr/~takis/Welcome.html,SZ4kZr0AAAAJ
Panagiotis Tsakalides,University of Crete,http://users.ics.forth.gr/~tsakalid,hSdkUuwAAAAJ
Panagiotis Tsanakas,NTUA,http://www.cslab.ntua.gr/~panag,UdV8-qIAAAAJ
Panayiotis Frangos,NTUA,https://www.ece.ntua.gr/gr/staff/48,i8miyV0AAAAJ
Panayiotis Kotzanikolaou,University of Piraeus,https://www.unipi.gr/unipi/en/pkotzani.html,BOpUZOgAAAAJ
Panayiotis Takis Mathiopoulos,University of Athens,http://gain.di.uoa.gr/index.php/the-group-members/faculty-members/p-takis-mathiopoulos,NOSCHOLARPAGE
Panayiotis Tsanakas,NTUA,http://www.cslab.ntua.gr/~panag,UdV8-qIAAAAJ
Panayiotis Tsaparas,University of Ioannina,https://cs.uoi.gr/~tsap,Rmds8IcAAAAJ
Panayiotis Zaphiris,Cyprus University of Technology,https://www.cut.ac.cy/faculties/aac/mga/staff/elected-staff/panayiotis.zaphiris/?languageId=1,VU9FlDsAAAAJ
Panayotis G. Cottis,NTUA,https://www.ece.ntua.gr/en/staff/19,NOSCHOLARPAGE
Panayotis Mavromatis,New York University,http://steinhardt.nyu.edu/faculty/Panayotis_Mavromatis,2ECioBQAAAAJ
Panayotis Tsanakas,NTUA,http://www.cslab.ntua.gr/~panag,UdV8-qIAAAAJ
Panfeng Huang,NWPU,https://teacher.nwpu.edu.cn/m/en/2005000156.html,NOSCHOLARPAGE
Pang-Ning Tan,Michigan State University,http://www.cse.msu.edu/~ptan,xNs4D2QAAAAJ
Pangfeng Liu,National Taiwan University,https://www.coursera.org/instructor/~7924288,NOSCHOLARPAGE
Pankaj Jalote,IIIT Delhi,https://www.iiitd.edu.in/~jalote,NOSCHOLARPAGE
Pankaj K. Agarwal,Duke University,https://users.cs.duke.edu/~pankaj,xe0eVksAAAAJ
Pankaj Kumar Agarwal,Duke University,https://users.cs.duke.edu/~pankaj,xe0eVksAAAAJ
Panlong Yang,USTC,http://cs.ustc.edu.cn/szdw/bdjs/201707/t20170705_279933.html,sst3cxoAAAAJ
Panos Constantopoulos,AUEB,https://uregister-ldap.aueb.gr/en/faculty/constantopoulos-panos,EAagfCoAAAAJ
Panos E. Trahanias,University of Crete,http://users.ics.forth.gr/~trahania/home.html,MwSYJxsAAAAJ
Panos Giannopoulos,Middlesex University,http://www.eis.mdx.ac.uk/staffpages/panosgiannopoulos,d19xulYAAAAJ
Panos J. Antsaklis,University of Notre Dame,http://www3.nd.edu/~pantsakl,NOSCHOLARPAGE
Panos K. Chrysanthis,University of Pittsburgh,http://panos.cs.pitt.edu,AQA5QtAAAAAJ
Panos Kalnis,KAUST,https://www.kaust.edu.sa/en/study/faculty/panagiotis-kalnis,NOSCHOLARPAGE
Panos Louvieris,Brunel University London,https://www.brunel.ac.uk/people/panos-louvieris,aQziTS0AAAAJ
Panos Papadimitratos,KTH Royal Institute of Technology,https://www.kth.se/profile/papadim,Iv2wBQ8AAAAJ
Panos Parpas,Imperial College London,http://www.doc.ic.ac.uk/~pp500,yXcvHysAAAAJ
Panos Patros,University of Waikato,https://www.cms.waikato.ac.nz/people/ppatros,TIQX1soAAAAJ
Panos Rondogiannis,University of Athens,http://cgi.di.uoa.gr/~prondo,a6x5amYAAAAJ
Panos Vassiliadis,University of Ioannina,https://cs.uoi.gr/~pvassil,B_Zd1P8AAAAJ
Panruo Wu,University of Houston,http://www2.cs.uh.edu/~panruowu,3o2441cAAAAJ
Pantelis Sopasakis,Queen's University Belfast,https://www.qub.ac.uk/schools/eeecs/Connect/Staff/BusinessCard/?name=P.Sopasakis,arqKr8QAAAAJ
Paola Boito,Ecole Normale Superieure de Lyon,http://www.ens-lyon.fr/en/english-ens-de-lyon-269761.kjsp,OYBSJuIAAAAJ
Paola Flocchini,University of Ottawa,http://www.site.uottawa.ca/~flocchin,LVdJjiUAAAAJ
Paola Inverardi,University of L'Aquila,http://people.disim.univaq.it/inverard,x8XlRFgAAAAJ
Paola Quaglia,University of Trento,https://webapps.unitn.it/du/en/Persona/PER0003890/Didattica,2c1CeWUAAAAJ
Paola Velardi,Sapienza University of Rome,https://sites.google.com/a/di.uniroma1.it/paolavelardi,yf0g6zkAAAAJ
Paolo A. G. Sivilotti,Ohio State University,http://web.cse.ohio-state.edu/~paolo,NOSCHOLARPAGE
Paolo Bientinesi,RWTH Aachen,https://www.aices.rwth-aachen.de/people/bientinesi,G6Z5vx8AAAAJ
Paolo Bottoni,Sapienza University of Rome,https://www.di.uniroma1.it/it/docenti/bottoni-paolo,OPNZrR8AAAAJ
Paolo Bouquet,University of Trento,http://dit.unitn.it/~bouquet,zlOAzg4AAAAJ
Paolo Casari,University of Trento,https://webapps.unitn.it/du/it/Persona/PER0221586/Didattica,CSaXahIAAAAJ
Paolo Cremonesi,Politecnico di Milano,http://home.deib.polimi.it/cremonesi,dTSOPCMAAAAJ
Paolo D'Arco,University of Salerno,http://www.di.unisa.it/~paodar,KSCzOIoAAAAJ
Paolo Favaro,University of Bern,http://www.cvg.unibe.ch/paolo%20favaro.html,w_XDRRsAAAAJ
Paolo Ferragina,University of Pisa,http://pages.di.unipi.it/ferragina,3EILU3MAAAAJ
Paolo Giacomazzi,Politecnico di Milano,http://home.deib.polimi.it/giacomaz,NOSCHOLARPAGE
Paolo Giorgini,University of Trento,http://disi.unitn.it/~pgiorgio,ulB0WtkAAAAJ
Paolo Ienne,EPFL,https://people.epfl.ch/101954,oB0wsDcAAAAJ
Paolo Liberatore,Sapienza University of Rome,http://www.diag.uniroma1.it/users/paolo%20liberatore,NOSCHOLARPAGE
Paolo Mancarella,University of Pisa,http://www.di.unipi.it/~paolo,NOSCHOLARPAGE
Paolo Milazzo,University of Pisa,http://www.di.unipi.it/~milazzo,5e72aJwAAAAJ
Paolo Papotti,EURECOM,http://www.eurecom.fr/en/people/papotti-paolo,YwoezYX7JVgJ
Paolo Rapisarda,University of Southampton,https://www.ecs.soton.ac.uk/people/pr3,RZLStBQAAAAJ
Paolo Rech,UFRGS,http://inf.ufrgs.br/~prech,1EKLRakAAAAJ
Paolo Roberto Oliveira,UFRJ,http://www.cos.ufrj.br/index.php/pt-BR/pessoas/details/18/1045-poliveir,55Or75UAAAAJ
Paolo Rocca,University of Trento,https://webapps.unitn.it/du/en/Persona/PER0000568/Didattica,NOSCHOLARPAGE
Paolo Romano 0002,Universidade de Lisboa,http://www.gsd.inesc-id.pt/~romanop,FH_Z5YgAAAAJ
Paolo Tell,IT University of Copenhagen,https://pure.itu.dk/portal/en/persons/paolo-tell(2b8ff3a4-e9b0-403d-8bd8-1bf26121c234)/publications.html,DZV2vjQAAAAJ
Paolo Tonella,Università della Svizzera italiana,http://www.inf.usi.ch/faculty/tonella,6n3gAUMAAAAJ
Paolo Turrini,University of Warwick,https://warwick.ac.uk/fac/sci/dcs/people/paolo_turrini,3NJIJNgAAAAJ
Parag Chaudhuri,IIT Bombay,https://www.cse.iitb.ac.in/~paragc,kOkSgaMAAAAJ
Parag Singla,IIT Delhi,http://www.cse.iitd.ac.in/~parags,V49BsgMAAAAJ
Parampalli Udaya,University of Melbourne,http://people.eng.unimelb.edu.au/udaya,dT9UeiAAAAAJ
Parasara Sridhar Duggirala,University of North Carolina,http://cs.unc.edu/~psd,00S6A4IAAAAJ
Paraschos Koutris,University of Wisconsin - Madison,http://pages.cs.wisc.edu/~paris,CaO1wNAAAAAJ
Parastoo Sadeghi,Australian National University,http://users.cecs.anu.edu.au/~parastoo,oHlFaZcAAAAJ
Pari Delir Haghighi,Monash University,http://monash.edu/research/explore/en/persons/pari-delir-haghighi(70b2eef2-f84e-44ac-b48b-381f2ab4ec69).html,zvNKqskAAAAJ
Parimala Thulasiraman,University of Manitoba,http://www.cs.umanitoba.ca/~thulasir,NOSCHOLARPAGE
Parinya Chalermsook,Aalto University,https://people.aalto.fi/new/parinya.chalermsook,Cw6NQasAAAAJ
Parinya Punpongsanon,Osaka University,https://punpongsanon.info,QEG4f_0AAAAJ
Paris Avgeriou,University of Groningen,http://www.cs.rug.nl/~paris,OlYdiYMAAAAJ
Paris Koutris,University of Wisconsin - Madison,http://pages.cs.wisc.edu/~paris,CaO1wNAAAAAJ
Paris Smaragdis,Univ. of Illinois at Urbana-Champaign,http://paris.cs.illinois.edu,AYpm7KcAAAAJ
Parisa Eslambolchilar,Cardiff University,https://www.cardiff.ac.uk/people/view/634369-eslambolchilar-parisa,FWUy4HAAAAAJ
Parisa Kordjamshidi,Michigan State University,https://www.cse.msu.edu/~kordjams,Ugo3NGgAAAAJ
Paritosh K. Pandya,Tata Inst. of Fundamental Research,http://www.tcs.tifr.res.in/~pandya,M_FgkWsAAAAJ
Parke Godfrey,York University,http://www.cs.yorku.ca/~godfrey,NOSCHOLARPAGE
Parmit K. Chilana,Simon Fraser University,http://www.cs.sfu.ca,wWhVnqkAAAAJ
Parosh Aziz Abdulla,Uppsala University,http://user.it.uu.se/~parosh,ClHyW9MAAAAJ
Parris K. Egbert,Brigham Young University,https://cs.byu.edu/faculty/egbert,7oD2ZL8AAAAJ
Parth H. Pathak,George Mason University,http://www.phpathak.com,VP4egzMAAAAJ
Parth Nagarkar,New Mexico State University,https://www.cs.nmsu.edu/~nagarkar/index.html,Vax1nQcAAAAJ
Partha Bhowmick,IIT Kharagpur,http://cse.iitkgp.ac.in/~pb,ExC8yMUAAAAJ
Partha Dasgupta,Arizona State University,http://cactus.eas.asu.edu/partha,NOSCHOLARPAGE
Partha Mukhopadhyay,CMI,http://www.cmi.ac.in/~suryajith,RPCLZDMAAAAJ
Partha P. Talukdar,IISc Bangalore,http://talukdar.net,CIZwXAcAAAAJ
Partha Pande 0001,Washington State University,http://www.eecs.wsu.edu/~pande,NOSCHOLARPAGE
Partha Pratim Chakrabarti,IIT Kharagpur,http://cse.iitkgp.ac.in/~ppchak,yq-ekN8AAAAJ
Partha Pratim Das,IIT Kharagpur,http://cse.iitkgp.ac.in/~ppd,UVYRNncAAAAJ
Partha Pratim Pande,Washington State University,http://www.eecs.wsu.edu/~pande,NOSCHOLARPAGE
Partha Pratim Roy,IIT Roorkee,http://www.iitr.ac.in/departments/CSE/pages/People+Faculty+Partha_Pratim_Roy.html,7SQRtWUAAAAJ
Partha Pratim Talukdar,IISc Bangalore,http://talukdar.net,CIZwXAcAAAAJ
Parthasarathy Madhusudan,Univ. of Illinois at Urbana-Champaign,http://madhu.cs.illinois.edu,V828uG8AAAAJ
Parvathi Chundi,University of Nebraska - Omaha,https://www.unomaha.edu/college-of-information-science-and-technology/about/faculty-staff/parvathi-chundi.php,IQATIvYAAAAJ
Parvin Mousavi,Queen’s University,http://medi.cs.queensu.ca/users/pmousavi,v3_yocgAAAAJ
Pascal Bercher,Australian National University,https://cs.anu.edu.au/people/pascal-bercher,UuK7xYsAAAAJ
Pascal Bouvry,University of Luxembourg,http://wwwen.uni.lu/snt/people/pascal_bouvry,pFbWf-MAAAAJ
Pascal Denis,CRIStAL,https://www.cristal.univ-lille.fr/profil/pdenis,Y1nQ6eUAAAAJ
Pascal Fallavollita,University of Ottawa,https://health.uottawa.ca/people/fallavollita-pascal,KMXRVlEAAAAJ
Pascal Frossard,EPFL,https://people.epfl.ch/pascal.frossard,-Ve9sJ0AAAAJ
Pascal Fua,EPFL,https://people.epfl.ch/pascal.fua/bio?lang=en,kzFmAkYAAAAJ
Pascal Hitzler,Kansas State University,http://www.pascal-hitzler.de,EkwfQcMAAAAJ
Pascal Koiran,Ecole Normale Superieure de Lyon,http://perso.ens-lyon.fr/pascal.koiran,EQwChR4AAAAJ
Pascal Matsakis,University of Guelph,http://www.cis.uoguelph.ca/~matsakis,NOSCHOLARPAGE
Pascal Poupart,University of Waterloo,https://cs.uwaterloo.ca/~ppoupart,KhAJWroAAAAJ
Pascal Schweitzer,TU Kaiserslautern,http://alg.informatik.uni-kl.de/team/schweitzer,NOSCHOLARPAGE
Pascale Fung,HKUST,http://www.ee.ust.hk/~pascale,QEMJWzEAAAAJ
Pasquale Foggia,University of Salerno,http://mivia.unisa.it/people/foggia,P9eeLD8AAAAJ
Pat Hanrahan,Stanford University,https://graphics.stanford.edu/~hanrahan,RzEnQmgAAAAJ
Pat Healey,Queen Mary University of London,http://www.eecs.qmul.ac.uk/profiles/healeypat.html,5cjOswYAAAAJ
Pat Morin,Carleton University,https://carleton.ca/scs/people/pat-morin,MQI9NXEAAAAJ
Pat Pannuto,Univ. of California - San Diego,https://patpannuto.com,4uuuczIAAAAJ
Patanamon Thongtanunam,University of Melbourne,http://patanamon.com,M23YcIoAAAAJ
Patrice Delmas,University of Auckland,https://www.cs.auckland.ac.nz/people/p-delmas,BIPP6L4AAAAJ
Patrice Koehl,Univ. of California - Davis,http://www.cs.ucdavis.edu/~koehl,NRAo--UAAAAJ
Patrice Marcotte,University of Montreal,http://www.iro.umontreal.ca/~marcotte,p_iffpcAAAAJ
Patricia A. Evans,University of New Brunswick,http://www.cs.unb.ca/~pevans,NOSCHOLARPAGE
Patrícia A. Vargas,Heriot-Watt University,https://researchportal.hw.ac.uk/en/persons/patricia-a-vargas,NOSCHOLARPAGE
Patrícia Amâncio Vargas,Heriot-Watt University,https://researchportal.hw.ac.uk/en/persons/patricia-a-vargas,NOSCHOLARPAGE
Patricia Bouyer,Ecole Normale Superieure de Cachan,http://www.lsv.ens-cachan.fr/~bouyer,sgKO-H4AAAAJ
Patricia Bouyer-Decitre,Ecole Normale Superieure de Cachan,http://www.lsv.ens-cachan.fr/~bouyer,sgKO-H4AAAAJ
Patricia Charlton,Open University UK,http://stem.open.ac.uk/people/pmc466,NI4tPNcAAAAJ
Patricia Everaere,CRIStAL,https://www.cristal.univ-lille.fr/profil/everaerp,NOSCHOLARPAGE
Patricia J. Riddle,University of Auckland,https://www.cs.auckland.ac.nz/~pat,rih68CwAAAAJ
Patricia Jean Riddle,University of Auckland,https://www.cs.auckland.ac.nz/~pat,rih68CwAAAAJ
Patricia Lago,VU Amsterdam,http://www.cs.vu.nl/~patricia/Patricia_Lago/Home.html,q5vgzKgAAAAJ
Patricia Riddle,University of Auckland,https://www.cs.auckland.ac.nz/~pat,rih68CwAAAAJ
Patricia Shaw,Aberystwyth University,https://www.aber.ac.uk/en/cs/staff-profiles/listing/profile/phs,4nu22CcAAAAJ
Patricio V. Poblete,Universidad de Chile,http://www.dcc.uchile.cl/~ppoblete,AZuHYCQAAAAJ
Patrick Bahr,IT University of Copenhagen,https://pure.itu.dk/portal/en/persons/patrick-bahr(5e271e6a-7a91-47bd-9f12-3b73f4e0d7ac).html,eMKdREgAAAAJ
Patrick Baillot,Ecole Normale Superieure de Lyon,http://perso.ens-lyon.fr/patrick.baillot,NOSCHOLARPAGE
Patrick Baudisch,Hasso Plattner Institute,https://hpi.de/en/the-hpi/people/professors/prof-dr-patrick-baudisch.html,GdRdhYwAAAAJ
Patrick C. Shih,Indiana University,https://patshih.luddy.indiana.edu,Lzw8EnkAAAAJ
Patrick Cardinal,ETS Montreal,https://etsmtl.ca/Professeurs/pcardinal,23rIjfwAAAAJ
Patrick Carrington,Carnegie Mellon University,http://www.patrickcarrington.com,3ALpUOEAAAAJ
Patrick Chiang,Oregon State University,http://eecs.oregonstate.edu/people/chiang-patrick,4nYbZ0YAAAAJ
Patrick Cousot,New York University,http://cs.nyu.edu/~pcousot,mhlvI8wAAAAJ
Patrick Crowley,Washington University in St. Louis,http://www.arl.wustl.edu/~pcrowley,n6wC7nwAAAAJ
Patrick D. Krolak,University of Massachusetts Lowell,http://www.alumni.uml.edu/s/1355/lowell/nophoto.aspx?sid=1355&gid=4&pgid=1157,NOSCHOLARPAGE
Patrick D. McDaniel,Pennsylvania State University,http://www.patrickmcdaniel.org,AMGqrI0AAAAJ
Patrick D. Pedrow,Washington State University,http://www.eecs.wsu.edu/~pedrow,8FD3lhEAAAAJ
Patrick De Causmaecker,KU Leuven,https://www.kuleuven-kulak.be/~pdecausm,IHAmK_gAAAAJ
Patrick Delfmann,University of Koblenz-Landau,https://www.uni-koblenz-landau.de/de/koblenz/fb4/iwvi/p_delfmann/team/patrick-delfmann/patrick-delfmann,ROhACNYAAAAJ
Patrick Drew McDaniel,Pennsylvania State University,http://www.patrickmcdaniel.org,AMGqrI0AAAAJ
Patrick Eugster,Università della Svizzera italiana,https://www.inf.usi.ch/faculty/eugstp,NOSCHOLARPAGE
Patrick Flaherty,University of Massachusetts Amherst,https://people.math.umass.edu/~flaherty,xe7iyikAAAAJ
Patrick G. Bridges,University of New Mexico,http://www.cs.unm.edu/directory/faculty-profiles/patrick-bridges.html,Q10SbJQAAAAJ
Patrick G. T. Healey,Queen Mary University of London,http://www.eecs.qmul.ac.uk/profiles/healeypat.html,5cjOswYAAAAJ
Patrick Gage Kelley,University of New Mexico,http://www.cs.unm.edu/~pgk,4_fN00YAAAAJ
Patrick George Healey,Queen Mary University of London,http://www.eecs.qmul.ac.uk/profiles/healeypat.html,5cjOswYAAAAJ
Patrick Gros,Ecole Normale Superieure de Lyon,http://www.ens-lyon.eu/annuaire/m-gros-patrick-252575.kjsp?RH=ENS-LYON,WcGbxTQAAAAJ
Patrick H. Madden,Binghamton University,http://www.cs.binghamton.edu/~pmadden,QwRhC2oAAAAJ
Patrick H. Winston,Massachusetts Institute of Technology,http://people.csail.mit.edu/phw,NOSCHOLARPAGE
Patrick Henry Winston,Massachusetts Institute of Technology,http://people.csail.mit.edu/phw,NOSCHOLARPAGE
Patrick J. Flynn,University of Notre Dame,http://www3.nd.edu/~flynn,h20U9WcAAAAJ
Patrick Jaillet,Massachusetts Institute of Technology,http://web.mit.edu/jaillet/www,ND0FM6EAAAAJ
Patrick Kam Cheung Wong,Open University UK,http://stem.open.ac.uk/people/kcpw2,Yn-euNYAAAAJ
Patrick L. Olivier,Monash University,https://research.monash.edu/en/persons/patrick-olivier,YULFeN0AAAAJ
Patrick Lam 0001,University of Waterloo,https://uwaterloo.ca/electrical-computer-engineering/about/people/p23lam,36fAXB4AAAAJ
Patrick M. Hanrahan,Stanford University,https://graphics.stanford.edu/~hanrahan,RzEnQmgAAAAJ
Patrick M. Pilarski,University of Alberta,https://sites.ualberta.ca/~pilarski,VGQmtWEAAAAJ
Patrick Mäder,TU Ilmenau,https://www.tu-ilmenau.de/secsy/team,LPzoSrsAAAAJ
Patrick Maeder,TU Ilmenau,https://www.tu-ilmenau.de/secsy/team,LPzoSrsAAAAJ
Patrick Mantey,Univ. of California - Santa Cruz,https://www.soe.ucsc.edu/people/mantey,hiMLVtwAAAAJ
Patrick Marais,University of Cape Town,https://people.cs.uct.ac.za/~patrick,cW32uPMAAAAJ
Patrick Martin 0001,Queen’s University,http://www.cs.queensu.ca/home/martin,KgIpvIsAAAAJ
Patrick McDaniel,Pennsylvania State University,http://www.patrickmcdaniel.org,AMGqrI0AAAAJ
Patrick Olivier,Monash University,https://research.monash.edu/en/persons/patrick-olivier,YULFeN0AAAAJ
Patrick P. C. Lee,Chinese University of Hong Kong,http://www.cse.cuhk.edu.hk/~pclee,gyRtVVEAAAAJ
Patrick Pak-Ching Lee,Chinese University of Hong Kong,http://www.cse.cuhk.edu.hk/~pclee,gyRtVVEAAAAJ
Patrick Prosser,University of Glasgow,http://www.dcs.gla.ac.uk/~pat,94vlGrgAAAAJ
Patrick Shih,Indiana University,https://patshih.luddy.indiana.edu,Lzw8EnkAAAAJ
Patrick Th. Eugster,Università della Svizzera italiana,https://www.inf.usi.ch/faculty/eugstp,NOSCHOLARPAGE
Patrick Thiran,EPFL,https://people.epfl.ch/patrick.thiran,7Ek7pqgAAAAJ
Patrick Totzke,University of Liverpool,https://cgi.csc.liv.ac.uk/~patrick,ck8G3CgAAAAJ
Patrick Traynor,University of Florida,https://www.cise.ufl.edu/~traynor,oCFvA2UAAAAJ
Patrick Troy,University of Illinois at Chicago,https://www.cs.uic.edu/Troy,G7wW4HoAAAAJ
Patrick W. Dymond,York University,http://eecs.lassonde.yorku.ca/faculty/patrick-w-dymond,i1ZltlsAAAAJ
Patrick Yin Chiang,Oregon State University,http://eecs.oregonstate.edu/people/chiang-patrick,4nYbZ0YAAAAJ
Patrick van Bommel,Radboud University,http://www.cs.ru.nl/P.vanBommel,ZCKrAcYAAAAJ
Patrick van der Smagt,TU Munich,https://brml.org/people/smagt,5ybzvbsAAAAJ
Patrik Haslum,Australian National University,https://cs.anu.edu.au/people/patrik-haslum,XqbCCJIAAAAJ
Patrik Jansson,Chalmers/GU,https://www.chalmers.se/en/staff/Pages/patrik-jansson.aspx,eIO4EBAAAAAJ
Patrizia Paggio,University of Copenhagen,https://cst.ku.dk/english/ansatte/?pure=en/persons/7206,gSqyTW8AAAAJ
Patrizio Pelliccione,University of L'Aquila,http://www.patriziopelliccione.com,DmDWmy4AAAAJ
Pattarasinee Bhattarakosol,Chulalongkorn University,http://www.math.sc.chula.ac.th/en/profile/pattarasinee.b,WeFVkqAAAAAJ
Paul (Pavlos) Spirakis,University of Liverpool,https://www.liverpool.ac.uk/computer-science/staff/paul-spirakis,vnSMoW4AAAAJ
Paul A. Farrell,Kent State University,https://www.kent.edu/cs/profile/paul-farrell,NOSCHOLARPAGE
Paul A. Fishwick,University of Texas at Dallas,http://www.utdallas.edu/atec/fishwick,NOSCHOLARPAGE
Paul A. Jenkins,University of Warwick,https://warwick.ac.uk/fac/sci/statistics/staff/academic-research/jenkins,nRHImnsAAAAJ
Paul Amer,University of Delaware,https://www.eecis.udel.edu/~amer,CNjiRFQAAAAJ
Paul Ammann,George Mason University,https://cs.gmu.edu/~pammann,NOSCHOLARPAGE
Paul Anderson,University of Edinburgh,http://www.dcs.ed.ac.uk/~paul,tnj2b6AAAAAJ
Paul Attie,Augusta University,https://www.augusta.edu/faculty/directory/view.php?id=PATTIE,weh0F3wAAAAJ
Paul B. Jackson,University of Edinburgh,http://homepages.inf.ed.ac.uk/pbj,WUuHiYQAAAAJ
Paul Barford,University of Wisconsin - Madison,http://pages.cs.wisc.edu/~pb,4uypulQAAAAJ
Paul Beame,University of Washington,http://www.cs.washington.edu/people/faculty/beame,plYoF-MAAAAJ
Paul Blain Levy,University of Birmingham,https://www.birmingham.ac.uk/staff/profiles/computer-science/levy-paul.aspx,VC_jJ1gAAAAJ
Paul C. Attie,American University of Beirut,http://www.cs.aub.edu.lb/pa07,weh0F3wAAAAJ
Paul C. Miller,Queen's University Belfast,https://www.qub.ac.uk/schools/eeecs/Connect/Staff/BusinessCard/?name=p.miller,NOSCHOLARPAGE
Paul C. van Oorschot,Carleton University,http://www.scs.carleton.ca/~paulv,CMRzTi8AAAAJ
Paul Cairns,University of York,https://www-users.cs.york.ac.uk/~pcairns,cNVmuG0AAAAJ
Paul Cook,University of New Brunswick,http://cs.unb.ca/~ccook1,lJzulN0AAAAJ
Paul D. Gader,University of Florida,https://faculty.eng.ufl.edu/computing-for-life,GD3jwG8AAAAJ
Paul D. H. Hines,University of Vermont,https://www.uvm.edu/~phines,6Bnk26wAAAAJ
Paul D. Seymour,Princeton University,https://web.math.princeton.edu/~pds,n3ZjGPsAAAAJ
Paul D. Teal,Victoria University of Wellington,http://ecs.victoria.ac.nz/Main/PaulTeal,wS0ittUAAAAJ
Paul D. Yoo,Birkbeck University of London,https://www.dcs.bbk.ac.uk/about/people/academic-staff/paul-yoo,NOSCHOLARPAGE
Paul De Bra,TU Eindhoven,http://wwwis.win.tue.nl/~debra,EaUt9AQAAAAJ
Paul Denny,University of Auckland,https://www.cs.auckland.ac.nz/~paul,bIyrsAcAAAAJ
Paul Dourish,Univ. of California - Irvine,http://www.dourish.com,wyCIJfQAAAAJ
Paul E. Dunne,University of Liverpool,http://www.csc.liv.ac.uk/~ped,anFySfEAAAAJ
Paul E. I. Pounds,University of Queensland,http://www.itee.uq.edu.au/bme/pounds,NOSCHOLARPAGE
Paul E. S. Dunne,University of Liverpool,http://www.csc.liv.ac.uk/~ped,anFySfEAAAAJ
Paul Edward Rayson,Lancaster University,https://www.lancaster.ac.uk/scc/about-us/people/paul-rayson,DACFB-kAAAAJ
Paul F. Newbury,University of Sussex,http://www.sussex.ac.uk/informatics/people/peoplelists/person/126552,NOSCHOLARPAGE
Paul Feautrier,Ecole Normale Superieure de Lyon,http://perso.ens-lyon.fr/paul.feautrier,DZkIPlIAAAAJ
Paul Fischer,DTU,https://www.compute.dtu.dk/english,NOSCHOLARPAGE
Paul Flikkema,Northern Arizona University,https://nau.edu/siccs/faculty/paul-flikkema,stzdcYsAAAAJ
Paul Francis [SWS],Max Planck Society,https://francis.mpi-sws.org,pN0GUjkAAAAJ
Paul G. Constantine,University of Colorado Boulder,https://www.colorado.edu/cs/paul-constantine,7x-Q4Y8AAAAJ
Paul G. Kry,McGill University,http://www.cs.mcgill.ca/~kry,Uro_AS0AAAAJ
Paul G. Spirakis,University of Liverpool,https://www.liverpool.ac.uk/computer-science/staff/paul-spirakis,vnSMoW4AAAAJ
Paul Gastin,Ecole Normale Superieure de Cachan,http://www.lsv.ens-cachan.fr/~gastin,LJNfnhgAAAAJ
Paul Gazzillo,University of Central Florida,https://paulgazzillo.com,Ywp0CG8AAAAJ
Paul Goldberg,University of Oxford,https://www.cs.ox.ac.uk/people/paul.goldberg,Ai3fEfQAAAAJ
Paul Gratz,Texas A&M University,https://cesg.tamu.edu/faculty/paul-gratz,O9teRZsAAAAJ
Paul Gries,University of Toronto,http://www.cs.toronto.edu/~pgries,YAHFXEwAAAAJ
Paul Groth,VU Amsterdam,https://www.nbic.nl/about-nbic/nbic-faculty/pages1/4/details/groth-paul-t-dr,0tHSHCIAAAAJ
Paul Grünbacher,JKU Linz,https://www.jku.at/en/institute-for-software-systems-engineering/about-us/team/paul-gruenbacher,7Wpa7ysAAAAJ
Paul H. J. Kelly,Imperial College London,https://www.imperial.ac.uk/people/p.kelly,GIDpay0AAAAJ
Paul Hand,Northeastern University,http://www.ccs.neu.edu/home/hand,zzG75zEAAAAJ
Paul Hines,University of Vermont,https://www.uvm.edu/~phines,6Bnk26wAAAAJ
Paul Horton,National Cheng Kung University,http://www.csie.ncku.edu.tw/ncku_csie/depmember/teacherdetail/id/78,V_6zOpYAAAAJ
Paul J. Kennedy,University of Technology Sydney,https://www.uts.edu.au/staff/paul.kennedy,qVqVYkIAAAAJ
Paul J. Lyons,Massey University,http://www.massey.ac.nz/massey/expertise/profile.cfm?stref=511200,6-A0HbEAAAAJ
Paul Jackson,University of Edinburgh,http://homepages.inf.ed.ac.uk/pbj,WUuHiYQAAAAJ
Paul John Lyons,Massey University,http://www.massey.ac.nz/massey/expertise/profile.cfm?stref=511200,6-A0HbEAAAAJ
Paul Klint,CWI,http://homepages.cwi.nl/~paulk,auuOyXoAAAAJ
Paul Krause,University of Surrey,https://www.surrey.ac.uk/people/paul-krause,6d3d0vwAAAAJ
Paul L. Lewin,University of Southampton,https://www.ecs.soton.ac.uk/people/pll,vS7Qs0MAAAAJ
Paul L. Rosin,Cardiff University,https://www.cardiff.ac.uk/people/view/118160-rosin-paul,V5E7JXsAAAAJ
Paul Lu,University of Alberta,https://webdocs.cs.ualberta.ca/~paullu,nEmFpMkAAAAJ
Paul Lukowicz,TU Kaiserslautern,http://ei.informatik.uni-kl.de,1FIyc9kAAAAJ
Paul Macklin,Indiana University,http://mathcancer.org,zUorXGEAAAAJ
Paul Maglio,Univ. of California - Merced,http://mist.ucmerced.edu/pmaglio,xXlMjAMAAAAJ
Paul Marshall,University of Bristol,http://www.bristol.ac.uk/engineering/people/paul-e-marshall/index.html,54plaOQAAAAJ
Paul McMullan,Queen's University Belfast,https://www.qub.ac.uk/schools/eeecs/Connect/Staff/BusinessCard/?name=p.p.mcmullan,NOSCHOLARPAGE
Paul Medvedev,Pennsylvania State University,http://bmb.psu.edu/directory/pzm11,Gwd6p_8AAAAJ
Paul Miller 0003,Queen's University Belfast,https://www.qub.ac.uk/schools/eeecs/Connect/Staff/BusinessCard/?name=p.miller,NOSCHOLARPAGE
Paul Molitor,University of Halle-Wittenberg,https://www.informatik.uni-halle.de/ti/mitarbeiter/molitor/index.de.php,VClfAJkAAAAJ
Paul N. Watton,University of Sheffield,https://www.sheffield.ac.uk/dcs/people/academic/paul-watton,8pSvTUkAAAAJ
Paul Newbury,University of Sussex,http://www.sussex.ac.uk/informatics/people/peoplelists/person/126552,NOSCHOLARPAGE
Paul P. Sotiriadis,NTUA,https://www.ece.ntua.gr/en/staff/184,UtDXmH8AAAAJ
Paul Patras,University of Edinburgh,http://homepages.inf.ed.ac.uk/ppatras,0kC3nVgAAAAJ
Paul Patrick Joseph McMullan,Queen's University Belfast,https://www.qub.ac.uk/schools/eeecs/Connect/Staff/BusinessCard/?name=p.p.mcmullan,NOSCHOLARPAGE
Paul Pavlos Spirakis,University of Liverpool,https://www.liverpool.ac.uk/computer-science/staff/paul-spirakis,vnSMoW4AAAAJ
Paul Pearce,Georgia Institute of Technology,http://people.eecs.berkeley.edu/~pearce,JvY2c4YAAAAJ
Paul Piwek,Open University UK,http://stem.open.ac.uk/people/pp2464,F88czLMAAAAJ
Paul Pop,DTU,https://www.compute.dtu.dk/english,NOSCHOLARPAGE
Paul Pounds,University of Queensland,http://www.itee.uq.edu.au/bme/pounds,b3cGSpgAAAAJ
Paul R. Cohen,University of Pittsburgh,http://paulrcohen.github.io,8DeZgKkAAAAJ
Paul R. Roper,Brigham Young University,https://cs.byu.edu/faculty/proper,44RdgPcAAAAJ
Paul R. Schrater,University of Minnesota,http://gandalf.psych.umn.edu/users/schrater/PaulSchrater.htm,_IIpR0EAAAAJ
Paul R. Tennent,University of Nottingham,https://www.nottingham.ac.uk/computerscience/people/paul.tennent,ZGE4EtgAAAAJ
Paul Ralph,Dalhousie University,http://paulralph.name,oRBuFa0AAAAJ
Paul Rayson,Lancaster University,https://www.lancaster.ac.uk/scc/about-us/people/paul-rayson,DACFB-kAAAAJ
Paul Richmond,University of Sheffield,https://www.sheffield.ac.uk/dcs/people/academic/paul-richmond,fLS64xsAAAAJ
Paul Rosen,University of South Florida,http://www.cspaul.com/wordpress,6iv6AEcAAAAJ
Paul Rosen 0001,University of South Florida,http://www.cspaul.com/wordpress,6iv6AEcAAAAJ
Paul S. Rosenbloom,University of Southern California,http://cs.usc.edu/~rosenblo,SeW3bhwAAAAJ
Paul Schweizer,University of Edinburgh,https://www.inf.ed.ac.uk/people/staff/Paul_Schweizer.html,M0uLiP0AAAAJ
Paul Siebert,University of Glasgow,http://www.dcs.gla.ac.uk/~psiebert,DoEOa80AAAAJ
Paul T. Groth,VU Amsterdam,https://www.nbic.nl/about-nbic/nbic-faculty/pages1/4/details/groth-paul-t-dr,0tHSHCIAAAAJ
Paul T. Tymann,Rochester Institute of Technology,https://www.cs.rit.edu/~ptt,NOSCHOLARPAGE
Paul Tarau,University of North Texas,http://www.cse.unt.edu/~tarau,JUMRc-oAAAAJ
Paul Teal,Victoria University of Wellington,http://ecs.victoria.ac.nz/Main/PaulTeal,wS0ittUAAAAJ
Paul Tennent,University of Nottingham,https://www.nottingham.ac.uk/computerscience/people/paul.tennent,ZGE4EtgAAAAJ
Paul Tymann,Rochester Institute of Technology,https://www.cs.rit.edu/~ptt,NOSCHOLARPAGE
Paul V. Gratz,Texas A&M University,https://cesg.tamu.edu/faculty/paul-gratz,O9teRZsAAAAJ
Paul Valiant,Brown University,http://cs.brown.edu/~pvaliant,NOSCHOLARPAGE
Paul W. Goldberg,University of Oxford,https://www.cs.ox.ac.uk/people/paul.goldberg,Ai3fEfQAAAAJ
Paul W. Munro,University of Pittsburgh,http://www.pitt.edu/~pwm,95ZV0YcAAAAJ
Paul W. Purdom,Indiana University,http://www.cs.indiana.edu/~pwp,h6Z8WS0AAAAJ
Paul Wollan,Sapienza University of Rome,http://wwwusers.di.uniroma1.it/~wollan,SMocDQwAAAAJ
Paul-Peter Sotiriadis,NTUA,https://www.ece.ntua.gr/en/staff/184,UtDXmH8AAAAJ
Paula A. Whitlock,CUNY,http://www.sci.brooklyn.cuny.edu/~whitlock,NOSCHOLARPAGE
Paula Buttery,University of Cambridge,https://www.cl.cam.ac.uk/~pjb48,NOSCHOLARPAGE
Paula Estrella,Universidad Nacional de Córdoba,https://www.famaf.unc.edu.ar/~pestrella,Mo7TUaQAAAAJ
Paula Herber,University of Münster,https://www.uni-muenster.de/EmbSys/team/herber/index.shtml,8dxJkMAAAAAJ
Paula Montoto,University of A Coruña,https://pdi.udc.es/en/File/Pdi/YD8AF,NOSCHOLARPAGE
Paula Zabala,University of Buenos Aires,https://www.dc.uba.ar/materias/aed3/2013/2c/docentes/zabala,Zxmyb4MAAAAJ
Pauline C Haddow,NTNU,https://www.ntnu.edu/employees/pauline,HIHxCNAAAAAJ
Paulo A. Pagliosa,UFMS,https://www.facom.ufms.br/~pagliosa,lNUJYtwAAAAJ
Paulo A. S. Veloso,UFRJ,http://www.cos.ufrj.br/index.php/pt-BR/pessoas/details/18/1043-veloso,NOSCHOLARPAGE
Paulo Alexandre Crisóstomo Lopes,Universidade de Lisboa,https://sotis.tecnico.ulisboa.pt/researcher/ist23775,mAUdr6cAAAAJ
Paulo Andre Vechiatto Miranda,USP,http://www.ime.usp.br/~pmiranda,NOSCHOLARPAGE
Paulo Borba,UFPE,http://www.cin.ufpe.br/~phmb,PpRDLgcAAAAJ
Paulo Carreira,Universidade de Lisboa,https://pt-pt.facebook.com/public/Paulo-Carreira/city/Lisboa-110432202311659,wqTn91IAAAAJ
Paulo Drews Jr.,Federal University of Rio Grande,http://www.paulo.c3.furg.br,IeIst7QAAAAJ
Paulo F. Butzen,Federal University of Rio Grande,http://www.butzen.c3.furg.br,2VeTdosAAAAJ
Paulo F. Flores,Universidade de Lisboa,https://sotis.tecnico.ulisboa.pt/researcher/ist14070,yv4Nq3gAAAAJ
Paulo Ferreira 0001,Universidade de Lisboa,http://www.gsd.inesc-id.pt/~pjpf,3PHaUacAAAAJ
Paulo Francisco Butzen,Federal University of Rio Grande,http://www.butzen.c3.furg.br,2VeTdosAAAAJ
Paulo Goncalves,Ecole Normale Superieure de Lyon,http://perso.ens-lyon.fr/paulo.goncalves,DGSLs7oAAAAJ
Paulo Henrique Ribeiro Gabriel,UFU,http://www.facom.ufu.br/~phrg,NOSCHOLARPAGE
Paulo J. F. Carreira,Universidade de Lisboa,https://pt-pt.facebook.com/public/Paulo-Carreira/city/Lisboa-110432202311659,wqTn91IAAAAJ
Paulo J. P. Ferreira,Universidade de Lisboa,http://www.gsd.inesc-id.pt/~pjpf,3PHaUacAAAAJ
Paulo Jorge Esteves Veríssimo,University of Luxembourg,https://cemse.kaust.edu.sa/people/person/paulo-verissimo,aMHx8aUAAAAJ
Paulo Jorge Lilles Drews Junior,Federal University of Rio Grande,http://www.paulo.c3.furg.br,IeIst7QAAAAJ
Paulo L. J. Drews-Jr,Federal University of Rio Grande,http://www.paulo.c3.furg.br,IeIst7QAAAAJ
Paulo L. de Geus,UNICAMP,http://www.lasca.ic.unicamp.br/paulo,XK0LjgUAAAAJ
Paulo Lício de Geus,UNICAMP,http://www.lasca.ic.unicamp.br/paulo,XK0LjgUAAAAJ
Paulo Lilles Drews Jr.,Federal University of Rio Grande,http://www.paulo.c3.furg.br,IeIst7QAAAAJ
Paulo Lilles Jorge Drews Junior,Federal University of Rio Grande,http://www.paulo.c3.furg.br,IeIst7QAAAAJ
Paulo Martins Engel,UFRGS,http://inf.ufrgs.br/~engel,3yK2X-MAAAAJ
Paulo Mateus,Universidade de Lisboa,http://sqig.math.ist.utl.pt/paulo.mateus,8KiAAz0AAAAJ
Paulo Pereira 0001,Universidade de Lisboa,http://mariel.inesc-id.pt/people/prbp.html,sdOt-CcAAAAJ
Paulo Roberto Oliveira,UFRJ,http://www.cos.ufrj.br/index.php/pt-BR/pessoas/details/18/1045-poliveir,55Or75UAAAAJ
Paulo Rogério B. A. Pereira,Universidade de Lisboa,http://mariel.inesc-id.pt/people/prbp.html,sdOt-CcAAAAJ
Paulo Rogério Pereira,Universidade de Lisboa,http://mariel.inesc-id.pt/people/prbp.html,sdOt-CcAAAAJ
Paulo Roma Cavalcanti,UFRJ,http://orion.lcg.ufrj.br/roma,HhJul8QAAAAJ
Paulo S. G. de Mattos Neto,UFPE,http://www.cin.ufpe.br/~psgmn,4jmNb3gAAAAJ
Paulo S. L. Souza,USP-ICMC,http://icmc.usp.br/pessoas?id=3258655,epwMhL4AAAAJ
Paulo Salgado Gomes de Mattos Neto,UFPE,http://www.cin.ufpe.br/~psgmn,4jmNb3gAAAAJ
Paulo Sergio Lopes de Souza,USP-ICMC,http://icmc.usp.br/pessoas?id=3258655,epwMhL4AAAAJ
Paulo Souza 0001,USP-ICMC,http://icmc.usp.br/pessoas?id=3258655,epwMhL4AAAAJ
Paulo Urbano,Universidade de Lisboa,https://ciencias.ulisboa.pt/perfil/pjurbano,r8zV1FsAAAAJ
Paulo Veríssimo,KAUST,https://cemse.kaust.edu.sa/people/person/paulo-verissimo,aMHx8aUAAAAJ
Pavel A. Pevzner,Univ. of California - San Diego,http://cseweb.ucsd.edu/~ppevzner,0fq5QeIAAAAJ
Pável Calado,Universidade de Lisboa,https://fenix.tecnico.ulisboa.pt/homepage/ist14497,7Udj_YAAAAAJ
Pavel Celeda,Masaryk University,https://www.muni.cz/en/people/206086,19TG5q8AAAAJ
Pavel Hubácek,Charles University,https://iuuk.mff.cuni.cz/~hubacek,1kM7gtQAAAAJ
Pavel Matula,Masaryk University,https://www.muni.cz/en/people/2927,NOSCHOLARPAGE
Pavel Panchekha,University of Utah,https://pavpanchekha.com,dIOCe1UAAAAJ
Pavel Parízek,Charles University,https://d3s.mff.cuni.cz/people/pavelparizek,M_9_-WsAAAAJ
Pavel Rychlý,Masaryk University,https://www.muni.cz/en/people/3692,AQJK5pMAAAAJ
Pavel Skums,Georgia State University,http://alan.cs.gsu.edu/compbel,h5ZxsFAAAAAJ
Pavel Zezula,Masaryk University,https://www.muni.cz/en/people/47485,EHIdRAYAAAAJ
Pavithra Prabhakar,Kansas State University,http://people.cs.ksu.edu/~pprabhakar/home.html,og6bNK0qJtkC
Pavlos G. Spirakis,University of Liverpool,https://www.liverpool.ac.uk/computer-science/staff/paul-spirakis,vnSMoW4AAAAJ
Pavol Cerný,University of Colorado Boulder,http://ecee.colorado.edu/pavol,FQm9ZGgAAAAJ
Pavol Federl,University of Calgary,http://contacts.ucalgary.ca/info/cpsc/profiles/102-12711,euyKfgUAAAAJ
Pavol Hell,Simon Fraser University,http://www.cs.sfu.ca/~pavol,8KDwlbEAAAAJ
Pawan Goyal,IIT Kharagpur,http://cse.iitkgp.ac.in/~pawang,F14FHsIAAAAJ
Pawan Goyal 0002,IIT Kharagpur,http://cse.iitkgp.ac.in/~pawang,F14FHsIAAAAJ
Pawan Kumar,IIIT Hyderabad,https://www.iiit.ac.in/people/faculty/pawan.kumar,Zt5c_MYAAAAJ
Pawel A. Dmochowski,Victoria University of Wellington,http://ecs.victoria.ac.nz/Main/PawelDmochowski,i1WBCpoAAAAJ
Pawel Andrzej Herman,KTH Royal Institute of Technology,https://www.kth.se/profile/paherman,usAxvpcAAAAJ
Pawel Gawrychowski,University of Wroclaw,http://www.ii.uni.wroc.pl/~gawry,m-B6e-YAAAAJ
Pawel Gorecki,University of Warsaw,https://www.mimuw.edu.pl/~gorecki,93CN9z0AAAAJ
Pawel Morawiecki,IPI PAN,https://ipipan.waw.pl/instytut/pracownicy/pawel-morawiecki,eLuRi8oAAAAJ
Pawel Parys,University of Warsaw,http://www.mimuw.edu.pl/~parys/aboutme,NOSCHOLARPAGE
Pawel Szalachowski,SUTD,https://pszal.github.io,kbU4kW8AAAAJ
Pawel Urzyczyn,University of Warsaw,http://www.mimuw.edu.pl/~urzy,NOSCHOLARPAGE
Pawel W. Wozniak,Utrecht University,http://pawelwozniak.eu,CTT-IyUAAAAJ
Pawel Winter,University of Copenhagen,http://www.diku.dk/~pawel,akQtjYcAAAAJ
Pawel Wocjan,University of Central Florida,http://www.cs.ucf.edu/~wocjan,FcjgkmsAAAAJ
Pawel Wozny,University of Wroclaw,https://www.ii.uni.wroc.pl/~pwo,FjOm7C8AAAAJ
Pearl Y. Wang,George Mason University,http://cs.gmu.edu/~pwang,NOSCHOLARPAGE
Peder Bacher,DTU,https://www.compute.dtu.dk/english,NOSCHOLARPAGE
Pedram Rooshenas,UNC - Charlotte,https://rooshenas.github.io,ncHbkrQAAAAJ
Pedro Adão,Universidade de Lisboa,https://www.it.pt/Members/Index/1909,9wisdigAAAAJ
Pedro Alexandre Santos,Universidade de Lisboa,https://pt-br.facebook.com/public/Pedro-Alexandre-Santos,NOSCHOLARPAGE
Pedro Barahona,Universidade NOVA de Lisboa,https://userweb.fct.unl.pt/~pb,u3-VE9QAAAAJ
Pedro Cabalar,University of A Coruña,https://www.dc.fi.udc.es/~cabalar,xNZ6lozncZIC
Pedro D. Medeiros,Universidade NOVA de Lisboa,http://asc.di.fct.unl.pt/~pm,OkXQrOAAAAAJ
Pedro E. López-de-Teruel,University of Murcia,http://ditec.um.es/personal/5,lt9npF4AAAAJ
Pedro E. López-de-Teruel Alcolea,University of Murcia,http://ditec.um.es/personal/5,lt9npF4AAAAJ
Pedro F. Felzenszwalb,Brown University,http://cs.brown.edu/~pff,k1hJzF0AAAAJ
Pedro Felipe Felzenszwalb,Brown University,http://cs.brown.edu/~pff,k1hJzF0AAAAJ
Pedro Fonseca 0001,Purdue University,https://www.cs.purdue.edu/homes/pfonseca,xTvNYN8AAAAJ
Pedro Frosi Rosa,UFU,http://www.facom.ufu.br/~frosi,iRbluD4AAAAJ
Pedro J. de Rezende,UNICAMP,http://www.ic.unicamp.br/~rezende,NOSCHOLARPAGE
Pedro José Sousa da Fonseca,Purdue University,https://www.cs.purdue.edu/homes/pfonseca,xTvNYN8AAAAJ
Pedro Jussieu de Rezende,UNICAMP,http://www.ic.unicamp.br/~rezende,NOSCHOLARPAGE
Pedro Lopes 0001,University of Chicago,http://plopes.org,dhPGPoIAAAAJ
Pedro López-García 0001,IMDEA Software Institute,http://software.imdea.org/people/pedro.lopez,NOSCHOLARPAGE
Pedro M. Ferreira,Universidade de Lisboa,https://ciencias.ulisboa.pt/perfil/pmferreira,_-nQkzsAAAAJ
Pedro M. Ruiz,University of Murcia,https://ants.inf.um.es/~pedrom,z5uxBDIAAAAJ
Pedro M. Ruiz-Martinez,University of Murcia,https://ants.inf.um.es/~pedrom,z5uxBDIAAAAJ
Pedro M. S. Carvalho,Universidade de Lisboa,https://sotis.tecnico.ulisboa.pt/researcher/ist13407,q3Ao_30AAAAJ
Pedro Manuel Antunes Sousa,Universidade de Lisboa,https://fenix.tecnico.ulisboa.pt/homepage/ist12951,LksdyM8AAAAJ
Pedro Manuel Moreira Vaz Antunes de Sousa,Universidade de Lisboa,https://fenix.tecnico.ulisboa.pt/homepage/ist12951,LksdyM8AAAAJ
Pedro Miguel Ruiz-Martinez,University of Murcia,https://ants.inf.um.es/~pedrom,z5uxBDIAAAAJ
Pedro Moreno-Sanchez,IMDEA Software Institute,https://software.imdea.org/people/pedro.moreno/index.html,-IER53IAAAAJ
Pedro O. S. Vaz de Melo,UFMG,http://homepages.dcc.ufmg.br/~olmo,WjS15esAAAAJ
Pedro Olmo Stancioli Vaz de Melo,UFMG,http://homepages.dcc.ufmg.br/~olmo,WjS15esAAAAJ
Pedro Petersen Moura Trancoso,Chalmers/GU,https://www.chalmers.se/en/staff/Pages/ppedro.aspx,NOSCHOLARPAGE
Pedro R. D'Argenio,Universidad Nacional de Córdoba,https://cs.famaf.unc.edu.ar/~dargenio,Z7i2nckAAAAJ
Pedro Sánchez Terraf,Universidad Nacional de Córdoba,https://cs.famaf.unc.edu.ar/~pedro,pgrAV_MAAAAJ
Pedro Santos 0001,Universidade de Lisboa,https://pt-br.facebook.com/public/Pedro-Alexandre-Santos,NOSCHOLARPAGE
Pedro Sousa,Universidade de Lisboa,https://fenix.tecnico.ulisboa.pt/homepage/ist12951,LksdyM8AAAAJ
Pedro T. Monteiro,Universidade de Lisboa,http://pedromonteiro.org,Xl4c8q0AAAAJ
Pedro Tiago Monteiro,Universidade de Lisboa,http://pedromonteiro.org,Xl4c8q0AAAAJ
Pedro Tomás,Universidade de Lisboa,https://sotis.tecnico.ulisboa.pt/researcher/ist146645,BQzcauwAAAAJ
Pedro U. Lima,Universidade de Lisboa,http://users.isr.ist.utl.pt/~pal,NUiEEYkAAAAJ
Pedro Urbano Lima,Universidade de Lisboa,http://users.isr.ist.utl.pt/~pal,NUiEEYkAAAAJ
Pedro V. Sander,HKUST,http://www.cse.ust.hk/~psander,GIToYFwAAAAJ
Peer Kröger,LMU Munich,http://www.dbs.ifi.lmu.de/cms/personen/professoren/kroeger/index.html,o_OWGOwAAAAJ
Peer-Olaf Siebers,University of Nottingham,https://www.nottingham.ac.uk/computerscience/people/peer-olaf.siebers,mfZtyl4AAAAJ
Peggy Seriès,University of Edinburgh,http://homepages.inf.ed.ac.uk/pseries,JeZz1LMAAAAJ
Pei-Hsuan Tsai,National Cheng Kung University,http://www.csie.ncku.edu.tw/ncku_csie/depmember/teacherdetail/id/43,NOSCHOLARPAGE
Pei-Yin Chen,National Cheng Kung University,http://www.csie.ncku.edu.tw/ncku_csie/depmember/teacherdetail/id/23,H6_RJxkAAAAJ
Peihan Miao,University of Illinois at Chicago,https://cs.uic.edu/profiles/miao-peihan,DDkfim4AAAAJ
Peixiang Liu,Nova Southeastern University,https://cec.nova.edu/faculty/liu.html,NOSCHOLARPAGE
Peixiang Zhao,Florida State University,http://www.cs.fsu.edu/~zhao,ajRhtAkAAAAJ
Peiyi Tang,University of Arkansas - Little Rock,http://www.ualr.edu/pxtang,NOSCHOLARPAGE
Peizhao Hu,Rochester Institute of Technology,https://www.cs.rit.edu/~ph,w4PoXGMAAAAJ
Pejman Lotfi-Kamran,IPM,http://cs.ipm.ac.ir/~plotfi,UZIKgasAAAAJ
Pekka Orponen,Aalto University,https://users.ics.aalto.fi/orponen,vxczc7gAAAAJ
Pekka Parviainen,University of Bergen,http://www.ii.uib.no/~pekkap,NOSCHOLARPAGE
Pelin Angin,Middle East Technical University,http://user.ceng.metu.edu.tr/~pangin,PgwZYeoAAAAJ
Pen-Chung Yew,University of Minnesota,http://www-users.cs.umn.edu/~yew,NOSCHOLARPAGE
Peng Cui 0001,Tsinghua University,http://pengcui.thumedialab.com,G8x97ZgAAAAJ
Peng Di,UNSW,http://www.cse.unsw.edu.au/~pengd,PVGQdJIAAAAJ
Peng Huang 0005,Johns Hopkins University,https://cs.jhu.edu/~huang,2y-8usQAAAAJ
Peng Jiang 0004,University of Iowa,https://homepage.divms.uiowa.edu/~penjiang,CxfXT14AAAAJ
Peng Li 0001,Univ. of California - Santa Barbara,https://www.engineering.ucsb.edu/people/peng-li,QYQUS7gAAAAJ
Peng Liang 0001,Wuhan University,http://cs.whu.edu.cn/teacherinfo.aspx?id=217,76CoujsAAAAJ
Peng Liu 0005,Pennsylvania State University,https://s2.ist.psu.edu/pliu,qVOHi9cAAAAJ
Peng Peng 0001,Hunan University,http://csee.hnu.edu.cn/people/pengpeng,NOSCHOLARPAGE
Peng Song 0001,SUTD,https://songpenghit.github.io,DonXkFQAAAAJ
Peng Wang 0015,NWPU,https://wangpengnorman.github.io,aPLp7pAAAAAJ
Peng Wang 0027,Fudan University,http://www.cs.fudan.edu.cn/?page_id=1953,NOSCHOLARPAGE
Peng-Jun Wan,Illinois Institute of Technology,https://science.iit.edu/people/faculty/peng-jun-wan,TXUhDokAAAAJ
Pengcheng Shi,Rochester Institute of Technology,https://www.rit.edu/gccis/pengcheng-shi,JiVaZf8AAAAJ
Pengfei Su 0001,Univ. of California - Merced,https://pengfei-su.github.io,LAttsHIAAAAJ
Pengfei Xu 0002,Shenzhen University,http://pengfeixu.com,bmC8UcoAAAAJ
Penghui Yao,Nanjing University,http://penghuiyao.info,iFxJ6XIAAAAJ
Pengtao Xie,Univ. of California - San Diego,https://sites.google.com/site/pengtaoxie2008,cnncomYAAAAJ
Pengyu Hong,Brandeis University,http://www.cs.brandeis.edu/~hong,pvDa8pcAAAAJ
Penny Kyburz,Australian National University,https://cs.anu.edu.au/people/penny-kyburz,mrvBuvsAAAAJ
Penny Rheingans,Univ. of Maryland - Baltimore County,http://www.csee.umbc.edu/~rheingan,1k0rojcAAAAJ
Penny Sanderson,University of Queensland,https://www.psy.uq.edu.au/people/personal.html?id=533,eMywJ4sAAAAJ
Penny Sweetser,Australian National University,https://cs.anu.edu.au/people/penny-kyburz,mrvBuvsAAAAJ
Per Andersson,Lund University,http://www.svet.lu.se/en/per-andersson,38DogacAAAAJ
Per Austrin,KTH Royal Institute of Technology,http://www.nada.kth.se/~austrin,ttQM0ocAAAAJ
Per B. Brockhoff,DTU,https://www.compute.dtu.dk/english,NOSCHOLARPAGE
Per Baekgaard,DTU,https://www.compute.dtu.dk/english,NOSCHOLARPAGE
Per Bækgaard,DTU,https://www.compute.dtu.dk/english,NOSCHOLARPAGE
Per Christian Hansen,DTU,https://www.compute.dtu.dk/english,NOSCHOLARPAGE
Per Gunningberg,Uppsala University,http://user.it.uu.se/~perg,NOSCHOLARPAGE
Per Kristian Lehre,University of Birmingham,https://www.birmingham.ac.uk/staff/profiles/computer-science/lehre-kristian-per.aspx,HTszQ5gAAAAJ
Per Larsson-Edefors,Chalmers/GU,https://www.chalmers.se/en/staff/Pages/perla.aspx,NOSCHOLARPAGE
Per Lötstedt,Uppsala University,http://user.it.uu.se/~perl,cBqHQeUAAAAJ
Per Runeson,Lund University,http://cs.lth.se/per_runeson,7B58FysAAAAJ
Per Stenström,Chalmers/GU,https://www.chalmers.se/en/staff/Pages/per-stenstrom.aspx,wsMoM6cAAAAJ
Per Wahlund,Uppsala University,https://katalog.uu.se/empinfo/?id=XX2255,NOSCHOLARPAGE
Peraphon Sophatsathit,Chulalongkorn University,https://cop.car.chula.ac.th/%E0%B8%9E%E0%B8%B5%E0%B8%A3%E0%B8%B0%E0%B8%9E%E0%B8%B1%E0%B8%99%E0%B8%98%E0%B9%8C,NOSCHOLARPAGE
Perdita Stevens,University of Edinburgh,http://homepages.inf.ed.ac.uk/perdita,KdBhbbYAAAAJ
Pere Barlet-Ros,Polytechnic University of Catalonia,http://people.ac.upc.edu/pbarlet,NOSCHOLARPAGE
Periklis A. Papakonstantinou,Rutgers University,http://papakonstantinou.net,x9wgKOkAAAAJ
Pernille Bjørn,University of Copenhagen,http://diku.dk/english/staff/vip/?pure=en/persons/417695,ZbzjucYAAAAJ
Perry Alexander,University of Kansas,http://perry.alexander.name,X-WzDOYAAAAJ
Perry Groot,Radboud University,https://www.cs.ru.nl/~perry,LmkYj4IAAAAJ
Perttu Hämäläinen,Aalto University,https://mediatech.aalto.fi/~phamalainen,i90uqXUAAAAJ
Pete Burnap,Cardiff University,https://www.cardiff.ac.uk/people/view/44219-burnap-pete,wirikBAAAAAJ
Pete Keleher,University of Maryland - College Park,https://www.cs.umd.edu/people/keleher,NOSCHOLARPAGE
Pete Manolios,Northeastern University,http://www.ccs.neu.edu/home/pete,NOSCHOLARPAGE
Peter A. Bloniarz,University at Albany - SUNY,https://www.albany.edu/news/experts/22213.php,NOSCHOLARPAGE
Peter A. Boncz,CWI,http://homepages.cwi.nl/~boncz,DCIZE1kAAAAJ
Peter A. Buhr,University of Waterloo,http://plg.uwaterloo.ca/~pabuhr,NOSCHOLARPAGE
Peter A. Busch,Macquarie University,http://web.science.mq.edu.au/~busch,2GoS_DUAAAAJ
Peter A. Dinda,Northwestern University,http://www.cs.northwestern.edu/~pdinda,9m3beGEAAAAJ
Peter A. Flach,University of Bristol,https://www.cs.bris.ac.uk/~flach,o9ggd4sAAAAJ
Peter A. Heeman,OHSU,http://cslu.ohsu.edu/~heeman,hbS0Dc4AAAAJ
Peter A. Milder,Stony Brook University,https://www.stonybrook.edu/commcms/electrical/people/-core_faculty/milder_peter,tZ_do3gAAAAJ
Peter A. N. Bosman,TU Delft,http://homepages.cwi.nl/~bosman,YED2pAoAAAAJ
Peter A. O'Donnell,Monash University,http://monash.edu/research/explore/en/persons/peter-odonnell(fd8e96a0-71ce-4f7b-911f-7c764eeedb2d).html,6tPdlYAAAAAJ
Peter Achten,Radboud University,http://www.cs.ru.nl/P.Achten,_WW70fwAAAAJ
Peter Alexander Scholl,Aarhus University,https://pascholl.github.io,1k1mPNAAAAAJ
Peter Alvaro,Univ. of California - Santa Cruz,https://www.soe.ucsc.edu/people/palvaro,TKSjVTUAAAAJ
Peter Andreae,Victoria University of Wellington,http://ecs.victoria.ac.nz/Main/PeterAndreae,NOSCHOLARPAGE
Peter Arbenz,ETH Zurich,https://www.inf.ethz.ch/personal/arbenz,o1KTLm8AAAAJ
Peter Axel Nielsen,Aalborg University,http://people.cs.aau.dk/~pan,l2VkFywAAAAJ
Peter B. Seddon,University of Melbourne,https://findanexpert.unimelb.edu.au/profile/12816-peter-seddon,XzFZeTgAAAAJ
Peter Bartlett,Univ. of California - Berkeley,http://www.stat.berkeley.edu/~bartlett,UPVvV6kAAAAJ
Peter Bastian,Heidelberg University,https://conan.iwr.uni-heidelberg.de/people/peter,pVZJ_NcAAAAJ
Peter Baumann 0001,Jacobs University Bremen,http://www.peter-baumann.org,rx9lyGkAAAAJ
Peter Beelen,DTU,https://www.compute.dtu.dk/english,NOSCHOLARPAGE
Peter Bishop 0001,City University of London,https://www.city.ac.uk/people/academics/peter-bishop,Da9XPL8AAAAJ
Peter Bodorik,Dalhousie University,https://www.cs.dal.ca/~bodorik,NOSCHOLARPAGE
Peter Brass,CUNY,http://www-cs.ccny.cuny.edu/~peter,ZTGVnVkAAAAJ
Peter Braß,CUNY,http://www-cs.ccny.cuny.edu/~peter,ZTGVnVkAAAAJ
Peter Brusilovsky,University of Pittsburgh,http://www.pitt.edu/~peterb,s6RpNfAAAAAJ
Peter Buchholz 0001,TU Dortmund,https://ls4-www.cs.tu-dortmund.de/cms/de/home/buchholz,NOSCHOLARPAGE
Peter Buneman,University of Edinburgh,http://homepages.inf.ed.ac.uk/opb,d9bq04sAAAAJ
Peter Burnap,Cardiff University,https://www.cardiff.ac.uk/people/view/44219-burnap-pete,wirikBAAAAAJ
Peter C. J. Graham,University of Manitoba,http://www.cs.umanitoba.ca/~pgraham,5suVxUYAAAAJ
Peter C. Rigby,Concordia University,http://users.encs.concordia.ca/~pcr,lGVxz58AAAAJ
Peter C.-H. Cheng,University of Sussex,http://www.sussex.ac.uk/informatics/people/peoplelists/person/100650,KsqCJVQAAAAJ
Peter Christen,Australian National University,https://cs.anu.edu.au/people/peter-christen,oz-2CXsAAAAJ
Peter Cowling,Queen Mary University of London,http://eecs.qmul.ac.uk/profiles/cowlingpeter.html,ijFwdzsAAAAJ
Peter D. Grünwald,CWI,http://homepages.cwi.nl/~pdg,wItp6h8AAAAJ
Peter Damaschke,Chalmers/GU,https://www.chalmers.se/en/staff/Pages/ptr.aspx,NOSCHOLARPAGE
Peter Danielis,University of Rostock,https://www.vhr.uni-rostock.de/team/vertretungsprofessur/dr-ing-habil-peter-danielis-vertretungsprofessur,XxRH9IoAAAAJ
Peter Desnoyers,Northeastern University,http://www.ccs.neu.edu/home/pjd,Zx2TxxsAAAAJ
Peter Dittrich,Friedrich Schiller University Jena,http://www.informatik.uni-jena.de/csb,XCULQaAAAAAJ
Peter Dolog,Aalborg University,https://peterdolog.wordpress.com,gCafUI0AAAAJ
Peter Druschel [SWS],Max Planck Society,http://www.mpi-sws.org/~druschel,z6ME4e8AAAAJ
Peter Dybjer,Chalmers/GU,https://www.chalmers.se/en/staff/Pages/peterd.aspx,qXunBjsAAAAJ
Peter E. Strazdins,Australian National University,http://users.cecs.anu.edu.au/~peter,14xw7S4AAAAJ
Peter E. Tischer,Monash University,http://monash.edu/research/explore/en/persons/peter-tischer(c4f50487-57f7-485c-b44c-2bd73a017d7a).html,NOSCHOLARPAGE
Peter Edwards,University of Aberdeen,https://www.abdn.ac.uk/people/p.edwards,xiDYSukAAAAJ
Peter Eisert,Humboldt University of Berlin,https://www.informatik.hu-berlin.de/de/forschung/gebiete/viscom/eisert/eisert,BCElyCkAAAAJ
Peter F. Linington,University of Kent,https://www.cs.kent.ac.uk/people/staff/pfl,NOSCHOLARPAGE
Peter F. Stadler,University of Leipzig,http://www.bioinf.uni-leipzig.de/~studla,pVnGRlkAAAAJ
Peter Fejer,University of Massachusetts Boston,http://www.cs.umb.edu/~fejer,NOSCHOLARPAGE
Peter Forbrig,University of Rostock,https://www.informatik.uni-rostock.de/lehrstuehle/am-institut-fuer-informatik-forts/softwaretechnik/lehrstuhl-softwaretechnik/mitarbeiter,B07gwvsAAAAJ
Peter G. Bishop,City University of London,https://www.city.ac.uk/people/academics/peter-bishop,Da9XPL8AAAAJ
Peter G. Harrison,Imperial College London,http://www.imperial.ac.uk/people/p.harrison,f6GUPSUAAAAJ
Peter G. Jeavons,University of Oxford,http://www.cs.ox.ac.uk/peter.jeavons,xEE8Q8EAAAAJ
Péter Gács,Boston University,http://www.cs.bu.edu/~gacs,vNCcKo0AAAAJ
Peter Garraghan,Lancaster University,https://www.lancaster.ac.uk/scc/about-us/people/peter-garraghan,lkP_Zd8AAAAJ
Peter Graham,University of Manitoba,http://www.cs.umanitoba.ca/~pgraham,5suVxUYAAAAJ
Peter Grunwald,CWI,http://homepages.cwi.nl/~pdg,wItp6h8AAAAJ
Peter Grünwald,CWI,http://homepages.cwi.nl/~pdg,wItp6h8AAAAJ
Peter H. Welch,University of Kent,https://www.cs.kent.ac.uk/~phw,hd1j2w0AAAAJ
Peter Hall 0001,University of Bath,http://www.cs.bath.ac.uk/~pmh/start/home.html,Tgz4GT8AAAAJ
Peter Hastings,DePaul University,http://reed.cs.depaul.edu/peterh,r-U50JwAAAAJ
Peter Hertling,Bundeswehr University Munich,https://www.unibw.de/timor/mitarbeiter/hertling/univ-prof-dr-peter-hertling,NOSCHOLARPAGE
Peter Höfner,Australian National University,https://cs.anu.edu.au/people/peter-hoefner,JbCZr9sAAAAJ
Peter Hubwieser,TU Munich,http://www.professoren.tum.de/en/hubwieser-peter,YuvySKkAAAAJ
Peter Husar,TU Ilmenau,https://www.tu-ilmenau.de/bmti/fachgebiete/biosignalverarbeitung/prof-dr-ing-habil-peter-husar,NOSCHOLARPAGE
Peter Høyer,University of Calgary,http://www.cpsc.ucalgary.ca/~hoyer,NOSCHOLARPAGE
Peter I. Cowling,University of York,https://www-users.cs.york.ac.uk/~pic,xQ7IpL8AAAAJ
Peter J. Bentley,University College London,http://www0.cs.ucl.ac.uk/staff/p.bentley,9DHkQbYAAAAJ
Peter J. Clarke,Florida International University,http://www.cis.fiu.edu/~clarkep,dOIx9wcAAAAJ
Peter J. Denning,Naval Postgraduate School,http://faculty.nps.edu/vitae/cgi-bin/vita.cgi?p=display_vita&id=1074712364,bfs3-ZoAAAAJ
Peter J. Downey,University of Arizona,https://www.cs.arizona.edu/~pete,NOSCHOLARPAGE
Peter J. Haas,University of Massachusetts Amherst,http://researcher.watson.ibm.com/researcher/view.php?person=us-phaas,PeCI8KcAAAAJ
Peter J. Keleher,University of Maryland - College Park,https://www.cs.umd.edu/people/keleher,NOSCHOLARPAGE
Peter J. Passmore,Middlesex University,https://www.mdx.ac.uk/about-us/our-people/staff-directory/profile/passmore-peter,NOSCHOLARPAGE
Peter J. Rodgers,University of Kent,https://www.cs.kent.ac.uk/people/staff/pjr,wu6mHBsAAAAJ
Peter J. Sadowski,University of Hawaii at Manoa,https://www2.hawaii.edu/~psadow,5-s3bS8AAAAJ
Peter J. Stuckey,University of Melbourne,http://people.eng.unimelb.edu.au/pstuckey,tvFekxwAAAAJ
Peter J. Varman,Rice University,http://varman.rice.edu,c56AFDoAAAAJ
Peter James Stuckey,University of Melbourne,http://people.eng.unimelb.edu.au/pstuckey,tvFekxwAAAAJ
Peter Jeavons 0001,University of Oxford,http://www.cs.ox.ac.uk/peter.jeavons,xEE8Q8EAAAAJ
Peter John McBurney,King's College London,https://www.kcl.ac.uk/people/peter-mcburney,mInKMwYAAAAJ
Peter Johnson 0001,University of Bath,http://www.bath.ac.uk/comp-sci/contacts/academics/peter_johnson,GnF3a4UAAAAJ
Peter Jonas,IST Austria,https://ist.ac.at/research/research-groups/jonas-group,OCuYpdEAAAAJ
Peter K. Allen,Columbia University,http://www.cs.columbia.edu/~allen,BDxQ5soAAAAJ
Peter K. Jimack,University of Leeds,https://eps.leeds.ac.uk/computing/staff/82/professor-peter-jimack,Zc4CtZQAAAAJ
Peter Karl Reichl,University of Vienna,https://cs.univie.ac.at/peter.reichl,co0c914AAAAJ
Peter Karsmakers,KU Leuven,https://iiw.kuleuven.be/onderzoek/advise/People/PeterKarsmakers,eS-e_ZIAAAAJ
Peter Kazanzides,Johns Hopkins University,https://www.cs.jhu.edu/faculty/peter-kazanzides,nNU3STcAAAAJ
Peter Kemper,College of William and Mary,http://www.wm.edu/as/computerscience/faculty/kemper_p.php,NOSCHOLARPAGE
Peter Kenny,University of Kent,https://www.cs.kent.ac.uk/people/staff/pgk,AcVmd48AAAAJ
Peter Kilpatrick,Queen's University Belfast,https://www.qub.ac.uk/schools/eeecs/Connect/Staff/BusinessCard/?name=p.kilpatrick,OlitxFsAAAAJ
Peter King,University of Manitoba,http://www.cs.umanitoba.ca/~prking,jENQurUAAAAJ
Peter Kling,University of Hamburg,https://www.inf.uni-hamburg.de/en/inst/ab/tea/people/kling.html,YWvcp6AAAAAJ
Peter Komisarczuk,Royal Holloway University of London,https://pure.royalholloway.ac.uk/portal/en/persons/peter-komisarczuk(2f94b004-09d5-44ca-ba25-f2866f5c9bc7).html,NOSCHOLARPAGE
Peter Krogstrup,IST Austria,https://ist.ac.at/research/research-groups/krogstrup-group,_tAV9MMAAAAJ
Peter L. Bartlett,Univ. of California - Berkeley,http://www.stat.berkeley.edu/~bartlett,UPVvV6kAAAAJ
Peter Langendörfer,Brandenburg University of Technology,https://www.b-tu.de/fg-sicherheit-in-pervasiven-systemen/team/professor,giUyxgYAAAAJ
Peter Liggesmeyer,TU Kaiserslautern,https://seda.informatik.uni-kl.de/staff-members/prof-liggesmeyer,mztSTlYAAAAJ
Peter Ljunglöf,Chalmers/GU,https://www.chalmers.se/en/staff/Pages/peter-ljunglof.aspx,8GVoEBgAAAAJ
Peter Lundin,Chalmers/GU,https://www.chalmers.se/en/staff/Pages/peter-lundin.aspx,NOSCHOLARPAGE
Peter Lutz,Rochester Institute of Technology,http://www.ist.rit.edu/~phl,Z2E0SisAAAAJ
Peter M. Andreae,Victoria University of Wellington,http://ecs.victoria.ac.nz/Main/PeterAndreae,NOSCHOLARPAGE
Peter M. Chen,University of Michigan,http://web.eecs.umich.edu/~pmchen,dVZNQqUAAAAJ
Peter M. Fischer 0001,University of Augsburg,https://www.uni-augsburg.de/de/fakultaet/fai/informatik/prof/dbis/team/fischer,n2w2PW8AAAAJ
Peter M. Hall,University of Bath,http://www.cs.bath.ac.uk/~pmh/start/home.html,Tgz4GT8AAAAJ
Peter M. Kogge,University of Notre Dame,http://www3.nd.edu/~kogge,3-PRZG0AAAAJ
Peter M. Todd,Indiana University,https://cogs.sitehost.iu.edu/people/profile.php?u=pmtodd,YOY2MFEAAAAJ
Peter M. Winkler,Dartmouth College,https://math.dartmouth.edu/~pw,NOSCHOLARPAGE
Peter Manolios,Northeastern University,http://www.ccs.neu.edu/home/pete,NOSCHOLARPAGE
Peter Marbach,University of Toronto,http://www.cs.toronto.edu/~marbach,NOSCHOLARPAGE
Peter Martini,University of Bonn,https://net.cs.uni-bonn.de/de/wg/kommunikationssysteme/mitarbeiter/leader/martini,NOSCHOLARPAGE
Peter McBrien,Imperial College London,http://www.doc.ic.ac.uk/~pjm,VVV8tSwAAAAJ
Peter McBurney,King's College London,https://www.kcl.ac.uk/people/peter-mcburney,mInKMwYAAAAJ
Peter Michael Fischer,University of Augsburg,https://www.uni-augsburg.de/de/fakultaet/fai/informatik/prof/dbis/team/fischer,n2w2PW8AAAAJ
Peter Michael Garraghan,Lancaster University,https://www.lancaster.ac.uk/scc/about-us/people/peter-garraghan,lkP_Zd8AAAAJ
Peter Milder,Stony Brook University,https://www.stonybrook.edu/commcms/electrical/people/-core_faculty/milder_peter,tZ_do3gAAAAJ
Peter Müller 0001,ETH Zurich,http://www.pm.inf.ethz.ch/people/personal/pmueller-pers.html,iJ0qZckAAAAJ
Peter N. Belhumeur,Columbia University,http://www.cs.columbia.edu/~belhumeur,J8YyZugAAAAJ
Peter Nelson,University of Illinois at Chicago,https://engineering.uic.edu/k-teacher/peter-nelson,YUjZ7wwAAAAJ
Peter Nightingale,University of York,https://www-users.cs.york.ac.uk/pwn503,Msh14AUAAAAJ
Peter O'Donnell,Monash University,http://monash.edu/research/explore/en/persons/peter-odonnell(fd8e96a0-71ce-4f7b-911f-7c764eeedb2d).html,6tPdlYAAAAAJ
Peter O'Shea,University of Queensland,http://researchers.uq.edu.au/researcher/11892,NOSCHOLARPAGE
Peter P. Popov,City University of London,https://www.city.ac.uk/people/academics/alex-taylor,ZraM0uwAAAAJ
Peter P. Puschner,TU Wien,https://ti.tuwien.ac.at/cps/people/puschner,ayCheRcAAAAJ
Peter Pietzuch,Imperial College London,https://www.doc.ic.ac.uk/~prp,vYcHYoYAAAAJ
Peter Pirkelbauer,University of Alabama - Birmingham,https://www.uab.edu/cas/computerscience/people/faculty-directory/peter-pirkelbauer,NOSCHOLARPAGE
Peter Purgathofer,TU Wien,http://igw.tuwien.ac.at/hci/people/ppurgathofer,NOSCHOLARPAGE
Peter Puschner,TU Wien,https://ti.tuwien.ac.at/cps/people/puschner,ayCheRcAAAAJ
Peter R. Cappello,Univ. of California - Santa Barbara,https://www.cs.ucsb.edu/~cappello,8fudeRAAAAAJ
Peter R. Pietzuch,Imperial College London,https://www.doc.ic.ac.uk/~prp,vYcHYoYAAAAJ
Peter R. Sutton,University of Queensland,http://researchers.uq.edu.au/researcher/70,dRo61oUAAAAJ
Peter Reichl,University of Vienna,https://cs.univie.ac.at/peter.reichl,co0c914AAAAJ
Peter Richard Burnap,Cardiff University,https://www.cardiff.ac.uk/people/view/44219-burnap-pete,wirikBAAAAAJ
Peter Richtárik,KAUST,https://richtarik.org,pGh242UAAAAJ
Peter Robinson 0001,University of Cambridge,https://www.cl.cam.ac.uk/~pr10,91NxdC4AAAAJ
Peter Robinson 0002,City University of Hong Kong,https://pwrobinson.github.io,DsPjnMQAAAAJ
Peter Rodgers,University of Kent,https://www.cs.kent.ac.uk/people/staff/pjr,wu6mHBsAAAAJ
Peter Rodgers 0001,University of Kent,https://www.cs.kent.ac.uk/people/staff/pjr,wu6mHBsAAAAJ
Peter Rohde,University of Technology Sydney,https://www.uts.edu.au/staff/peter.rohde,9FnYa84AAAAJ
Peter Rossmanith,RWTH Aachen,http://tcs.rwth-aachen.de/~rossmani,NOSCHOLARPAGE
Peter Ryan,University of Luxembourg,http://wwwen.uni.lu/snt/research/apsia/prof_peter_ryan,NOSCHOLARPAGE
Peter Røgen,DTU,https://www.compute.dtu.dk/english,NOSCHOLARPAGE
Peter Sanders 0001,Karlsruhe Institute of Technology,http://algo2.iti.kit.edu/sanders.php,0xWltyAAAAAJ
Peter Schachte,University of Melbourne,http://people.eng.unimelb.edu.au/schachte,ZL83PpwAAAAJ
Peter Scheuermann,Northwestern University,http://www.ece.northwestern.edu/~peters,nvKQ7JQAAAAJ
Peter Scholl,Aarhus University,https://pascholl.github.io,1k1mPNAAAAAJ
Peter Schrammel,University of Sussex,http://www.sussex.ac.uk/informatics/people/peoplelists/person/384323,JCU-scYAAAAJ
Peter Schröder,California Institute of Technology,http://www.cs.caltech.edu/~ps,t3TgxNwAAAAJ
Peter Schwabe [SP],Max Planck Society,https://cryptojedi.org/peter,CxxvqmEAAAAJ
Peter Sestoft,IT University of Copenhagen,http://www.itu.dk/people/sestoft,qz1BCu8AAAAJ
Peter Sewell,University of Cambridge,https://www.cl.cam.ac.uk/~pes20,NOSCHOLARPAGE
Peter Sheridan Dodds,University of Vermont,http://www.uvm.edu/pdodds,xK3kOxQAAAAJ
Peter Sjödin,KTH Royal Institute of Technology,https://www.kth.se/profile/psj,NOSCHOLARPAGE
Peter Slater,University of Alabama - Huntsville,https://www.uah.edu/science/departments/math/faculty-staff/peter-slater,c2Zg-x8AAAAJ
Peter Steenkiste,Carnegie Mellon University,http://www.cs.cmu.edu/~prs,DK7TEvkAAAAJ
Peter Stoica,Uppsala University,http://user.it.uu.se/~ps/ps.html,g8rknqcAAAAJ
Peter Stone,University of Texas at Austin,https://www.cs.utexas.edu/~pstone,qnwjcfAAAAAJ
Peter Strazdins,Australian National University,http://users.cecs.anu.edu.au/~peter,14xw7S4AAAAJ
Peter Struss,TU Munich,http://mqm.in.tum.de,NCdY2pYAAAAJ
Peter Sturm 0001,University of Trier,https://www.uni-trier.de/index.php?id=17497,NOSCHOLARPAGE
Peter Szolovits,Massachusetts Institute of Technology,http://groups.csail.mit.edu/medg/people/psz,1LuGqFQAAAAJ
Peter T. Kirstein,University College London,http://www0.cs.ucl.ac.uk/people/P.Kirstein.html,NOSCHOLARPAGE
Peter T. Wood,Birkbeck University of London,https://www.dcs.bbk.ac.uk/about/people/academic-staff/ptw,NOSCHOLARPAGE
Peter Thiemann 0001,University of Freiburg,http://www2.informatik.uni-freiburg.de/~thiemann,yJST1UAAAAAJ
Peter Tiño,University of Birmingham,https://www.birmingham.ac.uk/staff/profiles/metabolism-systems/tino-peter.aspx,jntY1osAAAAJ
Peter Triantafillou,University of Warwick,https://warwick.ac.uk/fac/sci/dcs/people/peter_triantafillou,seXHg1QAAAAJ
Peter Tuma 0001,Charles University,https://d3s.mff.cuni.cz/people/petrtuma,pU3sWO8AAAAJ
Peter Widmayer,ETH Zurich,https://www.inf.ethz.ch/personal/widmayer,NOSCHOLARPAGE
Peter William Nightingale,University of York,https://www-users.cs.york.ac.uk/pwn503,Msh14AUAAAAJ
Peter Winkler 0001,Dartmouth College,https://math.dartmouth.edu/~pw,NOSCHOLARPAGE
Peter Wonka,KAUST,https://www.kaust.edu.sa/en/study/faculty/peter-wonka,0EKXSXgAAAAJ
Peter Y. A. Ryan,University of Luxembourg,http://wwwen.uni.lu/snt/research/apsia/prof_peter_ryan,NOSCHOLARPAGE
Peter Z. Revesz,University of Nebraska,http://cse.unl.edu/~revesz,dDwXNpYAAAAJ
Peter Zaspel,Jacobs University Bremen,https://www.jacobs-university.de/directory/zaspel,BnwzFi4AAAAJ
Peter Zipf,University of Kassel,http://www.uni-kassel.de/eecs/fachgebiete/digitech/team/person/532-Peter-Zipf.html,NOSCHOLARPAGE
Peter van Beek,University of Waterloo,https://cs.uwaterloo.ca/~vanbeek,MP_l6fsAAAAJ
Peter-Michael Seidel,University of Hawaii at Manoa,http://www.asecolab.org/people/pseidel,NOSCHOLARPAGE
Petko Bogdanov,University at Albany - SUNY,https://www.albany.edu/ceas/petko-bogdanov.php,UBpC3u0AAAAJ
Petr A. Golovach,University of Bergen,https://folk.uib.no/pgo041,NOSCHOLARPAGE
Petr Hlinený,Masaryk University,https://www.muni.cz/en/people/168881,6gR2tBkAAAAJ
Petr Hnetynka,Charles University,https://d3s.mff.cuni.cz/people/petrhnetynka,NOSCHOLARPAGE
Petr Holub,Masaryk University,https://www.muni.cz/en/people/3248,NOSCHOLARPAGE
Petr Kolman,Charles University,https://kam.mff.cuni.cz/~kolman,1VKn7O0AAAAJ
Petr Matula,Masaryk University,https://www.muni.cz/en/people/3019,_J1EjksAAAAJ
Petr Slovák,King's College London,https://www.kcl.ac.uk/people/petr-slovak,E7fLCOMAAAAJ
Petr Sojka,Masaryk University,https://www.muni.cz/en/people/2378,9piza88AAAAJ
Petr Svenda,Masaryk University,https://crocs.fi.muni.cz/people/svenda,sAA8_ysAAAAJ
Petr Tůma,Charles University,https://d3s.mff.cuni.cz/people/petrtuma,pU3sWO8AAAAJ
Petr Tuma 0001,Charles University,https://d3s.mff.cuni.cz/people/petrtuma,pU3sWO8AAAAJ
Petra Berenbrink,University of Hamburg,https://www.inf.uni-hamburg.de/inst/ab/art/people/berenbrink.html,NOSCHOLARPAGE
Petra Hofstedt,Brandenburg University of Technology,https://www.b-tu.de/fg-programmiersprachen-compilerbau/team/professorin/petra-hofstedt,NOSCHOLARPAGE
Petra Mutzel,University of Bonn,https://ca.cs.uni-bonn.de/doku.php?id=people:mutzel,XIaaJv8AAAAJ
Petra Schubert,University of Koblenz-Landau,https://www.uni-koblenz-landau.de/de/koblenz/fb4/iwvi/agschubert/team/petra-schubert/petra-schubert,RvlHMVUAAAAJ
Petra Wiederkehr,TU Dortmund,https://ls14-www.cs.tu-dortmund.de/cms/de/home,NOSCHOLARPAGE
Petre Stoica,Uppsala University,http://user.it.uu.se/~ps/ps.html,g8rknqcAAAAJ
Petri Myllymäki,University of Helsinki,https://www.cs.helsinki.fi/u/myllymak,iisp1qgAAAAJ
Petri Vuorimaa,Aalto University,https://people.aalto.fi/petri_vuorimaa,Bcg93pAAAAAJ
Petros Drineas,Purdue University,https://www.cs.purdue.edu/homes/pdrineas,Yw2PquQAAAAJ
Petros Elia,EURECOM,http://www.eurecom.fr/~elia,VZAKIt4AAAAJ
Petros Faloutsos,York University,http://www.cse.yorku.ca/~pfal/Petros_Faloutsos/Main.html,aWdQkjIAAAAJ
Petros Maragos,NTUA,http://cvsp.cs.ntua.gr/maragos,A2XydgGCY9gC
Petros S. Stefaneas,NTUA,http://www.math.ntua.gr/~petros/index.htm,ikmeLvwAAAAJ
Petter Bjørstad,University of Bergen,http://www.ii.uib.no/~petter,NOSCHOLARPAGE
Petteri Kaski,Aalto University,https://users.ics.aalto.fi/pkaski,HuV9_EkAAAAJ
Petteri Nurmi,University of Helsinki,https://researchportal.helsinki.fi/en/persons/petteri-nurmi,P5kDLb0AAAAJ
Pew-Thian Yap,University of North Carolina,https://www.med.unc.edu/radiology/directory/pew-thian-yap,QGdnthwAAAAJ
Peyman Afshani,Aarhus University,http://www.cs.au.dk/~peyman,DNIqUZEAAAAJ
Peyman Kabiri,IUST,http://ce.iust.ac.ir/content/582/Peyman-Kabiri,NOSCHOLARPAGE
Phalguni Gupta,IIT Kanpur,http://www.cse.iitk.ac.in/users/pg,NOSCHOLARPAGE
Phani Vadrevu,University of New Orleans,http://www.phanivadrevu.com,tjlBAEIAAAAJ
Pheng-Ann Heng,Chinese University of Hong Kong,https://www.cse.cuhk.edu.hk/~pheng,OFdytjoAAAAJ
PhengAnn Heng,Chinese University of Hong Kong,https://www.cse.cuhk.edu.hk/~pheng,OFdytjoAAAAJ
Phil Bartie,Heriot-Watt University,https://www.hw.ac.uk/staff/uk/macs/Phil-Bartie.htm,6A8l1l8AAAAJ
Phil Blunsom,University of Oxford,https://www.cs.ox.ac.uk/people/phil.blunsom,eJwbbXEAAAAJ
Phil D. Green,University of Sheffield,https://www.sheffield.ac.uk/dcs/people/academic/philip-green,I0d6wEEAAAAJ
Phil F. Chan,Florida Institute of Technology,https://cs.fit.edu/~pkc,R_q2Nh4AAAAJ
Phil J. Bartie,Heriot-Watt University,https://www.hw.ac.uk/staff/uk/macs/Phil-Bartie.htm,6A8l1l8AAAAJ
Phil James Bartie,Heriot-Watt University,https://www.hw.ac.uk/staff/uk/macs/Phil-Bartie.htm,6A8l1l8AAAAJ
Phil Kearns,College of William and Mary,http://www.wm.edu/as/computerscience/faculty/kearns_phil.php,NOSCHOLARPAGE
Phil McMinn,University of Sheffield,https://www.sheffield.ac.uk/dcs/people/academic/phil-mcminn,ll6Fc7gAAAAJ
Phil Mlsna,Northern Arizona University,http://www.cefns.nau.edu/~pam7,NOSCHOLARPAGE
Phil Trinder,University of Glasgow,http://www.dcs.gla.ac.uk/~trinder,3Bs_EA0AAAAJ
Phil Vines,RMIT University,https://www.rmit.edu.au/contact/staff-contacts/academic-staff/v/vines-dr-phil,NOSCHOLARPAGE
Philip Bille,DTU,https://www.compute.dtu.dk/english,NOSCHOLARPAGE
Philip Brighten Godfrey,Univ. of Illinois at Urbana-Champaign,http://pbg.cs.illinois.edu,D2K-ADYAAAAJ
Philip Brisk,Univ. of California - Riverside,http://www1.cs.ucr.edu/faculty/philip,aPJHArAAAAAJ
Philip C. O'Kane,Queen's University Belfast,https://www.qub.ac.uk/schools/eeecs/Connect/Staff/BusinessCard/?name=p.okane,NOSCHOLARPAGE
Philip C. Treleaven,University College London,http://www0.cs.ucl.ac.uk/staff/p.treleaven,NOSCHOLARPAGE
Philip Dutré,KU Leuven,https://sites.google.com/site/philipdutre,pLUiNXsAAAAJ
Philip H. Sweany,University of North Texas,http://www.cse.unt.edu/~sweany,NOSCHOLARPAGE
Philip J. Guo,Univ. of California - San Diego,http://pgbovine.net,CKXeqHoAAAAJ
Philip J. Hatcher,University of New Hampshire,http://www.cs.unh.edu/~pjh,Dd2SKGAAAAAJ
Philip Jia Guo,Univ. of California - San Diego,http://pgbovine.net,CKXeqHoAAAAJ
Philip K. McKinley,Michigan State University,http://www.cse.msu.edu/~mckinley,70oIOKIAAAAJ
Philip Levis,Stanford University,http://csl.stanford.edu/~pal,I_YsXU4AAAAJ
Philip M. Johnson,University of Hawaii at Manoa,http://philipmjohnson.org,D37QzE4AAAAJ
Philip McMinn,University of Sheffield,https://www.sheffield.ac.uk/dcs/people/academic/phil-mcminn,ll6Fc7gAAAAJ
Philip N. Brown,UCCS,http://cs.uccs.edu/~pbrown2/index.html,3vqqlMwAAAAJ
Philip N. Klein,Brown University,http://cs.brown.edu/~pnk,gVUD47sAAAAJ
Philip O'Kane,Queen's University Belfast,https://www.qub.ac.uk/schools/eeecs/Connect/Staff/BusinessCard/?name=p.okane,NOSCHOLARPAGE
Philip Resnik,University of Maryland - College Park,http://www.umiacs.umd.edu/~resnik,71BFWc0AAAAJ
Philip S. Thomas,University of Massachusetts Amherst,http://psthomas.com,kkqXAnUAAAAJ
Philip S. Yu,University of Illinois at Chicago,https://www.cs.uic.edu/PSYu,D0lL1r0AAAAJ
Philip Terrill,University of Queensland,https://researchers.uq.edu.au/researcher/1138,4Cbu13gAAAAJ
Philip W. Dart,University of Melbourne,https://findanexpert.unimelb.edu.au/display/person56684,NOSCHOLARPAGE
Philip W. L. Fong,University of Calgary,http://www.cpsc.ucalgary.ca/~pwlfong,qBhH0KQAAAAJ
Philip W. Trinder,University of Glasgow,http://www.dcs.gla.ac.uk/~trinder,3Bs_EA0AAAAJ
Philip Wadler,University of Edinburgh,http://homepages.inf.ed.ac.uk/wadler,Iz-3VFQAAAAJ
Philip Wilsey,University of Cincinnati,http://www.ece.uc.edu/~paw,L3lqaIsAAAAJ
Philip Zimmerman,TU Delft,https://www.tudelft.nl/staff/p.r.zimmermann,NOSCHOLARPAGE
Philipp Berens,University of Tübingen,http://www.eye-tuebingen.de/berens,lPQLk3QAAAAJ
Philipp Cimiano,Bielefeld University,http://ekvv.uni-bielefeld.de/pers_publ/publ/PersonDetail.jsp?personId=15020699,ZyR3798AAAAJ
Philipp Haller,KTH Royal Institute of Technology,http://www.csc.kth.se/~phaller,sDt5PL4AAAAJ
Philipp Hennig,University of Tübingen,https://uni-tuebingen.de/en/faculties/faculty-of-science/departments/computer-science/lehrstuehle/methods-of-machine-learning/personen/philipp-hennig,UeG5w08AAAAJ
Philipp Jovanovic,University College London,https://philipp.jovanovic.io,p-KBDi8AAAAJ
Philipp Koehn,Johns Hopkins University,http://www.cs.jhu.edu/~phi,OsIZgIYAAAAJ
Philipp Krähenbühl,University of Texas at Austin,http://www.philkr.net,dzOd2hgAAAAJ
Philipp Leitner 0001,Chalmers/GU,https://www.chalmers.se/en/staff/Pages/philipp-leitner.aspx,wZ9f8CAAAAAJ
Philipp Reinecke,Cardiff University,https://www.cardiff.ac.uk/people/view/978577-reinecke-philipp,NOSCHOLARPAGE
Philipp Rümmer,Uppsala University,http://www.philipp.ruemmer.org,NOSCHOLARPAGE
Philipp Slusallek,Saarland University,https://graphics.cg.uni-saarland.de/slusallek,zNGwqSUAAAAJ
Philipp Wieder,University of Göttingen,https://www.gwdg.de/about-us/organization/departments/escience,kMwa9AsAAAAJ
Philipp Woelfel,University of Calgary,http://www.cpsc.ucalgary.ca/~woelfel,J68eFroAAAAJ
Philipp Wölfel,University of Calgary,http://www.cpsc.ucalgary.ca/~woelfel,J68eFroAAAAJ
Philippa Gardner,Imperial College London,https://www.doc.ic.ac.uk/~pg,LDe0mUwAAAAJ
Philippas Tsigas,Chalmers/GU,https://www.chalmers.se/en/staff/Pages/philippas-tsigas.aspx,NOSCHOLARPAGE
Philippe Bonnet,IT University of Copenhagen,http://www.itu.dk/people/phbo,S9zyMRgAAAAJ
Philippe Devienne,CRIStAL,https://www.cristal.univ-lille.fr/profil/devienne,NOSCHOLARPAGE
Philippe Ezequel,Université Jean Monnet,http://perso.univ-st-etienne.fr/ezequel,NOSCHOLARPAGE
Philippe Langlais,University of Montreal,http://www.iro.umontreal.ca/~felipe,NOSCHOLARPAGE
Philippe M. Fauchet,Vanderbilt University,http://engineering.vanderbilt.edu/bio/philippe-fauchet,dHiM2IcAAAAJ
Philippe Marquet,CRIStAL,https://www.cristal.univ-lille.fr/profil/marquet,IeTyR8gAAAAJ
Philippe Mathieu,CRIStAL,http://cristal.univ-lille.fr/~mathieu,QCLMl_YAAAAJ
Philippe Merle,CRIStAL,https://www.cristal.univ-lille.fr/profil/merle,NOSCHOLARPAGE
Philippe Nain,Ecole Normale Superieure de Lyon,http://www-sop.inria.fr/members/Philippe.Nain,rMGIECUAAAAJ
Philippe O. A. Navaux,UFRGS,http://www.inf.ufrgs.br/site/docente/philippe-olivier-alexandre-navaux,tNIuJeUAAAAJ
Philippe Olivier Alexandre Navaux,UFRGS,http://www.inf.ufrgs.br/site/docente/philippe-olivier-alexandre-navaux,tNIuJeUAAAAJ
Philippe Preux,CRIStAL,https://philippe-preux.github.io,JTXxmeAAAAAJ
Philippe Salembier,Polytechnic University of Catalonia,https://imatge.upc.edu/web/people/philippe-salembier,TUPVuG0AAAAJ
Philippe Schnoebelen,Ecole Normale Superieure de Cachan,http://www.lsv.ens-cachan.fr/~phs,NOSCHOLARPAGE
Philippos Mordohai,Stevens Institute of Technology,http://www.cs.stevens.edu/~mordohai,540aJY8AAAAJ
Philippos Pouyioutas,University of Nicosia,https://www.unic.ac.cy/pouyioutas-philippos,xdVxpJgAAAAJ
Phillip B. Gibbons,Carnegie Mellon University,http://www.cs.cmu.edu/~gibbons,F9kqUXkAAAAJ
Phillip Bradford,University of Connecticut,http://www.cse.uconn.edu/people/faculty,8M685rMAAAAJ
Phillip Chi-Wing Fu,Chinese University of Hong Kong,http://www.cse.cuhk.edu.hk/~cwfu,NOSCHOLARPAGE
Phillip Isola,Massachusetts Institute of Technology,http://web.mit.edu/phillipi,ROILf3EAAAAJ
Phillip M. Dickens,University of Maine,https://umaine.edu/scis/faculty-and-staff/phillip-m-dickens,BupDK7kAAAAJ
Phillip Rogaway,Univ. of California - Davis,http://www.cs.ucdavis.edu/~rogaway,gUEkPQEAAAAJ
Phoebe Sengers,Cornell University,http://www.cs.cornell.edu/people/sengers,6c5cf1wAAAAJ
Phokion G. Kolaitis,Univ. of California - Santa Cruz,https://users.soe.ucsc.edu/~kolaitis,Lu7biGYAAAAJ
Phone Lin,National Taiwan University,https://www.csie.ntu.edu.tw/~plin,NOSCHOLARPAGE
Phong Nguyen,Ecole Normale Superieure,http://www.di.ens.fr/~pnguyen,hnS8fnUAAAAJ
Phu Dung Le,Monash University,http://monash.edu/research/explore/en/persons/phu-le(7745eb6e-9b22-4d68-b566-116bc0280aa8).html,NOSCHOLARPAGE
Phuc Nguyen,University of Texas at Arlington,http://wsslab.org/vpnguyen,pBf2M3QAAAAJ
Phyllis G. Frankl,New York University,http://engineering.nyu.edu/people/phyllis-frankl,XE683E8AAAAJ
Pier Luca Lanzi,Politecnico di Milano,http://home.deib.polimi.it/lanzi,APNDyx0AAAAJ
Pierluigi Plebani,Politecnico di Milano,http://home.deib.polimi.it/plebani,FUdUWB4AAAAJ
Pierluigi Ritrovato,University of Salerno,http://docenti.unisa.it/003741/home,fWjvqKQAAAAJ
Pierluigi Sanpietro,Politecnico di Milano,http://home.deib.polimi.it/sanpietr,LfWwZTUAAAAJ
Piero Fraternali,Politecnico di Milano,http://home.deib.polimi.it/fraterna,IhFm8bIAAAAJ
Pierpaolo Degano,University of Pisa,http://www.di.unipi.it/~degano,NOSCHOLARPAGE
Pierre Baldi,Univ. of California - Irvine,http://www.igb.uci.edu/~pfbaldi,RhFhIIgAAAAJ
Pierre Boulanger,University of Alberta,https://webdocs.cs.ualberta.ca/~pierreb,27IhNIMAAAAJ
Pierre Boulet,CRIStAL,https://www.cristal.univ-lille.fr/profil/boulet,gzy0ay0AAAAJ
Pierre Bourhis,CRIStAL,http://cristal.univ-lille.fr/~bourhis,yykk3JMAAAAJ
Pierre Chavel,Université Jean Monnet,https://laboratoirehubertcurien.univ-st-etienne.fr/en/the-lab/staff.html,Bz_uDOUAAAAJ
Pierre Clairambault,Ecole Normale Superieure de Lyon,http://perso.ens-lyon.fr/pierre.clairambault,hEYmcxwAAAAJ
Pierre Dillenbourg,EPFL,https://people.epfl.ch/pierre.dillenbourg,1m1CqEEAAAAJ
Pierre Flener,Uppsala University,http://user.it.uu.se/~pierref,5PG6ZdwAAAAJ
Pierre Fortin 0001,CRIStAL,https://pro.univ-lille.fr/pierre-fortin,NOSCHOLARPAGE
Pierre Ganty,IMDEA Software Institute,http://software.imdea.org/people/pierre.ganty,j8fTqW0AAAAJ
Pierre Kelsen,University of Luxembourg,http://wwwen.uni.lu/snt/people/pierre_kelsen,WpY_eHMAAAAJ
Pierre L'Ecuyer,University of Montreal,http://www.iro.umontreal.ca/~lecuyer,gDxovowAAAAJ
Pierre Laperdrix,CRIStAL,https://plaperdr.github.io,hcXaYRAAAAAJ
Pierre Lescanne,Ecole Normale Superieure de Lyon,https://perso.ens-lyon.fr/pierre.lescanne,qHwV3cYAAAAJ
Pierre Maret,Université Jean Monnet,http://perso.univ-st-etienne.fr/mapi9921,kQTwSFcAAAAJ
Pierre McKenzie,University of Montreal,http://www.iro.umontreal.ca/~mckenzie,fA1ZOmMAAAAJ
Pierre Olivier,University of Manchester,https://sites.google.com/view/pierreolivier,rBr5a7UAAAAJ
Pierre Payeur,University of Ottawa,http://www.site.uottawa.ca/~ppayeur,NOSCHOLARPAGE
Pierre Poulin,University of Montreal,http://www.iro.umontreal.ca/~poulin,al5P0bAAAAAJ
Pierre Tirilly,CRIStAL,https://sites.google.com/site/tirillypierre/home,CKGKuOAAAAAJ
Pierre Vandergheynst,EPFL,https://people.epfl.ch/pierre.vandergheynst,1p9NOFEAAAAJ
Pierre-Louis Bellec,University of Montreal,http://diro.umontreal.ca/repertoire-departement/vue/bellec-pierre-louis,NOSCHOLARPAGE
Pierre-Luc Bacon,University of Montreal,http://pierrelucbacon.com,9H77FYYAAAAJ
Pierre-Marc Jodoin,Université de Sherbrooke,https://www.usherbrooke.ca/informatique/personnel/corps-professoral/professeurs/pierre-marc-jodoin,JM9-OOsAAAAJ
Pieter Abbeel,Univ. of California - Berkeley,https://people.eecs.berkeley.edu/~pabbeel,vtwH6GkAAAAJ
Pieter Collins,Maastricht University,https://dke.maastrichtuniversity.nl/pieter.collins,0p5ZVqsAAAAJ
Pieter H. M. Spronck,Tilburg University,https://www.tilburguniversity.edu/webwijs/show/p.spronck.htm,sB4vyswAAAAJ
Pieter J. Collins,Maastricht University,https://dke.maastrichtuniversity.nl/pieter.collins,0p5ZVqsAAAAJ
Pieter J. L. Cuijpers,TU Eindhoven,https://www.tue.nl/en/university/departments/mathematics-and-computer-science/the-department/staff/detail/ep/e/d/ep-uid/19940165,NOSCHOLARPAGE
Pieter J. Toussaint,NTNU,https://www.ntnu.edu/employees/pieter,NOSCHOLARPAGE
Pieter Jelle Toussaint,NTNU,https://www.ntnu.edu/employees/pieter,NOSCHOLARPAGE
Pieter Peers,College of William and Mary,http://www.cs.wm.edu/~ppeers,We8Oy0EAAAAJ
Pieter Spronck,Tilburg University,https://www.tilburguniversity.edu/webwijs/show/p.spronck.htm,sB4vyswAAAAJ
Pieter W. M. Koopman,Radboud University,http://www.cs.ru.nl/~pieter,LZNqOaEAAAAJ
Pietro Bonizzi,Maastricht University,https://www.maastrichtuniversity.nl/pietro.bonizzi,Y-zKXgsAAAAJ
Pietro Cenciarelli,Sapienza University of Rome,http://wwwusers.di.uniroma1.it/~cencia,NOSCHOLARPAGE
Pietro Liò,University of Cambridge,https://www.cl.cam.ac.uk/~pl219,3YrWf7EAAAAJ
Pietro Lió,University of Cambridge,https://www.cl.cam.ac.uk/~pl219,3YrWf7EAAAAJ
Pietro Lio',University of Cambridge,https://www.cl.cam.ac.uk/~pl219,3YrWf7EAAAAJ
Pietro Michiardi,EURECOM,http://www.eurecom.fr/~michiard,mlx1eCgAAAAJ
Pietro Perona,California Institute of Technology,https://www.vision.caltech.edu/Perona.html,j29kMCwAAAAJ
Pietro S. Oliveto,University of Sheffield,https://www.sheffield.ac.uk/dcs/people/academic/pietro-oliveto,dGRqOi0AAAAJ
Pietro Simone Oliveto,University of Sheffield,https://www.sheffield.ac.uk/dcs/people/academic/pietro-oliveto,dGRqOi0AAAAJ
Pin Tao,Tsinghua University,http://www.cs.tsinghua.edu.cn/publish/csen/4623/2010/20101224173206168406028/20101224173206168406028_.html,NOSCHOLARPAGE
Pinaki Mazumder,University of Michigan,http://web.eecs.umich.edu/~mazum,8knozEkAAAAJ
Pinaki Mitra,IIT Guwahati,http://www.iitg.ernet.in/pinaki,ZVxC1rB3vXEC
Pinar Duygulu,Hacettepe University,https://web.cs.hacettepe.edu.tr/~pinar,1KEMrHkAAAAJ
Pinar Duygulu Sahin,Hacettepe University,https://web.cs.hacettepe.edu.tr/~pinar,1KEMrHkAAAAJ
Pinar Heggernes,University of Bergen,http://www.ii.uib.no/~pinar,NOSCHOLARPAGE
Pinar Karagoz,Middle East Technical University,http://user.ceng.metu.edu.tr/~karagoz,u3r3gJIAAAAJ
Pinar Karagöz,Middle East Technical University,http://user.ceng.metu.edu.tr/~karagoz,u3r3gJIAAAAJ
Pinar Öztürk,NTNU,https://www.ntnu.edu/employees/pinar,wL7HNLsAAAAJ
Pinar Senkul,Middle East Technical University,http://user.ceng.metu.edu.tr/~karagoz,u3r3gJIAAAAJ
Pinar Tözün,IT University of Copenhagen,https://pure.itu.dk/portal/en/persons/pinar-toezun(63342b24-28ec-40c5-a7d9-ec49867dc75d).html,JTmMb3kAAAAJ
Pinar Yolum,Utrecht University,https://www.uu.nl/staff/PYolumBirbil,lbdyKlYAAAAJ
Ping Ji 0002,CUNY,http://jjcweb.jjay.cuny.edu/pji,tQiUbtEAAAAJ
Ping Li 0001,Rutgers University,http://www.stat.rutgers.edu/home/pingli,vR8jj4YAAAAJ
Ping Luo 0001,Chinese Academy of Sciences,http://mldm.ict.ac.cn/MLDM/luoping,d5L-OV4AAAAJ
Ping Luo 0002,University of Hong Kong,http://luoping.me,aXdjxb4AAAAJ
Ping Sun,Tongji University,https://sse.tongji.edu.cn/Data/View/2831,NOSCHOLARPAGE
Ping Tan,Simon Fraser University,http://www.cs.sfu.ca/~pingtan,konovGYAAAAJ
Ping Yang 0002,Binghamton University,http://www.cs.binghamton.edu/~pyang,0hTZUnYAAAAJ
Ping Yu 0002,Nanjing University,http://ics.nju.edu.cn/people/pingyu,LqQ0YXUAAAAJ
Ping Zhang 0016,Ohio State University,https://web.cse.ohio-state.edu/~zhang.10631,E3WyjZUAAAAJ
Ping-Chun Hsieh,National Chiao Tung University,https://pinghsieh.github.io,ix38JgoAAAAJ
Pingzhong Tang,Tsinghua University,http://iiis.tsinghua.edu.cn/~kenshin,NOSCHOLARPAGE
Pino Persiano,University of Salerno,http://www.di.unisa.it/~giuper,wbQQcfQAAAAJ
Pinyan Lu,SUFE,http://itcs.shufe.edu.cn/pinyan,KFQERBwAAAAJ
Piotr Berman,Pennsylvania State University,https://profiles.psu.edu/profiles/display/112545,NOSCHOLARPAGE
Piotr Bilinski,University of Warsaw,http://www.piotr-bilinski.com,w_m_VRQAAAAJ
Piotr Didyk,Università della Svizzera italiana,https://www.pdf.inf.usi.ch/people/piotr,kH5VxAIAAAAJ
Piotr Hofman,University of Warsaw,https://www.mimuw.edu.pl/~ph209519,HRFzDfoAAAAJ
Piotr Indyk,Massachusetts Institute of Technology,https://people.csail.mit.edu/indyk,oOwNKsAAAAAJ
Piotr J. Gmytrasiewicz,University of Illinois at Chicago,https://www.cs.uic.edu/bin/view/Piotr/WebHome,NOSCHOLARPAGE
Piotr Krysta,University of Liverpool,http://www.csc.liv.ac.uk/~piotr,Pe39BdUAAAAJ
Piotr Krzysztof Skowron,University of Warsaw,https://www.mimuw.edu.pl/~ps219737,HKy4T5kAAAAJ
Piotr Lipinski,University of Wroclaw,http://www.ii.uni.wroc.pl/~lipinski,NOSCHOLARPAGE
Piotr Sankowski,University of Warsaw,http://duch.mimuw.edu.pl/~sank/wordpress,-5LVg-0AAAAJ
Piotr Skowron 0001,University of Warsaw,https://www.mimuw.edu.pl/~ps219737,HKy4T5kAAAAJ
Piotr Tadeusz Bilinski,University of Warsaw,http://www.piotr-bilinski.com,w_m_VRQAAAAJ
Piotr Wasilewski,University of Warsaw,http://duch.mimuw.edu.pl/~piotr/en/bio,BHurJToAAAAJ
Piotr Wieczorek,University of Wroclaw,http://www.ii.uni.wroc.pl/~piotrek,EGXCyygAAAAJ
Piotr Witkowski 0001,University of Wroclaw,http://www.pwit.info,Iwr4uBUAAAAJ
Piotrek Hofman,University of Warsaw,https://www.mimuw.edu.pl/~ph209519,HRFzDfoAAAAJ
Pirkko H. Harvey,Middlesex University,https://www.mdx.ac.uk/about-us/our-people/staff-directory/profile/harvey-pirkko,NOSCHOLARPAGE
Piyush Kumar,Florida State University,http://compgeom.com/~piyush,aqdN-aUAAAAJ
Piyush P Kurur,IIT Kanpur,http://www.cse.iitk.ac.in/users/ppk,NOSCHOLARPAGE
Piyush Rai,IIT Kanpur,http://cse.iitk.ac.in/users/piyush,D50grEgAAAAJ
Piyush Srivastava,Tata Inst. of Fundamental Research,http://www.tifr.res.in/~piyush.srivastava,FiMu254AAAAJ
Plamen Angelov 0001,Lancaster University,https://www.lancaster.ac.uk/scc/about-us/people/plamen-angelov,CCW8PwkAAAAJ
Plamen P. Angelov,Lancaster University,https://www.lancaster.ac.uk/scc/about-us/people/plamen-angelov,CCW8PwkAAAAJ
Plamen Parvanov Angelov,Lancaster University,https://www.lancaster.ac.uk/scc/about-us/people/plamen-angelov,CCW8PwkAAAAJ
Pnina Fichman,Indiana University,https://ella.sice.indiana.edu/~fichman,KpiNE84AAAAJ
Po Yang 0001,University of Sheffield,https://www.sheffield.ac.uk/dcs/people/academic/po-yang,RdK3cwgAAAAJ
Po-Ling Loh,University of Wisconsin - Madison,http://homepages.cae.wisc.edu/~loh,NOSCHOLARPAGE
Pokhar Mal Jat,DAIICT,http://www.daiict.ac.in/daiict/people/faculty.html,NOSCHOLARPAGE
Polepalli Krishna Reddy,IIIT Hyderabad,http://faculty.iiit.ac.in/~pkreddy,XIgl8kUAAAAJ
Polina Golland,Massachusetts Institute of Technology,https://www.csail.mit.edu/person/polina-golland,eeyDrJ8AAAAJ
Pollipalli Krishna Reddy,IIIT Hyderabad,http://faculty.iiit.ac.in/~pkreddy,XIgl8kUAAAAJ
Polyvios Pratikakis,University of Crete,https://www.csd.uoc.gr/~polyvios,ACXEa94AAAAJ
Pong C. Yuen,Hong Kong Baptist University,http://www.comp.hkbu.edu.hk/~pcyuen,CwhIcHkAAAAJ
Pong Chi Yuen,Hong Kong Baptist University,http://www.comp.hkbu.edu.hk/~pcyuen,CwhIcHkAAAAJ
Pong P. Chu,Cleveland State University,https://academic.csuohio.edu/chu_p,NOSCHOLARPAGE
Ponnurangam Kumaraguru,IIIT Delhi,https://www.iiitd.ac.in/pk,MfzQyP8AAAAJ
Ponnurangam Kumarguru,IIIT Delhi,https://www.iiitd.ac.in/pk,MfzQyP8AAAAJ
Ponnuswamy Sadayappan,University of Utah,http://www.cs.utah.edu/~saday,JN4tlsMAAAAJ
Pontus Johnson,KTH Royal Institute of Technology,https://www.kth.se/profile/pontusj,Jxpmb_wAAAAJ
Poonam Goyal,BITS Pilani,http://www.bits-pilani.ac.in/pilani/poonam/profile,YHN0TYMAAAAJ
Poorvi L. Vora,George Washington University,https://www.seas.gwu.edu/~poorvi,NOSCHOLARPAGE
Pooya Farshim,University of York,https://farshim.wordpress.com,w_Pjc6MAAAAJ
Pooya Moradian Zadeh,University of Windsor,http://www.uwindsor.ca/science/computerscience/1047/dr-pooya-moradian-zadeh,x9lHn5IAAAAJ
Pooyan Jamshidi,University of South Carolina,https://pooyanjamshidi.github.io,Jre2RUQAAAAJ
Poppe:Ronald,Utrecht University,https://www.uu.nl/staff/RWPoppe,khmLnVIAAAAJ
Pornsiri Muenchaisri,Chulalongkorn University,https://www.cp.eng.chula.ac.th/en/about/faculty/pornsirim,NOSCHOLARPAGE
Posco Tso,Loughborough University,https://www.lboro.ac.uk/departments/compsci/staff/academic-teaching/tsoposco,NOSCHOLARPAGE
Poul G. Hjorth,DTU,https://www.compute.dtu.dk/english,NOSCHOLARPAGE
Pourang Irani,University of Manitoba,http://www.cs.umanitoba.ca/~irani,lPYUHkIAAAAJ
Pourang P. Irani,University of Manitoba,http://www.cs.umanitoba.ca/~irani,lPYUHkIAAAAJ
Prabal Dutta,Univ. of California - Berkeley,https://people.eecs.berkeley.edu/~prabal,H790-zwAAAAJ
Prabal K. Dutta,Univ. of California - Berkeley,https://people.eecs.berkeley.edu/~prabal,H790-zwAAAAJ
Prabhakar Ragde,University of Waterloo,https://cs.uwaterloo.ca/~plragde,NOSCHOLARPAGE
Prabhakaran Balakrishnan,University of Texas at Dallas,http://www.utdallas.edu/~praba,BENEK78AAAAJ
Prabhanjan Ananth,Univ. of California - Santa Barbara,https://sites.google.com/site/prabhanjanva,xS_vRnYAAAAJ
Prabhanjan Vijendra Ananth,Univ. of California - Santa Barbara,https://sites.google.com/site/prabhanjanva,xS_vRnYAAAAJ
Prabhat Mishra 0001,University of Florida,http://www.cise.ufl.edu/~prabhat,ZlhpUZoAAAAJ
Pradeep K. Atrey,University at Albany - SUNY,http://www.cs.albany.edu/~patrey,2s3sftgAAAAJ
Pradeep K. Khosla,Univ. of California - San Diego,http://chancellor.ucsd.edu/chancellor-khosla,HtgKHRIAAAAJ
Pradeep K. Murukannaiah,TU Delft,https://ii.tudelft.nl/~pradeep,zezL27wAAAAJ
Pradeep Kumar Atrey,University at Albany - SUNY,http://www.cs.albany.edu/~patrey,2s3sftgAAAAJ
Pradeep Ravikumar,Carnegie Mellon University,http://www.cs.cmu.edu/~pradeepr,Q4DTPw4AAAAJ
Pradeep Sen,Univ. of California - Santa Barbara,https://www.ece.ucsb.edu/~psen,9_H57VkAAAAJ
Pradeep Varakantham,Singapore Management University,https://www.smu.edu.sg/faculty/profile/9641/Pradeep-Reddy-VARAKANTHAM,BAdQpFkAAAAJ
Pradeesha Ashok,IIIT Bangalore,http://www.iiitb.ac.in/faculty_page.php?name=PradeeshaAshok,kYEa1aIAAAAJ
Pradip K. Das,IIT Guwahati,http://www.iitg.ernet.in/pkdas,zNNnCEUAAAAJ
Pradip K. Srimani,Clemson University,https://people.cs.clemson.edu/~srimani,syrIRoQAAAAJ
Prahladh Harsha,Tata Inst. of Fundamental Research,http://www.tcs.tifr.res.in/~prahladh,PTv2p1AAAAAJ
Prajakta Nimbhorkar,CMI,http://www.cmi.ac.in/~prajakta,hDBz3EUAAAAJ
Prakash Ishwar,Boston University,https://www.bu.edu/eng/profile/prakash-ishwar,RYvdtGcAAAAJ
Prakash Panangaden,McGill University,http://www.cs.mcgill.ca/~prakash,IROzEKQAAAAJ
Pralay Mitra,IIT Kharagpur,http://cse.iitkgp.ac.in/~pralay,LPzuRBUAAAAJ
Pramod Bhatotia,University of Edinburgh,https://www.inf.ed.ac.uk/people/staff/Pramod_Bhatotia.html,_nr10fgAAAAJ
Pramod K. Varshney,Syracuse University,http://www.ecs.syr.edu/research/SensorFusionLab/People/varshney,PLvsUUcAAAAJ
Pranab Sen,Tata Inst. of Fundamental Research,http://www.tcs.tifr.res.in/~pgdsen,Ka5re30AAAAJ
Pranjal Awasthi,Rutgers University,http://www.cs.rutgers.edu/~pa336,MDfW21AAAAAJ
Prasad Calyam,University of Missouri,https://engineering.missouri.edu/faculty/prasad-calyam,Plnnv18AAAAJ
Prasad Jayanti,Dartmouth College,http://www.cs.dartmouth.edu/~prasad,hdn0Ln0AAAAJ
Prasad Kulkarni,University of Kansas,http://www.ittc.ku.edu/~kulkarni,ETTvwdQAAAAJ
Prasad Raghavendra,Univ. of California - Berkeley,http://freevideolectures.com/Course/3567/Efficient-Algorithms-and-Intractable-Problems,t5KSayQAAAAJ
Prasad Tadepalli,Oregon State University,http://eecs.oregonstate.edu/~tadepall,CXAN0i0AAAAJ
Prasad Tetali,Georgia Institute of Technology,https://people.math.gatech.edu/~tetali,NOSCHOLARPAGE
Prasant Mohapatra,Univ. of California - Davis,http://faculty.engineering.ucdavis.edu/mohapatra,Zc018qEAAAAJ
Prasenjit Majumder,DAIICT,http://intranet.daiict.ac.in/~p_majumder,Cf-XE08AAAAJ
Prashant Doshi,University of Georgia,http://thinc.cs.uga.edu/personnel.html,3PkyzawAAAAJ
Prashant J. Shenoy,University of Massachusetts Amherst,https://people.cs.umass.edu/~shenoy/home,TciP6mcAAAAJ
Prashant Krishnamurthy,University of Pittsburgh,http://www.sci.pitt.edu/faculty-and-research/faculty-directory/prashant-krishnamurthy,F9qypa0AAAAJ
Prashant V. Krishnamurthy,University of Pittsburgh,http://www.sci.pitt.edu/faculty-and-research/faculty-directory/prashant-krishnamurthy,F9qypa0AAAAJ
Prashanth L. A.,IIT Madras,http://www.cse.iitm.ac.in/~prashla,Q1YXWpoAAAAJ
Prashanth Lakshmanrao Ananthapadmanabharao,IIT Madras,http://www.cse.iitm.ac.in/~prashla,Q1YXWpoAAAAJ
Prasun Dewan,University of North Carolina,http://www.cs.unc.edu/~dewan,rRxC18AAAAAJ
Prasun Sinha,Ohio State University,http://web.cse.ohio-state.edu/~prasun,jOX_9bQAAAAJ
Pratap Tokekar,University of Maryland - College Park,https://www.cs.umd.edu/people/tokekar,FKAovywAAAAJ
Prateek Mittal,Princeton University,http://www.princeton.edu/~pmittal,xTKD8J4AAAAJ
Prateek Saxena,National University of Singapore,https://www.comp.nus.edu.sg/~prateeks,7YoDkzsAAAAJ
Prateek Sharma,Indiana University,http://homes.sice.indiana.edu/prateeks,0vslvCQAAAAJ
Pratik Chaudhari,University of Pennsylvania,http://pratikac.info,c_z5hWEAAAAJ
Pratik Narang,BITS Pilani,https://www.bits-pilani.ac.in/pilani/pratiknarang/profile,YyCGRO8AAAAJ
Praveen Paruchuri,IIIT Hyderabad,https://www.iiit.ac.in/people/faculty/praveen.p,ILUqgKEAAAAJ
Praveen Tammana,IIT Hyderabad,https://www.iith.ac.in/cse/praveent,ZCukcP4AAAAJ
Pravesh K. Kothari,Carnegie Mellon University,https://www.cs.cmu.edu/~praveshk,07qshUgAAAAJ
Pravesh Kothari,Carnegie Mellon University,https://www.cs.cmu.edu/~praveshk,07qshUgAAAAJ
Predrag Radivojac,Northeastern University,https://www.ccis.northeastern.edu/people/predrag-radivojac,ugj0at8AAAAJ
Preetam Ghosh,Virginia Commonwealth University,https://egr.vcu.edu/directory/preetamghosh,S30uT7YAAAAJ
Preethi Jyothi,IIT Bombay,https://www.cse.iitb.ac.in/~pjyothi,QN_uhu8AAAAJ
Preeti Mudliar,IIIT Bangalore,http://www.iiitb.ac.in/faculty_page.php?name=PreetiMudliar,NOSCHOLARPAGE
Preeti Ranjan Panda,IIT Delhi,http://www.cse.iitd.ernet.in/~panda,4Q2DOC4AAAAJ
Prem Devanbu,Univ. of California - Davis,http://www.cs.ucdavis.edu/~devanbu,NOSCHOLARPAGE
Prem K. Kalra,IIT Delhi,http://www.cse.iitd.ernet.in/~pkalra,NOSCHOLARPAGE
Prem Kalra,IIT Delhi,http://www.cse.iitd.ernet.in/~pkalra,NOSCHOLARPAGE
Prem Kumar Kalra,IIT Delhi,http://www.cse.iitd.ernet.in/~pkalra,NOSCHOLARPAGE
Premkumar T. Devanbu,Univ. of California - Davis,http://www.cs.ucdavis.edu/~devanbu,NOSCHOLARPAGE
Preslav Ivanov Nakov,Qatar Computing Research Institute,http://www.qcri.org/our-people/bio?pid=35&amp;par=acc&amp;name=PreslavNakov,DfXsKZ4AAAAJ
Preslav Nakov,Qatar Computing Research Institute,http://www.qcri.org/our-people/bio?pid=35&amp;par=acc&amp;name=PreslavNakov,DfXsKZ4AAAAJ
Priscilla Kan John,Australian National University,https://cs.anu.edu.au/people/priscilla-kan-john,NOSCHOLARPAGE
Prithviraj Dasgupta,University of Nebraska - Omaha,https://www.unomaha.edu/college-of-information-science-and-technology/about/faculty-staff/prithviraj-dasgupta.php,DOlGwQIAAAAJ
Priya Narasimhan,Carnegie Mellon University,http://www.cs.cmu.edu/~priya,qyPWUBcAAAAJ
Priyanka Srivastava,IIIT Hyderabad,https://www.iiit.ac.in/people/faculty/priyanka,xjiw6DYAAAAJ
Probir Roy,University of Michigan-Dearborn,https://www.probir.info,Ktpw9z0AAAAJ
Prosanta Hope,University of Sheffield,https://www.sheffield.ac.uk/dcs/people/academic/prosanta-gope,Yy3YF0AAAAAJ
Prosenjit Bose,Carleton University,http://jitbose.ca,1jR53ZQAAAAJ
Prosenjit K. Bose,Carleton University,http://jitbose.ca,1jR53ZQAAAAJ
Prudence W. H. Wong,University of Liverpool,https://www.liverpool.ac.uk/computer-science/staff/prudence-wong,vjIXDW4AAAAJ
Przemyslaw Musialski,NJIT,https://web.njit.edu/~przem,GG5256IAAAAJ
Przemyslaw Pawelczak,TU Delft,http://www.pawelczak.net,NzykFrsAAAAJ
Przemyslaw Pochec,University of New Brunswick,https://www.cs.unb.ca/people/pochec,NOSCHOLARPAGE
Przemyslaw Prusinkiewicz,University of Calgary,http://algorithmicbotany.org,pjH7e8IAAAAJ
Przemysław Pawełczak,TU Delft,http://www.pawelczak.net,NzykFrsAAAAJ
Pu-Jen Cheng,National Taiwan University,https://www.csie.ntu.edu.tw/~pjcheng,uYdM_rwAAAAJ
Puneet Goyal,IIT Ropar,http://www.iitrpr.ac.in/cse/puneet,J_MIa1oAAAAJ
Purandar Bhaduri,IIT Guwahati,https://www.iitg.ernet.in/pbhaduri,rRuMQwgAAAAJ
Puru Kulkarni,IIT Bombay,https://www.cse.iitb.ac.in/~puru,Gs3HO5kAAAAJ
Purushotham Bangalore,University of Alabama - Birmingham,https://www.cis.uab.edu/puri,NOSCHOLARPAGE
Purushotham V. Bangalore,University of Alabama - Birmingham,https://www.cis.uab.edu/puri,NOSCHOLARPAGE
Purushottam Kar,IIT Kanpur,http://www.cse.iitk.ac.in/users/purushot,MNXz0AoAAAAJ
Purushottam Kulkarni,IIT Bombay,https://www.cse.iitb.ac.in/~puru,Gs3HO5kAAAAJ
Pushpak Bhattacharya,IIT Patna,https://www.cse.iitb.ac.in/~pb,vvg-pAkAAAAJ
Pushpak Bhattacharyya,IIT Patna,https://www.cse.iitb.ac.in/~pb,vvg-pAkAAAAJ
Pushpendra Singh 0001,IIIT Delhi,https://www.iiitd.edu.in/~pushpendra,qkSEUCMAAAAJ
Puwei Wang,Renmin University of China,http://iir.ruc.edu.cn/~pwwang,NOSCHOLARPAGE
