name,affiliation,homepage,scholarid
V. G. Vovk,Royal Holloway University of London,https://pure.royalholloway.ac.uk/portal/en/persons/vladimir-vovk_74ed8b21-d9d7-4ab6-8dbf-6f177b91b945.html,GJE29ekAAAAJ
V. John Mathews,Oregon State University,http://eecs.oregonstate.edu/people/mathews-v-john,NOSCHOLARPAGE
V. K. Prasanna Kumar,University of Southern California,http://ceng.usc.edu/~prasanna,4FQXSP8AAAAJ
V. Kamakoti 0001,IIT Madras,http://rise.cse.iitm.ac.in/people/faculty/kama/kama.html,n_Ck-8UAAAAJ
V. Krishna Nandivada,IIT Madras,http://www.cse.iitm.ac.in/~krishna,kbgu7ccAAAAJ
V. N. Muralidhara,IIIT Bangalore,http://www.iiitb.ac.in/faculty_page.php?name=VNMuralidhara,qYHo_C4AAAAJ
V. N. Venkatakrishnan,University of Illinois at Chicago,https://www.cs.uic.edu/~venkat,6enh82kAAAAJ
V. Ramasubramanian,IIIT Bangalore,http://www.iiitb.ac.in/faculty_page.php?name=VRamasubramanian,Eb87kPkAAAAJ
V. S. Anil Kumar 0001,University of Virginia,https://engineering.virginia.edu/faculty/anil-vullikanti,MNJ-E9UAAAAJ
V. S. Lakshmanan,University of British Columbia,https://www.cs.ubc.ca/~laks,_RCsaOsAAAAJ
V. S. Subrahmanian,Dartmouth College,https://faculty-directory.dartmouth.edu/vs-subrahmanian,PLt9wB8AAAAJ
V. Sridhar,IIIT Bangalore,http://www.iiitb.ac.in/faculty_page.php?name=VSridhar,NOSCHOLARPAGE
V. Sriram Siddhardh Nadendla,Missouri University of Technology,https://sites.google.com/a/mst.edu/nadendla,_xQ3PSoAAAAJ
V. Susheela Devi,IISc Bangalore,http://www.csa.iisc.ac.in/~susheela,NOSCHOLARPAGE
V. Vijaya Saradhi,IIT Guwahati,https://www.iitg.ernet.in/saradhi,1DpQo5AAAAAJ
V. Vinod,Massachusetts Institute of Technology,http://www.mit.edu/~vinodv,a8jIPIkAAAAJ
V. Wiktor Marek,University of Kentucky,https://www.cs.uky.edu/~marek,NOSCHOLARPAGE
Václav Hlavác,Czech Technical University,http://people.ciirc.cvut.cz/hlavac,zgcPE9kAAAAJ
Vaclav Prenosil,Masaryk University,https://www.muni.cz/en/people/169249,DFSqdsEAAAAJ
Vadim Bulitko,University of Alberta,http://ircl.cs.ualberta.ca,a93MQNQAAAAJ
Vadim E. Levit,Ariel University,http://ariel.academia.edu/VadimLevit,iAIwEeAAAAAJ
Vagelis Hristidis,Univ. of California - Riverside,http://www.cs.ucr.edu/~vagelis,nKR2tGvMLFMC
Vagelis Papalexakis,Univ. of California - Riverside,https://www.cs.cmu.edu/~epapalex,2P1kinAAAAAJ
Vagn Lundsgaard Hansen,DTU,https://www.compute.dtu.dk/english,NOSCHOLARPAGE
Vagner S. Rosa,Federal University of Rio Grande,http://www.vagner.c3.furg.br,NOSCHOLARPAGE
Vagner Santos Da Rosa,Federal University of Rio Grande,http://www.vagner.c3.furg.br,NOSCHOLARPAGE
Vahid Abolghasemi,University of Essex,https://www.essex.ac.uk/people/abolg46201/vahid-abolghasemi,WPumu9wAAAAJ
Vahid Behbood,University of Technology Sydney,https://www.uts.edu.au/staff/vahid.behbood,knsojo8AAAAJ
Vahid Garousi,Queen's University Belfast,https://www.qub.ac.uk/schools/eeecs/Connect/Staff/BusinessCard/?name=v.garousi,QegkmZcAAAAJ
Vahid Garousi-Yusifoglu,Queen's University Belfast,https://www.qub.ac.uk/schools/eeecs/Connect/Staff/BusinessCard/?name=v.garousi,QegkmZcAAAAJ
Vaibhav V. Unhelkar,Rice University,https://unhelkar.github.io/index.html,A6j9ikkAAAAJ
Vaidy S. Sunderam,Emory University,https://cs.emory.edu/~vss,6k7bp8IAAAAJ
Vaithianathan Mani Venkatasubramanian,Washington State University,http://www.eecs.wsu.edu/~mani,NOSCHOLARPAGE
Val Breazu-Tannen,University of Pennsylvania,http://www.cis.upenn.edu/~val,NOSCHOLARPAGE
Val Tannen,University of Pennsylvania,http://www.cis.upenn.edu/~val,NOSCHOLARPAGE
Valdis Berzins,Naval Postgraduate School,http://faculty.nps.edu/berzins/NPSVita_berzins.htm,NOSCHOLARPAGE
Valentina A. M. Tamma,University of Liverpool,http://www.csc.liv.ac.uk/~valli,tYimqvsAAAAJ
Valentina Boeva,ETH Zurich,http://boevalab.inf.ethz.ch,f196u4IAAAAJ
Valentina Nisi,Universidade de Lisboa,https://www.valentinanisi.com,1vA3h5IAAAAJ
Valentine Kabanets,Simon Fraser University,http://www.cs.sfu.ca/~kabanets,NOSCHOLARPAGE
Valeria Bertacco,University of Michigan,http://web.eecs.umich.edu/~valeria,IXiAPMoAAAAJ
Valerie E. Taylor,Texas A&M University,https://engineering.tamu.edu/cse/people/vtaylor,UUWrt60AAAAJ
Valerie King,University of Victoria,http://webhome.cs.uvic.ca/~val,XS-XGGoAAAAJ
Valerie Taylor 0001,Texas A&M University,https://engineering.tamu.edu/cse/people/vtaylor,UUWrt60AAAAJ
Valerio Pascucci,University of Utah,http://www.pascucci.org,Wh-qjBsAAAAJ
Valerio Selis,University of Liverpool,https://liverpool.ac.uk/electrical-engineering-and-electronics/staff/valerio-selis,PeaYlmIAAAAJ
Valerio Terragni,University of Auckland,https://valerio-terragni.github.io,ifF-jLQAAAAJ
Valeriu Breazu,University of Pennsylvania,http://www.cis.upenn.edu/~val,NOSCHOLARPAGE
Valkyrie Savage,University of Copenhagen,https://valkyriesavage.com,DaP1ULoAAAAJ
Valmir C. Barbosa,UFRJ,http://www.cos.ufrj.br/~valmir,NOSCHOLARPAGE
Valmir Carneiro Barbosa,UFRJ,http://www.cos.ufrj.br/~valmir,NOSCHOLARPAGE
Valsamis Ntouskos,Sapienza University of Rome,http://www.diag.uniroma1.it/users/valsamis%20ntouskos,pgCLEjQAAAAJ
Valtteri Niemi,University of Helsinki,https://researchportal.helsinki.fi/en/persons/valtteri-niemi,epkVo2cAAAAJ
Vambola Leping,University of Tartu,http://www.ut.ee/en/vambola-leping,NOSCHOLARPAGE
Van Bang Le,University of Rostock,https://users.informatik.uni-rostock.de/~le,wg7YPO4AAAAJ
Vana Kalogeraki,AUEB,http://www2.cs.aueb.gr/~vana,2lpWTDYAAAAJ
Vandana Agarwal,BITS Pilani,http://universe.bits-pilani.ac.in/pilani/vandana/profile,NOSCHOLARPAGE
Vander Alves,Universidade de Brasília,https://sites.google.com/site/vanderalves,b-u7SxQAAAAJ
Vanderlei Bonato,USP-ICMC,http://lcr.icmc.usp.br/web/members/vanderlei-bonato/index.html,zpk7tC0AAAAJ
Vanessa Braganholo,UFF,http://www2.ic.uff.br/~vanessa,QT9-AZ4AAAAJ
Vanessa Braganholo Murta,UFF,http://www2.ic.uff.br/~vanessa,QT9-AZ4AAAAJ
Vanessa Frías-Martínez,University of Maryland - College Park,https://www.cs.umd.edu/people/vfrias,R0L7Y50AAAAJ
Vanessa J. Teague,University of Melbourne,https://people.eng.unimelb.edu.au/vjteague,3CVS_xYAAAAJ
Vanessa P. Braganholo,UFF,http://www2.ic.uff.br/~vanessa,QT9-AZ4AAAAJ
Vanessa Teague,University of Melbourne,https://people.eng.unimelb.edu.au/vjteague,3CVS_xYAAAAJ
Vanessa de Paula Braganholo,UFF,http://www2.ic.uff.br/~vanessa,QT9-AZ4AAAAJ
Vangelis Markakis,AUEB,http://pages.cs.aueb.gr/~markakis,NOSCHOLARPAGE
Vangelis Metsis,Texas State University,http://cs.txstate.edu/~v_m137,7hDSfoQAAAAJ
Vangelis Th. Paschos,Université Paris Dauphine,https://www.lamsade.dauphine.fr/~paschos/,dCUE-DUAAAAJ
Vania Dimitrova,University of Leeds,https://eps.leeds.ac.uk/computing/staff/184/professor-vania-dimitrova,cDrHc2YAAAAJ
Vania G. Dimitrova,University of Leeds,https://eps.leeds.ac.uk/computing/staff/184/professor-vania-dimitrova,cDrHc2YAAAAJ
Varmo Vene,University of Tartu,http://www.ut.ee/en/read-why-varmo-vene-running-dean,AR7YQTUAAAAJ
Varsha Apte,IIT Bombay,https://www.cse.iitb.ac.in/~varsha,g2oLiH4AAAAJ
Varun Chandola,University at Buffalo,http://www.cse.buffalo.edu/~chandola,07Z4HAQAAAAJ
Varun Dutt,IIT Mandi,https://faculty.iitmandi.ac.in/~varun,jly9u8AAAAAJ
Varun Kanade,University of Oxford,http://www.cs.ox.ac.uk/people/varun.kanade,NOSCHOLARPAGE
Varun Mishra 0001,Northeastern University,https://khoury.northeastern.edu/~varun,2tP2D7MAAAAJ
Vasa Curcin,King's College London,https://www.kcl.ac.uk/people/vasa-curcin,X9VrDxkAAAAJ
Vasant G. Honavar,Pennsylvania State University,https://www.eecs.psu.edu/departments/directory-detail-g.aspx?q=vuh11/vuh14,pD_y458AAAAJ
Vasco Amaral,Universidade NOVA de Lisboa,https://sites.google.com/site/vascoamaral,p6lbgbAAAAAJ
Vasco Amaral 0001,Universidade NOVA de Lisboa,https://sites.google.com/site/vascoamaral,p6lbgbAAAAAJ
Vasco Brattka,Bundeswehr University Munich,http://theory.cca-net.de/vasco.php,BlPeOrIAAAAJ
Vasco M. Manquinho,Universidade de Lisboa,http://sat.inesc-id.pt/~vmm,vG7Gj6QAAAAJ
Vasco Miguel Moreira do Amaral,Universidade NOVA de Lisboa,https://sites.google.com/site/vascoamaral,p6lbgbAAAAAJ
Vasco Moreira Amaral,Universidade NOVA de Lisboa,https://sites.google.com/site/vascoamaral,p6lbgbAAAAAJ
Vasco T. Vasconcelos,Universidade de Lisboa,https://ciencias.ulisboa.pt/perfil/vmvasconcelos,dsRKl04AAAAJ
Vasco Thudichum Vasconcelos,Universidade de Lisboa,https://ciencias.ulisboa.pt/perfil/vmvasconcelos,dsRKl04AAAAJ
Vashek Matyas,Masaryk University,https://www.muni.cz/en/people/344,x6uv-rkAAAAJ
Vashek Matyás,Masaryk University,https://www.muni.cz/en/people/344,x6uv-rkAAAAJ
Vasile Rus,University of Memphis,https://www.memphis.edu/cs/people/faculty_pages/vasile-rus.php,k8jqnc8AAAAJ
Vasileios Giotsas,Lancaster University,https://www.lancaster.ac.uk/scc/about-us/people/vasileios-giotsas,p6TW1tEAAAAJ
Vasileios Karakostas,University of Athens,https://www.di.uoa.gr/~vkarakos,JhAJanIAAAAJ
Vasileios Koutavas,Trinity College Dublin,https://www.scss.tcd.ie/Vasileios.Koutavas,n1Ws_FcAAAAJ
Vasileios P. Kemerlis,Brown University,https://cs.brown.edu/~vpk,tkb2YWQAAAAJ
Vasileios Tenentes,University of Ioannina,https://cs.uoi.gr/~tenentes,KtX53YkAAAAJ
Vasiliki Baka,IT University of Copenhagen,https://pure.itu.dk/portal/en/persons/vasiliki-baka(4e33d926-364b-47b8-97d7-409c16b62db9).html,yPMwGGsAAAAJ
Vasiliki Kalavri,Boston University,http://people.inf.ethz.ch/kalavriv,8VMnu5IAAAAJ
Vasiliki Kantere,University of Ottawa,https://engineering.uottawa.ca/eecs/people/kantere-verena,av8jooQAAAAJ
Vasiliki Tsaknaki,IT University of Copenhagen,https://pure.itu.dk/portal/en/persons/vasiliki-tsaknaki(805cae2a-3462-4130-88de-cc7d94aec0a5).html,W0WziQcAAAAJ
Vasilios A. Siris,AUEB,http://www.aueb.gr/users/vsiris,Vj3O0cEAAAAJ
Vasilis Gkatzelis,Drexel University,https://www.cs.drexel.edu/~gkatz,0VBRRRoAAAAJ
Vasilis Pavlidis,University of Manchester,http://www.cs.man.ac.uk/~pavlidiv,NOSCHOLARPAGE
Vasilis Vassalos,AUEB,https://www.aueb.gr/en/faculty_page/vassalos-vasilios,oaM-d7QAAAAJ
Vaskar Raychoudhury,IIT Roorkee,http://faculty.iitr.ac.in/~vaskafec,Jzs-63AAAAAJ
Vassil Roussev,University of New Orleans,http://new.uno.edu/news/2018-10-18/computer-science-prof-vassil-roussev-wins-nsf-grant-develop-universal-data-language,dOcAjLEAAAAJ
Vassilevska Williams,Massachusetts Institute of Technology,http://theory.stanford.edu/~virgi,Wph6P_IAAAAJ
Vassilios G. Vassilakis,University of York,https://www-users.cs.york.ac.uk/~vv,-OzxgUwAAAAJ
Vassilios Tzerpos,York University,http://www.cse.yorku.ca/~bil,YGy4F6oAAAAJ
Vassilios V. Dimakopoulos,University of Ioannina,https://cs.uoi.gr/~dimako,JIGQWuAAAAAJ
Vassilios Vassalos,AUEB,https://www.aueb.gr/en/faculty_page/vassalos-vasilios,oaM-d7QAAAAJ
Vassilis Athitsos,University of Texas at Arlington,http://omega.uta.edu/~athitsos,RRmQyu8AAAAJ
Vassilis Christophides,University of Crete,https://www.csd.uoc.gr/index.jsp?custom=vassilis_christophides,KolmTncAAAAJ
Vassilis J. Tsotras,Univ. of California - Riverside,http://www.cs.ucr.edu/~tsotras,fUTN90MAAAAJ
Vassilis Kostakos,University of Melbourne,http://people.eng.unimelb.edu.au/vkostakos,JnWGV4kAAAAJ
Vassilis Papaefstathiou,University of Crete,https://www.csd.uoc.gr/~papaef,JkFCTFIAAAAJ
Vassilis Zikas,Purdue University,https://www.cs.purdue.edu/homes/vzikas,bsFxGUIAAAAJ
Vassilis Zissimopoulos,University of Athens,http://cgi.di.uoa.gr/~vassilis,NOSCHOLARPAGE
Vasso Stylianou,University of Nicosia,https://www.unic.ac.cy/stylianou-vasso,r3lEY48AAAAJ
Vassos Hadzilacos,University of Toronto,http://www.cs.toronto.edu/~vassos,NOSCHOLARPAGE
Vassos Soteriou,Cyprus University of Technology,https://www.cut.ac.cy/faculties/fet/eecei/staff/vassos.soteriou/?languageId=1,nUC16KUAAAAJ
Vasudeva Varma,IIIT Hyderabad,https://www.iiit.ac.in/~vv/Home.html,9OFvbfcAAAAJ
Vatsal Sharan,University of Southern California,http://web.stanford.edu/~vsharan,Ize17HEAAAAJ
Vedran Sekara,IT University of Copenhagen,https://pure.itu.dk/portal/en/persons/vedran-sekara(db64c222-0674-4eab-9f09-7f9ea1c483e3).html,u_dmO4UAAAAJ
Vedrana Andersen,DTU,https://www.compute.dtu.dk/english,NOSCHOLARPAGE
Vedrana Andersen Dahl,DTU,https://www.compute.dtu.dk/english,NOSCHOLARPAGE
Veelasha Moonsamy,Radboud University,https://www.veelasha.org,lMDHW00AAAAJ
Veezhinathan Kamakoti,IIT Madras,http://rise.cse.iitm.ac.in/people/faculty/kama/kama.html,n_Ck-8UAAAAJ
Veikko Surakka,Tampere University,https://www.tuni.fi/en/veikko-surakka,7h-zuycAAAAJ
Veit Hagenmeyer,Karlsruhe Institute of Technology,https://www.iai.kit.edu/Ansprechpersonen_1213.php,VQ70NaMAAAAJ
Veli Hakkoymaz,Yıldız Technical University,https://www.ce.yildiz.edu.tr/personal/vhakkoymaz?lang=en,TCKUg1QAAAAJ
Veli Mäkinen,University of Helsinki,https://www.helsinki.fi/en/researchgroups/genome-scale-algorithmics/people/veli-makinen,jGsexkoAAAAJ
Venanzio Capretta,University of Nottingham,https://www.nottingham.ac.uk/computerscience/people/venanzio.capretta,cQBrGaIAAAAJ
Venera Arnaoudova,Washington State University,http://www.veneraarnaoudova.com,PnqiKhgAAAAJ
Venkat Anantharam,Univ. of California - Berkeley,https://www2.eecs.berkeley.edu/Faculty/Homepages/anantharam.html,NOSCHOLARPAGE
Venkat Chandrasekaran,California Institute of Technology,http://users.cms.caltech.edu/~venkatc,NOSCHOLARPAGE
Venkat N. Venkatakrishnan,University of Illinois at Chicago,https://www.cs.uic.edu/~venkat,6enh82kAAAAJ
Venkata Gandikota,Syracuse University,https://sites.google.com/view/gvenkata,4u-2hcwAAAAJ
Venkata L. Raju Chinthalapati,Goldsmiths University of London,https://www.gold.ac.uk/computing/people/chinthalapati-raju,NOSCHOLARPAGE
Venkata Sriram Siddhardh Nadendla,Missouri University of Technology,https://sites.google.com/a/mst.edu/nadendla,_xQ3PSoAAAAJ
Venkata Yaramasu,Northern Arizona University,https://nau.edu/siccs/faculty/venkata-yaramasu,9WeLp14AAAAJ
Venkatachalam Anantharam,Univ. of California - Berkeley,https://www2.eecs.berkeley.edu/Faculty/Homepages/anantharam.html,NOSCHOLARPAGE
Venkataramana Badarla,IIT Jodhpur,http://home.iitj.ac.in/~ramana,r8QoCG4AAAAJ
Venkatesan Guruswami,Carnegie Mellon University,http://www.cs.cmu.edu/~venkatg,Es6jE1kAAAAJ
Venkatesh Akella,Univ. of California - Davis,https://www.ece.ucdavis.edu/~akella,onJXki0AAAAJ
Venkatesh Choppella,IIIT Hyderabad,https://www.iiit.ac.in/people/faculty/choppell,fGj4T74AAAAJ
Venkatesh Prasad Ranganath,Kansas State University,http://people.cis.ksu.edu/~rvprasad,efsT3ykAAAAJ
Venkatesh Raman 0001,IMSc,http://www.imsc.res.in/~vraman,NOSCHOLARPAGE
Venkatesh Saligrama,Boston University,https://www.bu.edu/eng/profile/venkatesh-saligrama,S4z3uzMAAAAJ
Venkatesh Srinivasan 0001,University of Victoria,http://www.cs.uvic.ca/~venkat,xn6BVdoAAAAJ
Venkatesh-Prasad Ranganath,Kansas State University,http://people.cis.ksu.edu/~rvprasad,efsT3ykAAAAJ
Venkatramanan Siva Subrahmanian,University of Maryland - College Park,https://www.cs.umd.edu/~vs,PLt9wB8AAAAJ
Venu Govindaraju,University at Buffalo,https://cubs.buffalo.edu/about-the-director,ruIgbscAAAAJ
Venugopal Govindaraju,University at Buffalo,https://cubs.buffalo.edu/about-the-director,ruIgbscAAAAJ
Vera Chung,University of Sydney,http://sydney.edu.au/engineering/people/vera.chung.php,NOSCHOLARPAGE
Vera Demberg,Saarland University,http://www.coli.uni-saarland.de/~vera,l2CFSAMAAAAJ
Vera Demberg-Winterfors,Saarland University,http://www.coli.uni-saarland.de/~vera,l2CFSAMAAAAJ
Vered Rom-Kedar,Weizmann Institute of Science,https://www.weizmann.ac.il/pages/search/people?language=english&single=1&person_id=18987,cLgnNzEAAAAJ
Vered Shwartz,University of British Columbia,https://www.cs.ubc.ca/~vshwartz,bbe4ResAAAAJ
Verena Kantere,University of Ottawa,https://engineering.uottawa.ca/eecs/people/kantere-verena,av8jooQAAAAJ
Verena Rieser,Heriot-Watt University,https://www.hw.ac.uk/staff/uk/macs/verena-rieser.htm,4c2k2LEAAAAJ
Verena V. Hafner,Humboldt University of Berlin,http://adapt.informatik.hu-berlin.de,BgeNFyEAAAAJ
Verena Vanessa Hafner,Humboldt University of Berlin,http://adapt.informatik.hu-berlin.de,BgeNFyEAAAAJ
Verena Wolf,Saarland University,https://mosi.uni-saarland.de/?page_id=53,ZqxLC80AAAAJ
Vern Paxson,Univ. of California - Berkeley,http://www.icir.org/vern,HvwPRJ0AAAAJ
Vernon Rego,Purdue University,https://www.cs.purdue.edu/people/rego,NOSCHOLARPAGE
Vero Vanden Abeele,KU Leuven,https://iiw.kuleuven.be/onderzoek/emedia/people/verovandenabeele,4ujvHaEAAAAJ
Verónica Becher,University of Buenos Aires,http://www-2.dc.uba.ar/profesores/becher,_7APZ6sAAAAJ
Verónica Bolón,University of A Coruña,https://pdi.udc.es/en/File/Pdi/B93TH,ameK2ocAAAAJ
Veronica Teichrieb,UFPE,http://www.cin.ufpe.br/voxarlabs,6YwOT_QAAAAJ
Veronika A. Vanden Abeele,KU Leuven,https://iiw.kuleuven.be/onderzoek/emedia/people/verovandenabeele,4ujvHaEAAAAJ
Veronika Cheplygina,IT University of Copenhagen,https://veronikach.com,4x1y2bwAAAAJ
Vesal Hakami,IUST,http://www.iust.ac.ir/page.php?slct_pg_id=18186&sid=14&slc_lang=en,l3D_gCAAAAAJ
Vesal Vojdani,University of Tartu,http://www.ut.ee/en/vesal-vojdani,A0W8Z_kAAAAJ
Viacheslav Fofanov,Northern Arizona University,https://nau.edu/siccs/faculty/viacheslav-fofanov,FzbNWs4AAAAJ
Vibhav Gogate,University of Texas at Dallas,http://www.hlt.utdallas.edu/~vgogate,pm_dg3cAAAAJ
Vic Ciesielski,RMIT University,https://www.rmit.edu.au/contact/staff-contacts/academic-staff/c/ciesielski-associate-professor-vic,NOSCHOLARPAGE
Vicente Moret-Bonillo,University of A Coruña,https://pdi.udc.es/en/File/Pdi/HV99E,4fnZu4QAAAAJ
Vicente Ordonez,Rice University,https://profiles.rice.edu/faculty/vicente-ordonez-roman,TtA_j4YAAAAJ
Vicente Ordóñez Román,Rice University,https://profiles.rice.edu/faculty/vicente-ordonez-roman,TtA_j4YAAAAJ
Vicki Allan,Utah State University,https://cs.usu.edu/people/faculty/allan-vicki,GkiodTgAAAAJ
Vicki L. Hanson,Rochester Institute of Technology,https://vickihanson.org,my5lwzIAAAAJ
Víctor A. Braberman,University of Buenos Aires,http://lafhis.dc.uba.ar/en/~vbraber,NOSCHOLARPAGE
Victor B. Zordan,Clemson University,http://www.cs.ucr.edu/~vbz,NyY8ztoAAAAJ
Victor C. S. Lee,City University of Hong Kong,https://www.cs.cityu.edu.hk/~vlee,NOSCHOLARPAGE
Victor Carneiro,University of A Coruña,https://pdi.udc.es/en/File/Pdi/H299E,R1HCiBYAAAAJ
Victor Chung Sing Lee,City University of Hong Kong,https://www.cs.cityu.edu.hk/~vlee,NOSCHOLARPAGE
Victor Ciesielski,RMIT University,https://www.rmit.edu.au/contact/staff-contacts/academic-staff/c/ciesielski-associate-professor-vic,NOSCHOLARPAGE
Victor Fragoso,West Virginia University,https://www.statler.wvu.edu/faculty-staff/faculty/victor-fragoso,7XBDDigAAAAJ
Victor Frost,University of Kansas,http://www.ittc.ku.edu/~frost,0E00iT0AAAAJ
Victor Gutiérrez-Basulto,Cardiff University,https://www.cardiff.ac.uk/people/view/543129-gutierrez-basulto-victor,L2eFo5IAAAAJ
Victor J. Milenkovic,University of Miami,http://www.cs.miami.edu/~vjm,NOSCHOLARPAGE
Victor Jauregui,UNSW,https://www.cse.unsw.edu.au/~vicj,NOSCHOLARPAGE
Victor Manuel Fragoso,West Virginia University,https://www.statler.wvu.edu/faculty-staff/faculty/victor-fragoso,7XBDDigAAAAJ
Victor Milenkovic,University of Miami,http://www.cs.miami.edu/~vjm,NOSCHOLARPAGE
Victor Pan,CUNY,http://comet.lehman.cuny.edu/vpan,9-i5_74AAAAJ
Victor S. Frost,University of Kansas,http://www.ittc.ku.edu/~frost,0E00iT0AAAAJ
Victor Sanchez,University of Warwick,https://www.dcs.warwick.ac.uk/~vsanchez/Victor_Sanchez/Victor_Sanchez.html,49PNoKwAAAAJ
Victor Shoup,New York University,http://www.shoup.net,H4cQsHAAAAAJ
Victor Veitch,University of Chicago,http://victorveitch.com,xkn_XZgAAAAJ
Victor Vianu,Univ. of California - San Diego,https://cseweb.ucsd.edu/~vianu,CK_GLC8AAAAJ
Victor W. Marek,University of Kentucky,https://www.cs.uky.edu/~marek,NOSCHOLARPAGE
Victor W. Zue,Massachusetts Institute of Technology,https://www.csail.mit.edu/user/1522,uvsx5WUAAAAJ
Victor Winter,University of Nebraska - Omaha,https://www.unomaha.edu/college-of-information-science-and-technology/about/faculty-staff/victor-winter.php,2uaYe_oAAAAJ
Victor Y. Pan,CUNY,http://comet.lehman.cuny.edu/vpan,9-i5_74AAAAJ
Victor Zamaraev,University of Liverpool,https://www.liverpool.ac.uk/computer-science/staff/viktor-zamaraev,HpS4Y2wAAAAJ
Victor Zue,Massachusetts Institute of Technology,https://www.csail.mit.edu/user/1522,uvsx5WUAAAAJ
Victor de Boer,VU Amsterdam,http://www.victordeboer.com,9Ck790YAAAAJ
Victoria Interrante,University of Minnesota,http://www-users.cs.umn.edu/~interran,vQQOZVgAAAAJ
Victoria Stodden,Univ. of Illinois at Urbana-Champaign,https://ischool.illinois.edu/people/victoria-stodden,LWw60SgAAAAJ
Vida Dujmovic,University of Ottawa,http://cglab.ca/~vida,NOSCHOLARPAGE
Viet Tung Hoang,Florida State University,http://www.cs.fsu.edu/~tvhoang,ggcCMuIAAAAJ
Viggo Kann,KTH Royal Institute of Technology,http://www.csc.kth.se/~viggo,4Fexy5ml2cMC
Vignesh Narayanan,University of South Carolina,https://vigsnar.github.io,IXy6vzsAAAAJ
Vijay Chidambaram,University of Texas at Austin,http://www.cs.utexas.edu/~vijay,KlpusxAAAAAJ
Vijay Ganesh,University of Waterloo,https://ece.uwaterloo.ca/~vganesh,YP23eR0AAAAJ
Vijay K. Sood,Ontario Tech University,https://engineering.ontariotechu.ca/people/ecse/vijay.sood.php,3kp505oAAAAJ
Vijay Kumar 0001,University of Pennsylvania,http://www.kumarrobotics.org,h6h5FdoAAAAJ
Vijay Kumar 0002,University of Missouri - Kansas City,http://k.web.umkc.edu/kumarv/index.html,NOSCHOLARPAGE
Vijay Nagarajan,University of Edinburgh,http://homepages.inf.ed.ac.uk/vnagaraj,xQYIFX0AAAAJ
Vijay Natarajan,IISc Bangalore,http://www.csa.iisc.ac.in/~vijayn,yePyztMAAAAJ
Vijay Raghavan 0001,University of Louisiana - Lafayette,https://people.cmix.louisiana.edu/vijay/,GFW9JacAAAAJ
Vijay V. Raghavan 0001,University of Louisiana - Lafayette,https://people.cmix.louisiana.edu/vijay/,GFW9JacAAAAJ
Vijay V. Vazirani,Univ. of California - Irvine,http://www.cc.gatech.edu/~vazirani,NOSCHOLARPAGE
Vijaya Ramachandran,University of Texas at Austin,https://www.cs.utexas.edu/~vlr,thajK3gAAAAJ
Vijayakrishnan Nagarajan,University of Edinburgh,http://homepages.inf.ed.ac.uk/vnagaraj,NOSCHOLARPAGE
Vijaykrishnan Narayanan,Pennsylvania State University,http://www.cse.psu.edu/~vxn9,UyeTBeoAAAAJ
Vijey Thayananthan,King Abdulaziz University,http://www.kau.edu.sa/Contacts.aspx?Site_ID=61117&Lng=EN&Cont=19677,Ef5xnQwAAAAJ
Vikas K. Garg,Aalto University,https://research.aalto.fi/en/persons/vikas-garg,JFT_m9kAAAAJ
Vikas Singh,University of Wisconsin - Madison,https://www.biostat.wisc.edu/~vsingh,d32BmwcAAAAJ
Vikram Goyal,IIIT Delhi,https://www.iiitd.ac.in/vikram,YJaVmSwAAAAJ
Vikram Jadhao,Indiana University,https://jadhaolab.engineering.indiana.edu,7m5wqk4AAAAJ
Vikram Pudi,IIIT Hyderabad,https://www.iiit.ac.in/people/faculty/vikram,jH79pJkAAAAJ
Vikram S. Adve,Univ. of Illinois at Urbana-Champaign,https://vikram.cs.illinois.edu,VbruE20AAAAJ
Vikram Sharma 0001,IMSc,https://www.imsc.res.in/~vikram,NOSCHOLARPAGE
Vikraman Arvind,IMSc,http://www.imsc.res.in/~arvind,NOSCHOLARPAGE
Viktor Gruev,Washington University in St. Louis,https://ece.illinois.edu/directory/profile/vgruev,WV7XovQAAAAJ
Viktor K. Prasanna,University of Southern California,http://ceng.usc.edu/~prasanna,4FQXSP8AAAAJ
Viktor Kuncak,EPFL,http://lara.epfl.ch/~kuncak,kmoklesAAAAJ
Viktor Leis,University of Erlangen–Nuremberg,https://www.cs6.tf.fau.eu/person/viktor-leis,qFOwPNQAAAAJ
Viktor Vafeiadis [SWS],Max Planck Society,http://www.mpi-sws.org/~viktor,kysdyH4AAAAJ
Viktor Zamaraev,University of Liverpool,https://www.liverpool.ac.uk/computer-science/staff/viktor-zamaraev,HpS4Y2wAAAAJ
Viktor de Boer,VU Amsterdam,http://www.victordeboer.com,9Ck790YAAAAJ
Viktória Elek,KTH Royal Institute of Technology,https://www.kth.se/profile/vjfodor,SLqhiSQAAAAJ
Viktoria Fodor,KTH Royal Institute of Technology,https://www.kth.se/profile/vjfodor,SLqhiSQAAAAJ
Viktória Fodor,KTH Royal Institute of Technology,https://www.kth.se/profile/vjfodor,SLqhiSQAAAAJ
Viktoria Pammer,Graz University of Technology,https://viktoriapammer.wordpress.com,muJor3MAAAAJ
Viktoria Pammer-Schindler,Graz University of Technology,https://viktoriapammer.wordpress.com,muJor3MAAAAJ
Viliam Lisý,Czech Technical University,https://sites.google.com/site/viliamlisy,wNY724AAAAAJ
Ville Mustonen,University of Helsinki,https://researchportal.helsinki.fi/en/persons/ville-mustonen,ppkud30AAAAJ
Vimal Kumar 0001,University of Waikato,http://www.cms.waikato.ac.nz/people/vkumar,N_xTKpAAAAAJ
Vimala Balakrishnan,University of Malaya,https://umexpert.um.edu.my/vimala-balakrishnan,L7rg5ooAAAAJ
Vinay J. Ribeiro,IIT Delhi,http://www.cse.iitd.ernet.in/~vinay,XxeF6MkAAAAJ
Vinay Joseph Ribeiro,IIT Delhi,http://www.cse.iitd.ernet.in/~vinay,XxeF6MkAAAAJ
Vinay Namboodiri,IIT Kanpur,http://www.cse.iitk.ac.in/users/vinaypn,JyHi9OoAAAAJ
Vinay P. Namboodiri,IIT Kanpur,http://www.cse.iitk.ac.in/users/vinaypn,JyHi9OoAAAAJ
Vinayak A. Rao,Purdue University,https://varao.github.io,IQibv4UAAAAJ
Vinayak Abrol,IIIT Delhi,https://www.iiitd.ac.in/vabrol,13e0zscAAAAJ
Vinayak Naik,BITS Pilani-Goa,http://www.bits-pilani.ac.in/goa/vinayak/profile,HF7IPeQAAAAJ
Vinayak S. Naik,BITS Pilani-Goa,http://www.bits-pilani.ac.in/goa/vinayak/profile,HF7IPeQAAAAJ
Vincent A. W. M. M. Aleven,Carnegie Mellon University,http://www.cs.cmu.edu/~./aleven,ztkfnCsAAAAJ
Vincent Aleven,Carnegie Mellon University,http://www.cs.cmu.edu/~./aleven,ztkfnCsAAAAJ
Vincent Aranega,CRIStAL,https://pro.univ-lille.fr/vincent-aranega,c_Lv5PEAAAAJ
Vincent Bindschaedler,University of Florida,https://vbinds.ch,uJMkuykAAAAJ
Vincent C. S. Lee,Monash University,http://monash.edu/research/explore/en/persons/chengsiong-lee(05f9db46-8604-46ad-b06f-9637877cd0db).html,nP5UPKsAAAAJ
Vincent Cheng-Siong Lee,Monash University,http://monash.edu/research/explore/en/persons/chengsiong-lee(05f9db46-8604-46ad-b06f-9637877cd0db).html,nP5UPKsAAAAJ
Vincent Conitzer,Carnegie Mellon University,https://users.cs.duke.edu/~conitzer,juRk4lQAAAAJ
Vincent Danos,Ecole Normale Superieure,http://www.di.ens.fr/~danos,Q0aaJVUAAAAJ
Vincent François-Lavet,VU Amsterdam,http://vincent.francois-l.be,n12uNYcAAAAJ
Vincent Gramoli,University of Sydney,http://rp-www.cs.usyd.edu.au/~gramoli/php,Fv7ZfN8AAAAJ
Vincent Hellendoorn,Carnegie Mellon University,https://vhellendoorn.github.io,PfYrc5kAAAAJ
Vincent Heuveline,Heidelberg University,https://emcl.iwr.uni-heidelberg.de/people/heuveline-vincent,xsAahYgAAAAJ
Vincent Immler,Oregon State University,https://eecs.oregonstate.edu/people/immler-vincent,YMWQhF0AAAAJ
Vincent J. Hellendoorn,Carnegie Mellon University,https://vhellendoorn.github.io,PfYrc5kAAAAJ
Vincent Lefèvre,Ecole Normale Superieure de Lyon,http://www.ens-lyon.fr/annuaire/m-lefevre-vincent-144200.kjsp?RH=ENS-LYON,NOSCHOLARPAGE
Vincent Lepetit,Graz University of Technology,https://www.labri.fr/perso/vlepetit,h0a5q3QAAAAJ
Vincent Liu,University of Pennsylvania,http://vincen.tl,z84dqmcAAAAJ
Vincent Naessens,KU Leuven,https://distrinet.cs.kuleuven.be/people/vincent,Bkf8cMYAAAAJ
Vincent Ng 0001,University of Texas at Dallas,http://www.hlt.utdallas.edu/~vince,4UyniXYAAAAJ
Vincent Oria,NJIT,https://web.njit.edu/~oria,PlgV6FwAAAAJ
Vincent P. Wade,Trinity College Dublin,https://www.tcd.ie/research/profiles/?profile=vwade,TVduzD8AAAAJ
Vincent Rahli,University of Birmingham,https://www.birmingham.ac.uk/staff/profiles/computer-science/academic-staff/rahli-vincent.aspx,SDbJOBoAAAAJ
Vincent Rijmen,KU Leuven,https://www.esat.kuleuven.be/cosic/people/vincent-rijmen,zBQxZrcAAAAJ
Vincent S. Tseng,National Chiao Tung University,http://people.cs.nctu.edu.tw/~vtseng,DFjmS6AAAAAJ
Vincent Shin-Mu Tseng,National Chiao Tung University,http://people.cs.nctu.edu.tw/~vtseng,DFjmS6AAAAAJ
Vincent W. Freeh,North Carolina State University,https://www.csc.ncsu.edu/people/vwfreeh,tqH2I-4AAAAJ
Vincent Y. Shen,HKUST,https://www.cse.ust.hk/~shen,NOSCHOLARPAGE
Vincent Yun Shen,HKUST,https://www.cse.ust.hk/~shen,NOSCHOLARPAGE
Vincenzo Ambriola,University of Pisa,http://www.di.unipi.it/~ambriola,NOSCHOLARPAGE
Vincenzo Auletta,University of Salerno,http://www.unisa.it/docenti/vincenzoauletta/en/index,NOSCHOLARPAGE
Vincenzo Caglioti,Politecnico di Milano,http://home.deib.polimi.it/caglioti,NOSCHOLARPAGE
Vincenzo Carletti,University of Salerno,https://docenti.unisa.it/026104/home,1iQtvdsAAAAJ
Vincenzo D'Andrea,University of Trento,https://webapps.unitn.it/du/en/Persona/PER0004834/Curriculum,TzToTegAAAAJ
Vincenzo Deufemia,University of Salerno,http://www.unisa.it/docenti/vincenzodeufemia/index,HwOcqO8AAAAJ
Vincenzo Gervasi,University of Pisa,http://www.di.unipi.it/~gervasi,4nMaoMEAAAAJ
Vincenzo Gulisano,Chalmers/GU,https://www.chalmers.se/en/staff/Pages/vincenzo-gulisano.aspx,NOSCHOLARPAGE
Vincenzo Iovino,University of Salerno,https://sites.google.com/site/vincenzoiovinoit,ALo6sX8AAAAJ
Vincenzo Liberatore,Case Western Reserve University,http://engr.case.edu/liberatore_vincenzo,NOSCHOLARPAGE
Vincenzo Loia,University of Salerno,http://www.unisa.it/docenti/vincenzoloia/en/index,izBsqU4AAAAJ
Vincenzo Mancuso,IMDEA Networks Institute,http://people.networks.imdea.org/~vincenzo_mancuso,ydSIhokAAAAJ
Vincenzo Massimiliano Gulisano,Chalmers/GU,https://www.chalmers.se/en/staff/Pages/vincenzo-gulisano.aspx,NOSCHOLARPAGE
Vineet Bafna,Univ. of California - San Diego,http://cseweb.ucsd.edu/~vbafna,NzQu5SwAAAAJ
Vineet Gandhi,IIIT Hyderabad,https://www.iiit.ac.in/people/faculty/vgandhi,PVlBz8oAAAAJ
Vineet R. Kamat,University of Michigan,https://robotics.umich.edu/profile/vineet-kamat,L7cjgPEAAAAJ
Vineeth Balasubramanian,IIT Hyderabad,http://www.iith.ac.in/~vineethnb,7soDcboAAAAJ
Vineeth N. Balasubramanian,IIT Hyderabad,http://www.iith.ac.in/~vineethnb,7soDcboAAAAJ
Vineeth Nallure Balasubramanian,IIT Hyderabad,http://www.iith.ac.in/~vineethnb,7soDcboAAAAJ
Vinhthuy Phan,University of Memphis,https://www.memphis.edu/cs/people/faculty_pages/vinhthuy-phan.php,ZeYNKGcAAAAJ
Vinhthuy T. Phan,University of Memphis,https://www.memphis.edu/cs/people/faculty_pages/vinhthuy-phan.php,ZeYNKGcAAAAJ
Vinicius C. Garcia,UFPE,http://viniciusgarcia.me,qPQabK4AAAAJ
Vinicius Cardoso Garcia,UFPE,http://viniciusgarcia.me,qPQabK4AAAAJ
Vinícius Fernandes dos Santos,UFMG,http://homepages.dcc.ufmg.br/~viniciussantos,KNe4ZD0AAAAJ
Vinicius Menezes de Oliveira,Federal University of Rio Grande,http://vinicius.c3.furg.br,NQfy0ioAAAAJ
Vinícius Menezes de Oliveira,Federal University of Rio Grande,http://vinicius.c3.furg.br,NQfy0ioAAAAJ
Vinnie Monaco,Naval Postgraduate School,http://www.vmonaco.com,iG64YJUAAAAJ
Vinny Cahill,Trinity College Dublin,https://www.scss.tcd.ie/Vinny.Cahill,PtzZnPcAAAAJ
Vinod Achutavarrier Prasad,Nanyang Technological University,http://www.ntu.edu.sg/home/asvinod,NOSCHOLARPAGE
Vinod Ganapathy,IISc Bangalore,http://www.csa.iisc.ac.in/~vg,wrzZzwYAAAAJ
Vinod K. Kulathumani,West Virginia University,https://www.statler.wvu.edu/faculty-staff/faculty/vinod-kulathumani,nzH29FgAAAAJ
Vinod M. Prabhakaran,Tata Inst. of Fundamental Research,http://www.tcs.tifr.res.in/~vinodmp,NOSCHOLARPAGE
Vinod Namboodiri,Wichita State University,https://www.wichita.edu/profiles/academics/engineering/SoC/Namboodiri-Vinod.php,F2Ov59AAAAAJ
Vinod Vaikuntanathan,Massachusetts Institute of Technology,http://www.mit.edu/~vinodv,a8jIPIkAAAAJ
Vinti Agarwal,BITS Pilani,https://www.bits-pilani.ac.in/pilani/vintiagarwal/Profile,gCXVMHQAAAAJ
Viola Schiaffonati,Politecnico di Milano,http://home.deib.polimi.it/schiaffo,oAljVVUAAAAJ
Violet R. Syrotiuk,Arizona State University,http://www.public.asu.edu/~syrotiuk,NOSCHOLARPAGE
Viorica Sofronie,University of Koblenz-Landau,https://www.uni-koblenz-landau.de/en/campus-koblenz/fb4/ics/RGVSS/team/viorica-sofronie-stokkermans,aFGMdHQAAAAJ
Viorica Sofronie-Stokkermans,University of Koblenz-Landau,https://www.uni-koblenz-landau.de/en/campus-koblenz/fb4/ics/RGVSS/team/viorica-sofronie-stokkermans,aFGMdHQAAAAJ
Vipin Chaudhary,University at Buffalo,https://www.cse.buffalo.edu/~vipin,vJbjqpIAAAAJ
Vipin Kumar 0001,University of Minnesota,http://www-users.cs.umn.edu/~kumar,BnxU9TEAAAAJ
Vipul Goyal,Carnegie Mellon University,https://www.cs.cmu.edu/~goyal,BYLsgysAAAAJ
Vir V. Phoha,Syracuse University,https://news.syr.edu/faculty-experts/vir-v-phoha,NOSCHOLARPAGE
Vir Virander Phoha,Syracuse University,https://news.syr.edu/faculty-experts/vir-v-phoha,NOSCHOLARPAGE
Virendra C. Bhavsar,University of New Brunswick,http://www.cs.unb.ca/~bhavsar,fMno_04AAAAJ
Virendra Singh Shekhawat,BITS Pilani,http://universe.bits-pilani.ac.in/pilani/vsshekhawat/profile,NOSCHOLARPAGE
Virendrakumar C. Bhavsar,University of New Brunswick,http://www.cs.unb.ca/~bhavsar,fMno_04AAAAJ
Virgil D. Gligor,Carnegie Mellon University,https://users.ece.cmu.edu/~virgil,NOSCHOLARPAGE
Virgil Gligor,Carnegie Mellon University,https://users.ece.cmu.edu/~virgil,NOSCHOLARPAGE
Virgílio A. F. Almeida,UFMG,http://homepages.dcc.ufmg.br/~virgilio,sPKpIPwAAAAJ
Virgílio Augusto Fernandes Almeida,UFMG,http://homepages.dcc.ufmg.br/~virgilio,sPKpIPwAAAAJ
Virgilio de Almeida 0001,UFMG,http://homepages.dcc.ufmg.br/~virgilio,sPKpIPwAAAAJ
Virginia Giorno,University of Salerno,https://docenti.unisa.it/000781/home,H_qvxrIAAAAJ
Virginia Mato,University of A Coruña,https://pdi.udc.es/en/File/Pdi/SW2CH,JhnWB4YAAAAJ
Virginia Mato Abad,University of A Coruña,https://pdi.udc.es/en/File/Pdi/SW2CH,JhnWB4YAAAAJ
Virginia R. de Sa,Univ. of California - San Diego,http://cogsci.ucsd.edu/~desa,UVzXKcIAAAAJ
Virginia Smith,Carnegie Mellon University,http://users.ece.cmu.edu/~smithv,bldHpWIAAAAJ
Virginia Torczon,College of William and Mary,http://www.wm.edu/as/computerscience/faculty/torczon_v.php,NOSCHOLARPAGE
Virginia Vassilevska,Massachusetts Institute of Technology,http://theory.stanford.edu/~virgi,Wph6P_IAAAAJ
Virginia Vassilevska Williams,Massachusetts Institute of Technology,http://theory.stanford.edu/~virgi,Wph6P_IAAAAJ
Virginia de Sa,Univ. of California - San Diego,http://cogsci.ucsd.edu/~desa,UVzXKcIAAAAJ
Virginie Fresse,Université Jean Monnet,https://laboratoirehubertcurien.univ-st-etienne.fr/en/the-lab/staff.html,NOSCHOLARPAGE
Virginie Gabrel,Université Paris Dauphine,https://www.lamsade.dauphine.fr/~gabrel/,NOSCHOLARPAGE
Virpi Roto,Aalto University,http://www.allaboutux.org/virpiroto,KntdFBMAAAAJ
Vishal Garg,IIIT Hyderabad,https://www.iiit.ac.in/people/faculty/vishal,vyH26MIAAAAJ
Vishal Misra,Columbia University,http://www.cs.columbia.edu/~misra,9hPnkXsAAAAJ
Vishnu Boddeti,Michigan State University,http://vishnu.boddeti.net,JKcrO9IAAAAJ
Vishnu Naresh Boddeti,Michigan State University,http://vishnu.boddeti.net,JKcrO9IAAAAJ
Vishwanathan Mohan,University of Essex,https://www.essex.ac.uk/people/mohan05903/vishwanathan-mohan,hH1V-0oAAAAJ
Vishy Vishwanathan,Univ. of California - Santa Cruz,https://www.soe.ucsc.edu/people/vishy,tqcSvFIAAAAJ
Visvakumar Aravinthan,Wichita State University,https://www.wichita.edu/profiles/academics/engineering/EECS/Aravinthan-Visvakumar.php,NOSCHOLARPAGE
Visvanathan Ramesh,Goethe University Frankfurt,https://uni-frankfurt.academia.edu/VisvanathanRamesh/CurriculumVitae,SS10xIgAAAAJ
Viswanath Nagarajan,University of Michigan,https://viswa.engin.umich.edu,UyD0bLYAAAAJ
Vít Jelínek,Charles University,https://iuuk.mff.cuni.cz/~jelinek,yD9a43oAAAAJ
Vita Lanfranchi,University of Sheffield,https://www.sheffield.ac.uk/dcs/people/academic/vitaveska-lanfranchi,BiF44ewAAAAJ
Vitaliy Kurlin,University of Liverpool,https://www.liverpool.ac.uk/computer-science/staff/vitaliy-kurlin,mtz3cigAAAAJ
Vitaly Shmatikov [Tech],Cornell University,https://www.cs.cornell.edu/~shmat,NOSCHOLARPAGE
Vitaly Skachek,University of Tartu,http://kodu.ut.ee/~vitaly,8RF_UF4AAAAJ
Vitaveska Lanfranchi,University of Sheffield,https://www.sheffield.ac.uk/dcs/people/academic/vitaveska-lanfranchi,BiF44ewAAAAJ
Vítek Jelínek,Charles University,https://iuuk.mff.cuni.cz/~jelinek,yD9a43oAAAAJ
Vito De Feo,University of Essex,https://www.essex.ac.uk/people/defeo60201/vito-de-feo,56FwOjUAAAAJ
Vitor Barbosa C. Souza,Universidade Federal de Viçosa,http://www2.dpi.ufv.br/?page_id=550,OdnhdbkAAAAJ
Vittorio Cortellessa,University of L'Aquila,http://people.disim.univaq.it/cortelle,s4JPUOEAAAAJ
Vittorio Fuccella,University of Salerno,https://docenti.unisa.it/004376/home,9RFtwkIAAAAJ
Vittorio Limongelli,Università della Svizzera italiana,http://search.usi.ch/persone/cff80567d5ca6aab629d458d8a2a3be5/Limongelli-Vittorio,Kn4NCY4AAAAJ
Vittorio Scarano,University of Salerno,http://www.di.unisa.it/~vitsca,7Hc3tzcAAAAJ
Vittorio Zaccaria,Politecnico di Milano,http://home.deib.polimi.it/zaccaria,SUflUEUAAAAJ
Vivek Chaturvedi,Nanyang Technological University,http://www.ntu.edu.sg/home/vchaturvedi,uLCnTDEAAAAJ
Vivek K. Singh 0001,Rutgers University,https://wp.comminfo.rutgers.edu/vsingh,Ef1hJ8IAAAAJ
Vivek Kumar 0001,IIIT Delhi,https://www.iiitd.ac.in/vivekk,cRZsY44AAAAJ
Vivek Kumar Singh 0007,Rutgers University,https://wp.comminfo.rutgers.edu/vsingh,Ef1hJ8IAAAAJ
Vivek Nallur,University College Dublin,https://people.ucd.ie/vivek.nallur,TeqJsjcAAAAJ
Vivek Sarin,Texas A&M University,http://faculty.cs.tamu.edu/sarin,4vLOo4wAAAAJ
Vivek Sarkar,Georgia Institute of Technology,http://vsarkar.cc.gatech.edu,XjeIqxYAAAAJ
Vivek Srikumar,University of Utah,http://svivek.com,TsTUfOIAAAAJ
Vivek Subramanian,Univ. of California - Berkeley,https://people.eecs.berkeley.edu/~viveks,j-KcbbAAAAAJ
Viviane Moreira Orengo,UFRGS,http://www.inf.ufrgs.br/~viviane,-l5-OIQAAAAJ
Viviane P. Moreira,UFRGS,http://www.inf.ufrgs.br/~viviane,-l5-OIQAAAAJ
Viviane Pereira Moreira,UFRGS,http://www.inf.ufrgs.br/~viviane,-l5-OIQAAAAJ
Viviane Torres da Silva,UFF,http://www2.ic.uff.br/~viviane.silva,9fnrfZsAAAAJ
Vivienne Sze,Massachusetts Institute of Technology,http://www.rle.mit.edu/eems,hNWGC5QAAAAJ
Vlad Kolesnikov,Georgia Institute of Technology,https://www.scs.gatech.edu/people/vladimir-kolesnikov,1vwuDM4AAAAJ
Vlad Rusu,CRIStAL,https://www.cristal.univ-lille.fr/profil/rusu,uDBCQR8AAAAJ
Vladik Kreinovich,University of Texas - El Paso,http://hb2504.utep.edu/vitas/vladik.pdf,iern2agAAAAJ
Vladimir A. Kulyukin,Utah State University,https://cs.usu.edu/people/faculty/kulyukin-vladimir,NOSCHOLARPAGE
Vladimir B. Bajic,KAUST,https://www.kaust.edu.sa/en/study/faculty/vladimir-bajic,uRmC0DQAAAAJ
Vladimir Braverman,Rice University,https://profiles.rice.edu/faculty/vladimir-braverman,DTthB48AAAAJ
Vladimir Filkov,Univ. of California - Davis,http://www.cs.ucdavis.edu/~filkov,rzwHnAcAAAAJ
Vladimir I. Pavlovic,Rutgers University,http://www.business.rutgers.edu/faculty-research/directory/vladimir-pavlovic,bIiB7bUAAAAJ
Vladimir I. Zadorozhny,University of Pittsburgh,http://www.pitt.edu/~viz,fv1GAB8AAAAJ
Vladimir Kolesnikov,Georgia Institute of Technology,https://www.scs.gatech.edu/people/vladimir-kolesnikov,1vwuDM4AAAAJ
Vladimir Kolmogorov,IST Austria,http://pub.ist.ac.at/~vnk,BBGlIGQAAAAJ
Vladimir Lifschitz,University of Texas at Austin,https://www.cs.utexas.edu/~vl,FuOqWNEAAAAJ
Vladimir Marko Stojanovic,Univ. of California - Berkeley,https://www2.eecs.berkeley.edu/Faculty/Homepages/vlada.html,rsGmH38AAAAJ
Vladimir Naumovich Vapnik,Columbia University,http://datascience.columbia.edu/vladimir-vapnik,NOSCHOLARPAGE
Vladimir Oliveira Di Iorio,Universidade Federal de Viçosa,http://www.dpi.ufv.br/~vladimir,NOSCHOLARPAGE
Vladimir Pavlovic,Rutgers University,http://www.business.rutgers.edu/faculty-research/directory/vladimir-pavlovic,bIiB7bUAAAAJ
Vladimir Rokhlin,Yale University,http://cpsc.yale.edu/people/vladimir-rokhlin,Cy4eJqMAAAAJ
Vladimir Stankovic 0002,City University of London,https://www.city.ac.uk/people/academics/vladimir-stankovic,jYvo0GQAAAAJ
Vladimir Stojanovic,Univ. of California - Berkeley,https://www2.eecs.berkeley.edu/Faculty/Homepages/vlada.html,rsGmH38AAAAJ
Vladimir V. Podolskii,HSE University,https://www.hse.ru/en/org/persons/134220270,56S9XEsAAAAJ
Vladimir Vapnik,Columbia University,http://datascience.columbia.edu/vladimir-vapnik,NOSCHOLARPAGE
Vladimir Vlassov,KTH Royal Institute of Technology,https://www.kth.se/profile/vladv,X2AfiyAAAAAJ
Vladimir Vovk,Royal Holloway University of London,https://pure.royalholloway.ac.uk/portal/en/persons/vladimir-vovk_74ed8b21-d9d7-4ab6-8dbf-6f177b91b945.html,GJE29ekAAAAJ
Vladimir Zadorozhny,University of Pittsburgh,http://www.pitt.edu/~viz,fv1GAB8AAAAJ
Vladimiro Sassone,University of Southampton,https://www.ecs.soton.ac.uk/people/vsassone,1GBUrL4AAAAJ
Vladislav Ryzhikov,Birkbeck University of London,https://www.dcs.bbk.ac.uk/about/people/academic-staff/vladislav-ryzhikov,eCjrrFcAAAAJ
Vlado Keselj,Dalhousie University,https://www.cs.dal.ca/~vlado,uDKsmuIAAAAJ
Vlado Menkovski,TU Eindhoven,https://www.tue.nl/en/university/departments/mathematics-and-computer-science/the-department/staff/detail/ep/e/d/ep-uid/20093057,2s9HUEMAAAAJ
Vlastislav Dohnal,Masaryk University,https://www.muni.cz/en/people/2952,Vmj26i4AAAAJ
Voicu Groza,University of Ottawa,http://www.eecs.uottawa.ca/~groza,OwLP6fkAAAAJ
Voicu Popescu,Purdue University,https://www.cs.purdue.edu/homes/popescu,NOSCHOLARPAGE
Voicu Z. Groza,University of Ottawa,http://www.eecs.uottawa.ca/~groza,OwLP6fkAAAAJ
Vojislav B. Misic,Ryerson University,https://www.scs.ryerson.ca/~vmisic,h8Ue1rcAAAAJ
Vojislav Kecman,Virginia Commonwealth University,http://www.people.vcu.edu/~vkecman,2TOvEFoAAAAJ
Vojtech Forejt,University of Oxford,https://www.cs.ox.ac.uk/people/vojtech.forejt,osE4CGgAAAAJ
Vojtech Rehák,Masaryk University,https://www.fi.muni.cz/~xrehak,ecYKcckAAAAJ
Volkan Atalay,Middle East Technical University,https://blog.metu.edu.tr/vatalay,Dk-ZeFkAAAAJ
Volkan Cevher,EPFL,https://people.epfl.ch/volkan.cevher,hlWhzU8AAAAJ
Volkan Isler,University of Minnesota,http://www-users.cs.umn.edu/~isler,Q5KT-hEAAAAJ
Volker Blanz,University of Siegen,http://www.grk1564.uni-siegen.de/de/blanz-volker,jYCidWgAAAAJ
Volker Brendel,Indiana University,http://brendelgroup.org,w9oekBcAAAAJ
Volker Dellwo,University of Zurich,https://www.cl.uzh.ch/de/people/team/phonetics/vdellw.html,HQlIBz8AAAAJ
Volker Diekert,University of Stuttgart,http://www.fmi.uni-stuttgart.de/ti/personen/Diekert,NOSCHOLARPAGE
Volker H. Franz,University of Tübingen,http://www.ecogsci.cs.uni-tuebingen.de/team/volker-franz,g_ByVUYAAAAJ
Volker Haarslev,Concordia University,http://www.cs.concordia.ca/~haarslev,vzS-bGkAAAAJ
Volker Heun,LMU Munich,https://www.bio.ifi.lmu.de/mitarbeiter/volker-heun/index.html,NOSCHOLARPAGE
Volker Lindenstruth,Goethe University Frankfurt,https://www.fias.science/de/fellows/detail/lindenstruth-volker,-YJmULYAAAAJ
Volker Markl,TU Berlin,https://www.dima.tu-berlin.de/menue/mitarbeiter/volker_markl/parameter/de,el2k_oIAAAAJ
Volker Müller 0001,University of Luxembourg,http://wwwen.uni.lu/recherche/fstc/computer_science_and_communications_research_unit/members/volker_mueller,NOSCHOLARPAGE
Volker P. Brendel,Indiana University,http://brendelgroup.org,w9oekBcAAAAJ
Volker Rodehorst,Bauhaus University Weimar,https://www.uni-weimar.de/de/medien/professuren/medieninformatik/computer-vision,NOSCHOLARPAGE
Volker Roth 0002,Freie Universitaet Berlin,https://www.mi.fu-berlin.de/inf/groups/ag-si/members/volkerroth.html,hbLmvo0AAAAJ
Volker Sorge,University of Birmingham,https://www.birmingham.ac.uk/staff/profiles/computer-science/academic-staff/sorge-volker.aspx,3EYdp4oAAAAJ
Volker Steinhage,University of Bonn,https://net.cs.uni-bonn.de/wg/intelligent-vision-systems/staff/head-of-work-group/volker-steinhage,2zyaIpEAAAAJ
Volker Tresp,LMU Munich,http://www.dbs.ifi.lmu.de/~tresp,xIJHTUwAAAAJ
Volker Turau,Hamburg University of Technology,https://www.ti5.tuhh.de/staff/turau,YuVtpLsAAAAJ
Volkhard Helms,Saarland University,http://gepard.bioinformatik.uni-saarland.de/Members/helms/contact,WKv7r3IAAAAJ
Volodya Vovk,Royal Holloway University of London,https://pure.royalholloway.ac.uk/portal/en/persons/vladimir-vovk_74ed8b21-d9d7-4ab6-8dbf-6f177b91b945.html,GJE29ekAAAAJ
Volodymyr Kuleshov [Tech],Cornell University,http://web.stanford.edu/~kuleshov,NOSCHOLARPAGE
Von-Wun Soo,National Tsing Hua University,http://ai.cs.nthu.edu.tw,NOSCHOLARPAGE
Vyas Sekar,Carnegie Mellon University,https://users.ece.cmu.edu/~vsekar,5V852JcAAAAJ
