name,affiliation,homepage,scholarid
N. A. Snooke,Aberystwyth University,https://www.aber.ac.uk/en/cs/staff-profiles/listing/profile/nns,NOSCHOLARPAGE
N. Asokan,University of Waterloo,https://cs.uwaterloo.ca/about/people/n-asokan,0MqQ8AgAAAAJ
N. Hari Narayanan,Auburn University,http://www.eng.auburn.edu/~naraynh,6YytJ4MAAAAJ
N. Kalyaniwalla,Dalhousie University,https://www.dal.ca/faculty/computerscience/faculty-staff/nauzer-kalyaniwalla.html,NOSCHOLARPAGE
N. M. Mosharaf Kabir Chowdhury,University of Michigan,http://www.mosharaf.com,Dzh5C9EAAAAJ
N. R. Aravind,IIT Hyderabad,http://www.iith.ac.in/~aravind,5547vIcAAAAJ
N. Raja,Tata Inst. of Fundamental Research,http://www.tcs.tifr.res.in/~raja,VOKcfrcAAAAJ
N. Raja 0001,Tata Inst. of Fundamental Research,http://www.tcs.tifr.res.in/~raja,VOKcfrcAAAAJ
N. S. Narayanaswamy,IIT Madras,https://www.iitm.ac.in/info/fac/swamy,nGUg9VUAAAAJ
N. Siddharth 0001,University of Edinburgh,https://www.inf.ed.ac.uk/people/staff/Siddharth_N.html,V7D7hxMAAAAJ
N. Stanley Scott,Queen's University Belfast,https://www.qub.ac.uk/schools/eeecs/Connect/Staff/BusinessCard/?name=ns.scott,NOSCHOLARPAGE
N. Variyam Vinodchandran,University of Nebraska,http://cse.unl.edu/~vinod,NOSCHOLARPAGE
N. Viswanadham,IISc Bangalore,http://lcm.csa.iisc.ernet.in/nv,djtLYqgAAAAJ
N. Zincir-Heywood,Dalhousie University,https://www.cs.dal.ca/~zincir,F9nG0F4AAAAJ
Na Liu 0005,University of Sydney,https://sydney.edu.au/engineering/people/liu.na.php,NOSCHOLARPAGE
Na Meng 0001,Virginia Tech,http://people.cs.vt.edu/nm8247,d-VnBn8AAAAJ
Na Ruan,Shanghai Jiao Tong University,https://www.cs.sjtu.edu.cn/~naruan/,x-N3p64AAAAJ
Na Zhao 0004,SUTD,https://na-z.github.io,KOL2dMwAAAAJ
Nabanita Das,ISI Kolkata,https://www.isical.ac.in/~ndas,hRgFZIkAAAAJ
Nabil Alshurafa,Northwestern University,http://www.nalshurafa.com,8mOcZzAAAAAJ
Nabil Imam,Georgia Institute of Technology,https://www.cc.gatech.edu/people/nabil-imam,DVK3S-AAAAAJ
Nada Amin,Harvard University,http://namin.net,9cGEmcgAAAAJ
Nadarajah Mithulananthan,University of Queensland,http://researchers.uq.edu.au/researcher/2221,0edDWSQAAAAJ
Nadarajen Veerapen,CRIStAL,https://www.cristal.univ-lille.fr/profil/veerapen,N-1KB5sAAAAJ
Nadav Cohen,Tel Aviv University,http://www.cohennadav.com,DmzoCRMAAAAJ
Nadeem Jamali,University of Saskatchewan,http://agents.usask.ca/Agents_Lab/Nadeem_Jamali.html,NOSCHOLARPAGE
Nader H. Bshouty,Technion,http://www.cs.technion.ac.il/~bshouty,NOSCHOLARPAGE
Nadia Berthouze,University College London,https://uclic.ucl.ac.uk/people/nadia-berthouze,gk2VyMwAAAAJ
Nadia Bianchi,University College London,https://uclic.ucl.ac.uk/people/nadia-berthouze,gk2VyMwAAAAJ
Nadia Bianchi-Berthouze,University College London,https://uclic.ucl.ac.uk/people/nadia-berthouze,gk2VyMwAAAAJ
Nadia El-Mabrouk,University of Montreal,http://www.iro.umontreal.ca/~mabrouk,NOSCHOLARPAGE
Nadia Erdogan,Istanbul Technical University,http://web.itu.edu.tr/nerdogan,h_T4fugAAAAJ
Nadia Heninger,Univ. of California - San Diego,https://cseweb.ucsd.edu/~nadiah,okx33sUAAAAJ
Nadia Pisanti,University of Pisa,http://www.di.unipi.it/~pisanti,TRfGqcQAAAAJ
Nadia Polikarpova,Univ. of California - San Diego,https://cseweb.ucsd.edu/~npolikarpova,CxzUX0EAAAAJ
Nadia Tawbi,Université Laval,https://www.ift.ulaval.ca/departement-et-professeurs/professeurs-et-personnel/professeurs-reguliers/page-personnelle-nadia-tawbi,mhkg__EAAAAJ
Nadim Ali Meri Obeid,University of Jordan,http://eacademic.ju.edu.jo/obein,NOSCHOLARPAGE
Nadim Obeid,University of Jordan,http://eacademic.ju.edu.jo/obein,NOSCHOLARPAGE
Nadim W. Alkharouf,Towson University,https://www.towson.edu/fcsm/departments/computerinfosci/facultystaff/nalkharouf.html,xVUBtLkAAAAJ
Nadin Kökciyan,University of Edinburgh,http://www.inf.ed.ac.uk/people/staff/Nadin_Kokciyan.html,MzquQysAAAAJ
Nadine Akkari,King Abdulaziz University,https://www.intechopen.com/profiles/122512/Nadine%20Akkari-Adra,GOL8WHoAAAAJ
Nadine Akkari Adra,King Abdulaziz University,https://www.intechopen.com/profiles/122512/Nadine%20Akkari-Adra,GOL8WHoAAAAJ
Nadine Marcus,UNSW,https://research.unsw.edu.au/people/dr-nadine-marcus,NOSCHOLARPAGE
Nadir Durrani,Qatar Computing Research Institute,http://www.qcri.org/our-people/bio?pid=210&amp;par=acc&amp;name=NadirDurrani,K6uisFAAAAAJ
Nadir Weibel,Univ. of California - San Diego,https://www.ubicomp.ucsd.edu/weibel,KMVQjuQAAAAJ
Naehyuck Chang,KAIST,http://www.cad4x.kaist.ac.kr/professor,w0uiMd4AAAAJ
Nael B. Abu-Ghazaleh,Univ. of California - Riverside,http://www.cs.ucr.edu/~nael,AN3f7iAAAAAJ
Nafise Sadat Moosavi,University of Sheffield,https://www.sheffield.ac.uk/dcs/people/academic/nafise-sadat-moosavi,RRZUk_4AAAAJ
Naftali Tishby,Hebrew University of Jerusalem,http://www.cs.huji.ac.il/~tishby,NOSCHOLARPAGE
Naftaly H. Minsky,Rutgers University,https://www.cs.rutgers.edu/~minsky,VLgJXtQAAAAJ
Naftaly Minsky,Rutgers University,https://www.cs.rutgers.edu/~minsky,VLgJXtQAAAAJ
Nagarajan Prabakar,Florida International University,http://www.cis.fiu.edu/~prabakar,UcK0B78AAAAJ
Naghmeh Karimi,Univ. of Maryland - Baltimore County,http://www.csee.umbc.edu/people/faculty/naghmeh-karimi,M-Z7bAIAAAAJ
Nagiza F. Samatova,North Carolina State University,https://www.csc.ncsu.edu/people/nfsamato,vukA8JAAAAAJ
Nagul Cooharojananone,Chulalongkorn University,http://pioneer.netserv.chula.ac.th/~cnagul,NOSCHOLARPAGE
Nahid Farhady Ghalaty,Texas Tech University,http://www.depts.ttu.edu/cs/department/seminars.php,XvZws6sAAAAJ
Nahri Moreano,UFMS,https://www.facom.ufms.br/~nahri,NOSCHOLARPAGE
Nahum Shimkin,Technion,http://webee.technion.ac.il/Sites/People/shimkin,YPptH48AAAAJ
Nai-Hui Chia,Rice University,https://sites.google.com/view/naihuichia,UAInsgsAAAAJ
Naijie Gu,USTC,http://dsxt.ustc.edu.cn/zj_ywjs.asp?zzid=745,NOSCHOLARPAGE
Naijun Zhan,Chinese Academy of Sciences,http://lcs.ios.ac.cn/~znj,bd-XZkYAAAAJ
Naja L. Holten Møller,University of Copenhagen,http://diku.dk/Ansatte/?pure=da/persons/340853,NOSCHOLARPAGE
Najoung Kim,Boston University,https://najoung.kim/,Uod-_B8AAAAJ
Nakhoon Baek,Kyungpook National University,http://mobilegraphicslab.knu.ac.kr,WRNPbNoAAAAJ
Nakul Gopalan,Arizona State University,https://search.asu.edu/profile/4293865,dPsQR14AAAAJ
Nalini K. Ratha,University at Buffalo,https://nalini-ratha.github.io,mIPd9DkAAAAJ
Nalini Venkatasubramanian,Univ. of California - Irvine,https://www.ics.uci.edu/~nalini,qfCah3sAAAAJ
Nalvo F. de Almeida Jr,UFMS,https://www.facom.ufms.br/~nalvo,kU9d-GIAAAAJ
Nam P. Nguyen,Towson University,https://www.towson.edu/fcsm/departments/computerinfosci/facultystaff/nnguyen.html,aJcBWkgAAAAJ
Nam Sung Kim,Univ. of Illinois at Urbana-Champaign,https://fast.ece.illinois.edu,iccBxJIAAAAJ&hl
Nam Wook Kim,Boston College,https://www.namwkim.org,puTV6X0AAAAJ
Namhoon Lee,POSTECH,https://namhoonlee.github.io,wi9q5T8AAAAJ
Nan Cao 0001,Tongji University,http://nancao.org,5I0mFcsAAAAJ
Nan Cen,Missouri S&T,https://sites.google.com/a/mst.edu/nancen,yufHhUsAAAAJ
Nan Guan,City University of Hong Kong,https://www.cs.cityu.edu.hk/~nanguan,3C7SPAgAAAAJ
Nan Jiang 0008,Univ. of Illinois at Urbana-Champaign,http://nanjiang.cs.illinois.edu,nUlanA8AAAAJ
Nan Niu,University of Cincinnati,http://homepages.uc.edu/~niunn,Ag81t_4AAAAJ
Nan Sang,UESTC,https://www.is.uestc.edu.cn/teachers.do?id=1043,NOSCHOLARPAGE
Nan Wang 0002,University of Southern Mississippi,http://orca.st.usm.edu/~nwang,NOSCHOLARPAGE
Nan Yang 0001,Renmin University of China,http://info.ruc.edu.cn/academic_professor.php?teacher_id=35,NOSCHOLARPAGE
Nan Zhang 0004,Pennsylvania State University,https://faculty.ist.psu.edu/nan,NOSCHOLARPAGE
Nan-Ning Zheng 0001,Xi'an Jiaotong University,http://en.xjtu.edu.cn/info/1018/1640.htm,iqMe3p8AAAAJ
Nancy A. Day,University of Waterloo,https://cs.uwaterloo.ca/~nday,5iYmSzcAAAAJ
Nancy A. Lynch,Massachusetts Institute of Technology,https://people.csail.mit.edu/lynch,LPTkkxUAAAAJ
Nancy Acemian,Concordia University,https://www.concordia.ca/encs/eng-society/faculty.html?fpid=nancy-acemian,NOSCHOLARPAGE
Nancy Alonistioti,University of Athens,http://cgi.di.uoa.gr/~nancy,jIQo9VwAAAAJ
Nancy Doubleday,Rochester Institute of Technology,https://www.rit.edu/gccis/igm/nancy-doubleday,NOSCHOLARPAGE
Nancy Hitschfeld,Universidad de Chile,https://www.dcc.uchile.cl/nancy,NOSCHOLARPAGE
Nancy Hitschfeld-Kahler,Universidad de Chile,https://www.dcc.uchile.cl/nancy,NOSCHOLARPAGE
Nancy J. Nersessian,Georgia Institute of Technology,http://www.cc.gatech.edu/aimosaic/faculty/nersessian,m201flcAAAAJ
Nancy M. Amato,Univ. of Illinois at Urbana-Champaign,https://parasollab.web.illinois.edu/people/amato,AmaB9c4AAAAJ
Nancy S. Pollard,Carnegie Mellon University,http://www.cs.cmu.edu/~nsp,Lsr_-hsAAAAJ
Nandini Mukherjee,Jadavpur University,http://jaduniv.edu.in/profile.php?uid=875,cGTTsagAAAAJ
Nandita Bhattacharjee,Monash University,http://monash.edu/research/explore/en/persons/nandita-bhattacharjee(a68bc99c-8c24-4087-8a99-b796b7236f70).html,NOSCHOLARPAGE
Nandita Vijaykumar,University of Toronto,http://www.cs.toronto.edu/~nandita,y7erynoAAAAJ
Nandlal L. Sarda,IIT Bombay,https://www.cse.iitb.ac.in/~nls,NOSCHOLARPAGE
Nannan Wang 0001,Xidian University,https://web.xidian.edu.cn/nnwang/,SRBn7oUAAAAJ
Nanning Zheng 0001,Xi'an Jiaotong University,http://en.xjtu.edu.cn/info/1018/1640.htm,iqMe3p8AAAAJ
Nanpeng Yu,Univ. of California - Riverside,https://intra.ece.ucr.edu/~nyu/,ruz2YrkAAAAJ
Nantheera Anantrasirichai,University of Bristol,https://pui-nantheera.github.io,40VEYswAAAAJ
Nanyang Ye 0001,Shanghai Jiao Tong University,https://ynysjtu.github.io/,NOSCHOLARPAGE
Nanyun Peng,Univ. of California - Los Angeles,http://vnpeng.net,XxRXvX0AAAAJ
Naoaki Okazaki,Tokyo Institute of Technology,http://www.nlp.c.titech.ac.jp/index.en.html,NOSCHOLARPAGE
Naoaki Yamanaka,Keio University,https://www.st.keio.ac.jp/en/tprofile/ics/yamanaka.html,ba8chIEAAAAJ
Naofumi Takagi,Kyoto University,http://www.lab3.kuis.kyoto-u.ac.jp/~ntakagi/ntakagi.html,NOSCHOLARPAGE
Naoki Kobayashi 0001,University of Tokyo,http://www-kb.is.s.u-tokyo.ac.jp/~koba,bhZQ7FEAAAAJ
Naoki Yoshinaga,University of Tokyo,http://www.tkl.iis.u-tokyo.ac.jp/~ynaga,exgkDkcAAAAJ
Naomi Feldman,University of Maryland - College Park,http://legacydirs.umiacs.umd.edu/~nhf/index.html,FvRFQZ8AAAAJ
Naomi H. Feldman,University of Maryland - College Park,http://legacydirs.umiacs.umd.edu/~nhf/index.html,FvRFQZ8AAAAJ
Naomi Nishimura,University of Waterloo,https://cs.uwaterloo.ca/~nishi,SO3M2JwAAAAJ
Naomi Sirkin,Drexel University,https://cci.drexel.edu/faculty/nsirkin/,NpOmNDUAAAAJ
Naoshi Nishimura,Kyoto University,http://www.cs.kyoto-u.ac.jp/en/profile/naoshi-nishimura,NOSCHOLARPAGE
Naoto Miyoshi,Tokyo Institute of Technology,http://www.is.c.titech.ac.jp/~is0000_miyoshi,NOSCHOLARPAGE
Naouel Moha,Université du Québec à Montréal,https://www.etsmtl.ca/recherche/professeurs-chercheurs/nmoha/,C0j6heEAAAAJ
Naphtali David Rishe,Florida International University,http://cake.fiu.edu/Rishe,bA1-qT0AAAAJ
Naphtali Rishe,Florida International University,http://cake.fiu.edu/Rishe,bA1-qT0AAAAJ
Naqueeb Ahmad Warsi,ISI Kolkata,https://acmu.isical.ac.in/naqueeb-ahmad-warsi,NOSCHOLARPAGE
Narain Gehani,NJIT,http://cs.njit.edu/~gehani,NOSCHOLARPAGE
Narain H. Gehani,NJIT,http://cs.njit.edu/~gehani,NOSCHOLARPAGE
Naranker Dulay,Imperial College London,http://wp.doc.ic.ac.uk/nd,KXfVZq0AAAAJ
Narayanan C. Krishnan,IIT Ropar,http://www.iitrpr.ac.in/cse/ckn,rqkXaRAAAAAJ
Narayanan Chatapuram Krishnan,IIT Ropar,http://www.iitrpr.ac.in/cse/ckn,rqkXaRAAAAAJ
Narayanan Vijaykrishnan,Pennsylvania State University,http://www.cse.psu.edu/~vxn9,UyeTBeoAAAAJ
Naren Ramakrishnan,Virginia Tech,http://people.cs.vt.edu/naren,fMJwG7MAAAAJ
Narendra S. Chaudhari,IIT Indore,http://www.iiti.ac.in/~narendra,EtGuf04AAAAJ
Narendra S. Goel,Wayne State University,http://engineering.wayne.edu/profile/aa2671,E8X4MN4AAAAJ
Naresh Babu M.,National Institute of Technology Silchar,http://cs.nits.ac.in/naresh,SO7rzTUAAAAJ
Naresh Boddeti,Michigan State University,http://vishnu.boddeti.net,JKcrO9IAAAAJ
Naresh Jotwani,DAIICT,http://ieee.daiict.ac.in/erte/naresh-jotwani.html,NOSCHOLARPAGE
Naresh Manwani,IIIT Hyderabad,https://www.iiit.ac.in/people/faculty/naresh.manwani,qz4eDmgAAAAJ
Narges Mahyar,University of Massachusetts Amherst,https://groups.cs.umass.edu/nmahyar/,AEh2T1IAAAAJ
Narseo Vallina-Rodriguez,IMDEA Networks Institute,http://people.networks.imdea.org/~narseo_vallina,yOlNzfcAAAAJ
Narsingh Deo,University of Central Florida,http://www.cs.ucf.edu/~deo,2uiQgfMAAAAJ
Narumi Takuji,University of Tokyo,http://www.u-tokyo.ac.jp/en/people/?id=3953484460,yXOFssEAAAAJ
Naser Ezzati-Jivan,Brock University,https://naser.github.io/,sJWcLv8AAAAJ
Naser Mozayani,IUST,http://ce.iust.ac.ir/content/583/Dr-mozayani,LAAM5tEAAAAJ
Nashat Mansour,Lebanese American University,http://www.lau.edu.lb/about/governance-policies/executive-officers/nashat-mansour.php,F0bsq18AAAAJ
Nasir D. Memon,New York University,http://isis.poly.edu/memon,Pz0YttAAAAAJ
Nasir M. Rajpoot,University of Warwick,https://warwick.ac.uk/fac/sci/dcs/people/nasir_rajpoot,BSDXhwgAAAAJ
Nasser M. Nasrabadi,West Virginia University,https://www.statler.wvu.edu/faculty-staff/faculty/nasser-nasrabadi,PNhUilMAAAAJ
Nasser Mozayani,IUST,http://ce.iust.ac.ir/content/583/Dr-mozayani,LAAM5tEAAAAJ
Nassir Navab,TU Munich,http://campar.in.tum.de/Main/NassirNavabCv,kzoVUPYAAAAJ
Natacha Crooks,Univ. of California - Berkeley,https://nacrooks.github.io,Qajl4Z8AAAAJ
Natacha Gueorguieva,CUNY,https://www.csi.cuny.edu/campus-directory/natacha-gueorguieva,NOSCHOLARPAGE
Natacha Portier,Ecole Normale Superieure de Lyon,http://perso.ens-lyon.fr/natacha.portier,NOSCHOLARPAGE
Natalia A. Schmid,West Virginia University,https://www.statler.wvu.edu/faculty-staff/faculty/natalia-schmid,NOSCHOLARPAGE
Natalia Beloff,University of Sussex,http://www.sussex.ac.uk/informatics/people/peoplelists/person/109401,NOSCHOLARPAGE
Natalia Criado,King's College London,https://www.kcl.ac.uk/people/natalia-criado,9TL1eM4AAAAJ
Natalia Criado Pacheco,King's College London,https://www.kcl.ac.uk/people/natalia-criado,9TL1eM4AAAAJ
Natalia Sidorova,TU Eindhoven,http://www.win.tue.nl/~sidorova,MpuRqeQAAAAJ
Natalia Stakhanova,University of New Brunswick,https://www.cs.unb.ca/people/natalia,LRC4gpUAAAAJ
Natalia V. Andrienko,City University of London,https://www.city.ac.uk/people/academics/natalia-andrienko,t8LK29QAAAAJ
Natalia V. Shakhlevich,University of Leeds,https://eps.leeds.ac.uk/computing/staff/285/dr-natasha-shakhlevich,7fBFN4QAAAAJ
Natalia Villanueva-Rosales,University of Texas - El Paso,https://www.utep.edu/newsfeed/campus/Smart-Cities-Grant-Fosters-International-Collaborations.html,DCfeFYQAAAAJ
Natalie D. Enright Jerger,University of Toronto,http://www.eecg.utoronto.ca/~enright,CpFoJ1gAAAAJ
Natalie Paige Parde,University of Illinois at Chicago,https://www.cs.uic.edu/k-Teacher/natalie-parde,NmP-rOAAAAAJ
Natalie Parde,University of Illinois at Chicago,https://www.cs.uic.edu/k-Teacher/natalie-parde,NmP-rOAAAAAJ
Natalie Schluter,IT University of Copenhagen,https://pure.itu.dk/portal/en/persons/natalie-elaine-schluter(879e7ac4-e64c-4c5f-9591-421e56cd0678).html,9roj6ZEAAAAJ
Natalie Stanley,University of North Carolina,https://cs.unc.edu/person/natalie-stanley,ak3dqLoAAAAJ
Natalija Vlajic,York University,http://www.cse.yorku.ca/~vlajic,2TyoDF4AAAAJ
Natasa Milic-Frayling,University of Nottingham,https://www.nottingham.ac.uk/computerscience/people/natasa.milic-frayling,xUG2HKYAAAAJ
Natasa S. Zivic,University of Siegen,https://www.eti.uni-siegen.de/dcs/mitarbeiter/professoren/zivic/?lang=de,A9c1ASAAAAAJ
Natasa Sladoje,Uppsala University,http://www.cb.uu.se/~natasa,n4uDNF8AAAAJ
Natasa Zivic,University of Siegen,https://www.eti.uni-siegen.de/dcs/mitarbeiter/professoren/zivic/?lang=de,A9c1ASAAAAAJ
Natasha Alechina,Utrecht University,https://www.uu.nl/staff/NAAlechina,J1ThCVcAAAAJ
Natasha M. Costa Valentim,UFPR,https://web.inf.ufpr.br/ihc/2020/09/16/natasha-malveira-costa-valentim,hAsUoQIAAAAJ
Natasha Malveira Costa Valentim,UFPR,https://web.inf.ufpr.br/ihc/2020/09/16/natasha-malveira-costa-valentim,hAsUoQIAAAAJ
Natasha Sharygina,Università della Svizzera italiana,http://www.inf.usi.ch/faculty/sharygina,FfGdGrYAAAAJ
Natassa Ailamaki,EPFL,https://people.epfl.ch/anastasia.ailamaki,YdrkeNwAAAAJ
Nate Foster,Cornell University,http://www.cs.cornell.edu/~jnfoster,AH5j40kAAAAJ
Nate Veldt,Texas A&M University,https://veldt.engr.tamu.edu/,6is0_9wAAAAJ
Nathalie Revol,Ecole Normale Superieure de Lyon,http://perso.ens-lyon.fr/nathalie.revol,f00lNLUAAAAJ
Nathalie Rose Lim,De La Salle University,https://www.dlsu.edu.ph/colleges/ccs/faculty-profile/single/?id=32742667036&command=GETPROFILE,Y--J7f8AAAAJ
Nathalie Rose T. Lim,De La Salle University,https://www.dlsu.edu.ph/colleges/ccs/faculty-profile/single/?id=32742667036&command=GETPROFILE,Y--J7f8AAAAJ
Nathaly Verwaal,University of Calgary,http://contacts.ucalgary.ca/info/cpsc/profiles/102-3419,NOSCHOLARPAGE
Nathan B. Jacobs,University of Kentucky,https://jacobsn.github.io,ZBgGyh8AAAAJ
Nathan Beckmann,Carnegie Mellon University,http://www.cs.cmu.edu/~beckmann,zkdjit0AAAAJ
Nathan Brunelle,University of Virginia,https://engineering.virginia.edu/faculty/nathan-brunelle,NOSCHOLARPAGE
Nathan D. Cahill,Rochester Institute of Technology,https://people.rit.edu/ndcsma,O7uS3IUAAAAJ
Nathan Dautenhahn,Rice University,http://nathandautenhahn.com,zKVnPigAAAAJ
Nathan Fisher,Wayne State University,http://www.cs.wayne.edu/~fishern,30pCSfEAAAAJ
Nathan Friedman,McGill University,https://www.cs.mcgill.ca/academic/undergrad/advising,NOSCHOLARPAGE
Nathan Griffiths,University of Warwick,https://warwick.ac.uk/fac/sci/dcs/people/n_e_griffiths,BMw4FZMAAAAJ
Nathan Intrator,Tel Aviv University,http://www.math.tau.ac.il/~nin,PD6q3g4AAAAJ
Nathan J. McNeese,Clemson University,https://computing.clemson.edu/trace/team.html,G1CnZ38AAAAJ
Nathan Jacobs,Washington University in St. Louis,https://engineering.wustl.edu/faculty/Nathan-Jacobs.html,ZBgGyh8AAAAJ
Nathan Kallus [Tech],Cornell University,https://nathankallus.com/,K2WfIlsAAAAJ
Nathan L. Ensmenger,Indiana University,http://homes.sice.indiana.edu/nensmeng,D_cX3_gAAAAJ
Nathan Linial,Hebrew University of Jerusalem,http://www.cs.huji.ac.il/~nati,wEBsSloAAAAJ
Nathan R. Sturtevant,University of Alberta,https://www.movingai.com,3utEUeoAAAAJ
Nathan S. Netanyahu,Bar-Ilan University,http://cs.biu.ac.il/en/node/644,xPv701UAAAAJ
Nathan Schneider 0001,Georgetown University,http://nathan.cl,3cozMf4AAAAJ
Nathan Srebro,TTI Chicago,http://ttic.uchicago.edu/~nati,ZnT-QpMAAAAJ
Nathan Sturtevant,University of Alberta,https://www.movingai.com,3utEUeoAAAAJ
Nathan Wiebe,University of Toronto,https://web.cs.toronto.edu/people/faculty-directory,DSgKHOQAAAAJ
Nathaniel D. Osgood,University of Saskatchewan,https://www.cs.usask.ca/~osgood,HWcKmQIAAAAJ
Nathaniel David Osgood,University of Saskatchewan,https://www.cs.usask.ca/~osgood,HWcKmQIAAAAJ
Nathaniel Nystrom,Università della Svizzera italiana,http://search.usi.ch/people/d666ae47e79dd3cbb2207e2607148c49/Nystrom-Nate,b4qip_0AAAAJ
Nathaniel Osgood,University of Saskatchewan,https://www.cs.usask.ca/~osgood,HWcKmQIAAAAJ
Nati Linial,Hebrew University of Jerusalem,http://www.cs.huji.ac.il/~nati,wEBsSloAAAAJ
Nati Srebro,TTI Chicago,http://ttic.uchicago.edu/~nati,ZnT-QpMAAAAJ
Nava Tintarev,TU Delft,http://navatintarev.com,erMWZbAAAAAJ
Naveed Anwar Bhatti,LUMS,https://naveedanwarbhatti.github.io/,6ZB86uYAAAAJ
Naveed Arshad,LUMS,https://lums.edu.pk/lums_employee/1352,jDcSbQYAAAAJ
Naveed Muhammad,University of Tartu,https://www.etis.ee/CV/Naveed_Muhammad/eng,DS5ni6gAAAAJ
Naveen Garg 0001,IIT Delhi,http://www.cse.iitd.ernet.in/~naveen,wNRE148AAAAJ
Naveen Sharma,Rochester Institute of Technology,https://www.rit.edu/gccis/naveen-sharma-0,91QFhTMAAAAJ
Navid Nikaein,EURECOM,http://www.eurecom.fr/~nikaeinn,uNoaxDIAAAAJ
Navneet Goyal,BITS Pilani,http://universe.bits-pilani.ac.in/pilani/goel/profile,YHN0TYMAAAAJ
Nawaf Alkharboush,King Abdulaziz University,http://www.kau.edu.sa/Contacts.aspx?Site_ID=861&Lng=EN&Cont=16331,NOSCHOLARPAGE
Nawfal F. Fadhel,University of Southampton,https://www.ecs.soton.ac.uk/people/nf1m14,tjgBWiQAAAAJ
Nazanin Rahnavard,University of Central Florida,http://cwnlab.eecs.ucf.edu,PzgFISkAAAAJ
Nazim H. Madhavji,Western University,http://www.csd.uwo.ca/courses/CS3307a,7yV3pjUAAAAJ
Nazli Goharian,Georgetown University,http://people.cs.georgetown.edu/~nazli,b3tUsfEAAAAJ
Nazli Ikizler-Cinbis,Hacettepe University,https://web.cs.hacettepe.edu.tr/~nazli,gwLessAAAAAJ
Ndapa Nakashole,Univ. of California - San Diego,http://nakashole.com,NOSCHOLARPAGE
Ndapandula Nakashole,Univ. of California - San Diego,http://nakashole.com,NOSCHOLARPAGE
Neal Andrew Snooke,Aberystwyth University,https://www.aber.ac.uk/en/cs/staff-profiles/listing/profile/nns,NOSCHOLARPAGE
Neal Patwari,Washington University in St. Louis,https://engineering.wustl.edu/faculty/Neal-Patwari.html,g9yhtN8AAAAJ
Neal Patwari,Washington University in St. Louis,https://engineering.wustl.edu/faculty/Neal-Patwari.html,g9yhtN8AAAAJ
Neal Snooke,Aberystwyth University,https://www.aber.ac.uk/en/cs/staff-profiles/listing/profile/nns,NOSCHOLARPAGE
Nectarios Koziris,NTUA,http://www.cslab.ntua.gr/~nkoziris,wgwP96QAAAAJ
Nectarios Papanicolaou,University of Nicosia,https://www.unic.ac.cy/papanicolaou-nectarios,6mRLrW0AAAAJ
Nedialko S. Nedialkov,McMaster University,https://www.cas.mcmaster.ca/~nedialk,mVEWNfgAAAAJ
Neel Krishnaswami,University of Cambridge,https://www.cl.cam.ac.uk/~nk480,qCE8eVcAAAAJ
Neelakantan R. Krishnaswami,University of Cambridge,https://www.cl.cam.ac.uk/~nk480,qCE8eVcAAAAJ
Neelam Sinha,IIIT Bangalore,http://www.iiitb.ac.in/faculty_page.php?name=NeelamSinha,6A_OhfoAAAAJ
Neelam Soundarajan,Ohio State University,https://cse.osu.edu/people/soundarajan.1,fasXmPQAAAAJ
Neeldhara Misra,IIT Gandhinagar,http://www.iitgn.ac.in/faculty/comp/neeldhara.htm,XFgieDYAAAAJ
Neena Goveas,BITS Pilani-Goa,https://www.bits-pilani.ac.in/goa/neena/profile,if0NqpMAAAAJ
Neeraj Goel,IIT Ropar,http://www.iitrpr.ac.in/cse/neerajgoel,6AERbuMAAAAJ
Neeraj Mittal,University of Texas at Dallas,https://www.utdallas.edu/~neerajm,V9MH9v8AAAAJ
Neeraj Suri,TU Darmstadt,https://www.deeds.informatik.tu-darmstadt.de/suri,YAia0U8AAAAJ
Neetesh Saxena,Cardiff University,https://www.cardiff.ac.uk/people/view/1724111-saxena-neetesh,ERttXewAAAAJ
Neftali Watkinson,Univ. of California - Riverside,https://profiles.ucr.edu/app/home/profile/neftaliw,3H7ggL4AAAAJ
Negar Kiyavash,EPFL,https://people.epfl.ch/negar.kiyavash,7tBDvOwAAAAJ
Neha Karanjkar,IIT Goa,https://www.iitgoa.ac.in/faculty_page.php?id=95,Bp-of9MAAAAJ
Neil A. Dodgson,Victoria University of Wellington,http://ecs.victoria.ac.nz/Main/NeilDodgson,kfYJVXEAAAAJ
Neil A. Ernst,University of Victoria,http://neilernst.net,byBabzAAAAAJ
Neil Anthony Dodgson,Victoria University of Wellington,http://ecs.victoria.ac.nz/Main/NeilDodgson,kfYJVXEAAAAJ
Neil Arnason,University of Manitoba,http://www.cs.umanitoba.ca/~arnason,NOSCHOLARPAGE
Neil Bergmann,University of Queensland,http://researchers.uq.edu.au/researcher/823,M7kg0MQAAAAJ
Neil C. Audsley,University of York,https://www-users.cs.york.ac.uk/~neil,D65ZWSgAAAAJ
Neil C. Rowe,Naval Postgraduate School,http://faculty.nps.edu/ncrowe,NOSCHOLARPAGE
Neil D. B. Bruce,University of Guelph,https://www.uoguelph.ca/computing/people/neil-bruce,Gnezf-4AAAAJ
Neil D. Lawrence,University of Cambridge,http://inverseprobability.com,r3SJcvoAAAAJ
Neil Dantam,Colorado School of Mines,http://inside.mines.edu/~ndantam,J-6Ch9sAAAAJ
Neil F. Stewart,University of Montreal,http://www.iro.umontreal.ca/~stewart,G1phNfoAAAAJ
Neil Ghani,University of Strathclyde,https://pureportal.strath.ac.uk/en/persons/neil-ghani/projects,NOSCHOLARPAGE
Neil Heffernan III,Worcester Polytechnic Institute,http://www.wpi.edu/academics/facultydir/nth.html,dmCZvnsAAAAJ
Neil Hurley,University College Dublin,https://people.ucd.ie/neil.hurley,Xy75cgsW65QC
Neil J. Hurley,University College Dublin,https://people.ucd.ie/neil.hurley,Xy75cgsW65QC
Neil M. White,University of Southampton,https://www.ecs.soton.ac.uk/people/neilw,-KqNHGQAAAAJ
Neil Mac Parthaláin,Aberystwyth University,https://www.aber.ac.uk/en/cs/staff-profiles/listing/profile/ncm,Um3skD0AAAAJ
Neil MacParthalain,Aberystwyth University,https://www.aber.ac.uk/en/cs/staff-profiles/listing/profile/ncm,Um3skD0AAAAJ
Neil Moore,University of Kentucky,https://www.engr.uky.edu/directory/moore-neil,NOSCHOLARPAGE
Neil Patrick Del Gallego,De La Salle University,https://www.dlsu.edu.ph/colleges/ccs/faculty-profile/single/?id=32665809300&command=GETPROFILE,m0pmYBcAAAAJ
Neil Smith,Open University UK,http://stem.open.ac.uk/people/ns938#tab2,NOSCHOLARPAGE
Neil Spring,University of Maryland - College Park,http://www.cs.umd.edu/~nspring,FUWxMaQAAAAJ
Neil T. Dantam,Colorado School of Mines,http://inside.mines.edu/~ndantam,J-6Ch9sAAAAJ
Neil T. Heffernan,Worcester Polytechnic Institute,http://www.wpi.edu/academics/facultydir/nth.html,dmCZvnsAAAAJ
Neil T. Spring,University of Maryland - College Park,http://www.cs.umd.edu/~nspring,FUWxMaQAAAAJ
Neil V. Murray,University at Albany - SUNY,https://www.albany.edu/news/experts/8046.php,Uo5asF8AAAAJ
Neil W. Bergmann,University of Queensland,http://researchers.uq.edu.au/researcher/823,M7kg0MQAAAAJ
Neil Walkinshaw,University of Sheffield,https://www.sheffield.ac.uk/dcs/people/academic/neil-walkinshaw,Qa8zO1EAAAAJ
Neil Yorke-Smith,TU Delft,http://www.alg.ewi.tudelft.nl/yorkesmith,tewSAS0AAAAJ
Neil Zhenqiang Gong,Duke University,http://people.duke.edu/~zg70,t6uCsYoAAAAJ
Neill D. F. Campbell,University of Bath,http://cs.bath.ac.uk/~nc537,dRC_mIAAAAAJ
Neill W. Campbell,University of Bristol,http://people.cs.bris.ac.uk/~campbell/,NOSCHOLARPAGE
Nejib Zaguia,University of Ottawa,http://www.site.uottawa.ca/~zaguia,EBZsBBQAAAAJ
Nektarios Georgios Tsoutsos,University of Delaware,https://udel.edu/~tsoutsos/,f3TVR3kAAAAJ
Nele Mentens,KU Leuven,https://homes.esat.kuleuven.be/~nmentens,FWdHc8MAAAAJ
Nelleke Oostdijk,Radboud University,https://www.ru.nl/english/people/oostdijk-n,cMHIM6YAAAAJ
Nelly Condori-Fernández,VU Amsterdam,http://www.s2group.cs.vu.nl/people/dr-nelly-condori-fernandez,NOSCHOLARPAGE
Nelly Fazio,CUNY,http://www-cs.ccny.cuny.edu/~fazio,U8ZdsuEAAAAJ
Nelson Duarte Filho,Federal University of Rio Grande,http://www.nelson.c3.furg.br,NOSCHOLARPAGE
Nelson L. Duarte Filho,Federal University of Rio Grande,http://www.nelson.c3.furg.br,NOSCHOLARPAGE
Nelson L. Max,Univ. of California - Davis,http://faculty.engineering.ucdavis.edu/max,XXoJ5n4AAAAJ
Nelson L. S. Da Fonseca,UNICAMP,http://www.ic.unicamp.br/~nfonseca,NOSCHOLARPAGE
Nelson L. S. da Fonseca,UNICAMP,http://www.ic.unicamp.br/~nfonseca,NOSCHOLARPAGE
Nelson Lopes Duarte Filho,Federal University of Rio Grande,http://www.nelson.c3.furg.br,NOSCHOLARPAGE
Nelson Luis Saldanha da Fonseca,UNICAMP,http://www.ic.unicamp.br/~nfonseca,NOSCHOLARPAGE
Nelson Maculan,UFRJ,http://www.cos.ufrj.br/index.php/pt-BR/pessoas/details/18/1042-maculan,BxuuIPUAAAAJ
Nelson Maculan Filho,UFRJ,http://www.cos.ufrj.br/index.php/pt-BR/pessoas/details/18/1042-maculan,BxuuIPUAAAAJ
Nelson Marcos,De La Salle University,https://www.dlsu.edu.ph/colleges/ccs/faculty-profile/single/?id=32742675245&command=GETPROFILE,-vU32yoAAAAJ
Nelson S. Rosa,UFPE,https://gfads.cin.ufpe.br,KZFI9qEAAAAJ
Nelson Souto Rosa,UFPE,https://gfads.cin.ufpe.br,KZFI9qEAAAAJ
Nelson Wong,University of Calgary,http://contacts.ucalgary.ca/info/cpsc/profiles/102-2540,v71Oi_EAAAAJ
Nelson-Antranig Baloian Tataryan,Universidad de Chile,http://www.uchile.cl/portafolio-academico/impresion.jsf?username=nbaloian,NOSCHOLARPAGE
Nematollaah Shiri,Concordia University,http://www.cs.concordia.ca/~shiri,_Pj5xqQAAAAJ
Nematollah Batmanghelich,University of Pittsburgh,https://kayhan.dbmi.pitt.edu,PvHFAfIAAAAJ
Nematollah Kayhan Batmanghelich,University of Pittsburgh,https://kayhan.dbmi.pitt.edu,PvHFAfIAAAAJ
Neminath Hubballi,IIT Indore,http://iiti.ac.in/people/~neminath,tER-kV0AAAAJ
Nen-Fu Huang,National Tsing Hua University,http://www.cs.nthu.edu.tw/~nfhuang,8gf68DQAAAAJ
Nenad Medvidovic,University of Southern California,http://sunset.usc.edu/~neno,kqW_-2gAAAAJ
Neng Zhang 0001,Sun Yat-sen University,https://nengz.github.io/,K_BlTrUAAAAJ
Neng-Fa Zhou,CUNY,http://www.sci.brooklyn.cuny.edu/~zhou,17iCYjYAAAAJ
Nengkun Yu,Stony Brook University,https://www.cs.stonybrook.edu/people/faculty/NengkunYu,i3s2MPwAAAAJ
Nergis Tomen,TU Delft,https://www.tudelft.nl/en/ewi/over-de-faculteit/afdelingen/intelligent-systems/pattern-recognition-bioinformatics/computer-vision-lab/people/nergis-toemen,6vcKI6MAAAAJ
Nergis Tömen,TU Delft,https://www.tudelft.nl/en/ewi/over-de-faculteit/afdelingen/intelligent-systems/pattern-recognition-bioinformatics/computer-vision-lab/people/nergis-toemen,6vcKI6MAAAAJ
Neri Merhav,Technion,http://webee.technion.ac.il/people/merhav,5CCpiAYAAAAJ
Nervo Verdezoto,Cardiff University,https://www.cardiff.ac.uk/people/view/1724100-verdezoto-dias-nervo,0jUyuFAAAAAJ
Nervo Xavier Verdezoto,Cardiff University,https://www.cardiff.ac.uk/people/view/1724100-verdezoto-dias-nervo,0jUyuFAAAAAJ
Nesli Erdogmus,Izmir Institute of Technology,http://ceng.iyte.edu.tr/people/nesli-erdogmus,SGO1CAcAAAAJ
Nesrine Kaaniche,University of Sheffield,https://www.sheffield.ac.uk/dcs/people/academic/nesrine-kaaniche,eYnrxhgAAAAJ
Ness B. Shroff,Ohio State University,http://newslab.ece.ohio-state.edu,5kL-ZrAAAAAJ
Netanel Raviv,Washington University in St. Louis,https://sites.wustl.edu/ravivlab/,snf71h4AAAAJ
Netta Cohen,University of Leeds,https://eps.leeds.ac.uk/computing/staff/301/professor-netta-cohen,UqzPhMEAAAAJ
Neucimar J. Leite,UNICAMP,http://www.ic.unicamp.br/~neucimar,Qfothk4AAAAJ
Neucimar Jerônimo Leite,UNICAMP,http://www.ic.unicamp.br/~neucimar,Qfothk4AAAAJ
Nevil Brownlee,University of Auckland,https://www.cs.auckland.ac.nz/people/n-brownlee,t7vOIzMAAAAJ
Neville Churcher,University of Canterbury,http://www.cosc.canterbury.ac.nz/neville.churcher,NOSCHOLARPAGE
Neville Grech,University of Malta,https://www.nevillegrech.com,QP3gdYAAAAAJ
Neville I. Churcher,University of Canterbury,http://www.cosc.canterbury.ac.nz/neville.churcher,NOSCHOLARPAGE
Nevin L. Zhang,HKUST,https://www.cse.ust.hk/faculty/lzhang,NOSCHOLARPAGE
Nevin Lianwen Zhang,HKUST,https://www.cse.ust.hk/faculty/lzhang,NOSCHOLARPAGE
Newton José Vieira,UFMG,http://homepages.dcc.ufmg.br/~nvieira,NOSCHOLARPAGE
Newton Vieira,UFMG,http://homepages.dcc.ufmg.br/~nvieira,NOSCHOLARPAGE
Ney Calazans,PUC-RS,http://www.inf.pucrs.br/~calazans,s3vzk7cAAAAJ
Ney Laert Vilar Calazans,PUC-RS,http://www.inf.pucrs.br/~calazans,s3vzk7cAAAAJ
Nezam Rohbani,IPM,http://cs.ipm.ac.ir/~rohbani/,l545NMoAAAAJ
Nezihe Merve Gürel,TU Delft,https://www.tudelft.nl/ewi/over-de-faculteit/afdelingen/intelligent-systems/pattern-recognition-bioinformatics/pattern-recognition-bioinformatics/people/merve-guerel,5yYPHwYAAAAJ
Ngai-Man Cheung,SUTD,https://sites.google.com/site/mancheung0407,vJQArFkAAAAJ
Ngo Xuan Bach,PTIT,https://sites.google.com/site/nxbachcs/home,O4bDRAEAAAAJ
Ngoc Thang Vu,University of Stuttgart,http://www.ims.uni-stuttgart.de/institut/mitarbeiter/thangvu/index.en.html,Nxbi5YgAAAAJ
Ngok Lam,HKUST,https://www.cse.ust.hk/~lamngok,brfERGEAAAAJ
Nhien-An Le-Khac,University College Dublin,https://people.ucd.ie/an.lekhac,e6nKl6kAAAAJ
NhienAn LeKhac,University College Dublin,https://people.ucd.ie/an.lekhac,e6nKl6kAAAAJ
Ni Trieu,Arizona State University,https://nitrieu.github.io,esITaOoAAAAJ
Nian-Feng Tzeng,University of Louisiana - Lafayette,https://people.cmix.louisiana.edu/tzeng,6zq-c5cAAAAJ
Niangjun Chen,SUTD,https://istd.sutd.edu.sg/people/faculty/niangjun-chen,mOmPukcAAAAJ
Nianwen Xue,Brandeis University,http://www.cs.brandeis.edu/~xuen,KlVbOkMAAAAJ
Nianyi Li,Clemson University,https://sites.duke.edu/nianyi,3SqliH4AAAAJ
Niao He,ETH Zurich,http://niaohe.ise.illinois.edu/index.html,iNcA81MAAAAJ
Nibaran Das,Jadavpur University,http://nibarancse.jdvu.ac.in/,vMx63B4AAAAJ
Nicholas C. H. Vun,Nanyang Technological University,http://research.ntu.edu.sg/expertise/academicprofile/Pages/StaffProfile.aspx?ST_EMAILID=ASCHVUN&CategoryDescription=InternetCommunications,NOSCHOLARPAGE
Nicholas Chan Hua Vun,Nanyang Technological University,http://research.ntu.edu.sg/expertise/academicprofile/Pages/StaffProfile.aspx?ST_EMAILID=ASCHVUN&CategoryDescription=InternetCommunications,NOSCHOLARPAGE
Nicholas Cheney,University of Vermont,http://www.ncheney.com,gwpqf8sAAAAJ
Nicholas D. Lane,University of Cambridge,https://www.cst.cam.ac.uk/people/ndl32,IleoLUgAAAAJ
Nicholas Donald Lane,University of Cambridge,https://www.cst.cam.ac.uk/people/ndl32,IleoLUgAAAAJ
Nicholas Drivalos Matragkas,University of York,https://www-users.cs.york.ac.uk/~nikos,Dvp7fNoAAAAJ
Nicholas Evans,EURECOM,http://www.eurecom.fr/~evans,NOSCHOLARPAGE
Nicholas G. Feamster,University of Chicago,https://people.cs.uchicago.edu/~feamster,xYfYnG4AAAAJ
Nicholas G. Gravish,Univ. of California - San Diego,http://web.eng.ucsd.edu/~ngravish,AEWTj-4AAAAJ
Nicholas Gibbins,University of Southampton,https://www.ecs.soton.ac.uk/people/nmg,umB6pHIAAAAJ
Nicholas H. Barton,IST Austria,https://ist.ac.at/research/research-groups/barton-group,LcuOHRwAAAAJ
Nicholas Hopper,University of Minnesota,https://www-users.cs.umn.edu/~hopper,4e2pnKYAAAAJ
Nicholas J. A. Harvey,University of British Columbia,http://www.cs.ubc.ca/~nickhar,xdTtK9IAAAAJ
Nicholas J. Hopper,University of Minnesota,https://www-users.cs.umn.edu/~hopper,4e2pnKYAAAAJ
Nicholas J. P. Race,Lancaster University,https://www.lancaster.ac.uk/scc/about-us/people/nicholas-race,pr6amF4AAAAJ
Nicholas John Paul Race,Lancaster University,https://www.lancaster.ac.uk/scc/about-us/people/nicholas-race,pr6amF4AAAAJ
Nicholas K. Taylor,Heriot-Watt University,https://www.hw.ac.uk/staff/uk/macs/nicholas-taylor.htm,NOSCHOLARPAGE
Nicholas Kalouptsidis,University of Athens,http://www.di.uoa.gr/eng/staff/1004,NOSCHOLARPAGE
Nicholas Kenelm Taylor,Heriot-Watt University,https://www.hw.ac.uk/staff/uk/macs/nicholas-taylor.htm,NOSCHOLARPAGE
Nicholas LaRacuente,Indiana University,https://luddy.indiana.edu/contact/profile/index.html?Nicholas_LaRacuente,2hYie3kAAAAJ
Nicholas Matragkas,University of York,https://www-users.cs.york.ac.uk/~nikos,Dvp7fNoAAAAJ
Nicholas Mattei,Tulane University,http://www2.tulane.edu/sse/cs/faculty/nicholas-mattei.cfm,bUAYDkIAAAAJ
Nicholas Miles Gibbins,University of Southampton,https://www.ecs.soton.ac.uk/people/nmg,umB6pHIAAAAJ
Nicholas R. Jennings,Loughborough University,https://www.lboro.ac.uk/services/vco/smt/vc-prof-jennings/,FX5CsuYAAAAJ
Nicholas Robert Jennings,Loughborough University,https://www.lboro.ac.uk/services/vco/smt/vc-prof-jennings/,FX5CsuYAAAAJ
Nicholas Roussopoulos,University of Maryland - College Park,https://www.cs.umd.edu/users/nick,NOSCHOLARPAGE
Nicholas Ruozzi,University of Texas at Dallas,http://cs.utdallas.edu/people/faculty/nicholas-ruozzi,kzmSnEQAAAAJ
Nicholas S. Flann,Utah State University,https://www.cs.usu.edu/people/NicholasFlann,SL6jwLMAAAAJ
Nicholas Scott Mattei,Tulane University,http://www2.tulane.edu/sse/cs/faculty/nicholas-mattei.cfm,bUAYDkIAAAAJ
Nicholas Spooner,University of Warwick,https://spooner.cc/,cTiV76AAAAAJ
Nicholas Vanderschantz,University of Waikato,http://www.cms.waikato.ac.nz/people/vtwoz,q6i-ajMAAAAJ
Nicholas Vun,Nanyang Technological University,http://research.ntu.edu.sg/expertise/academicprofile/Pages/StaffProfile.aspx?ST_EMAILID=ASCHVUN&CategoryDescription=InternetCommunications,NOSCHOLARPAGE
Nick Barnes,Australian National University,https://comp.anu.edu.au/people/nick-barnes/,yMXs1WcAAAAJ
Nick Barton,IST Austria,https://ist.ac.at/research/research-groups/barton-group,LcuOHRwAAAAJ
Nick Bryan-Kinns,Queen Mary University of London,http://www.eecs.qmul.ac.uk/~nickbk,YK0-nYAAAAAJ
Nick Cheney,University of Vermont,http://www.ncheney.com,gwpqf8sAAAAJ
Nick Duffield,Texas A&M University,http://nickduffield.net/work,hrQOcZcAAAAJ
Nick E. Pears,University of York,https://www-users.cs.york.ac.uk/nep,U_hUs6wzw_AC
Nick Faulkner,University of Adelaide,http://www.adelaide.edu.au/directory/nickolas.falkner,hKOT5M0AAAAJ
Nick Feamster,University of Chicago,https://people.cs.uchicago.edu/~feamster,xYfYnG4AAAAJ
Nick G. Duffield,Texas A&M University,http://nickduffield.net/work,hrQOcZcAAAAJ
Nick Gibbins,University of Southampton,https://www.ecs.soton.ac.uk/people/nmg,umB6pHIAAAAJ
Nick Gravin,SUFE,http://itcs.shufe.edu.cn/~gravin,g65nv5cAAAAJ
Nick Gravish,Univ. of California - San Diego,http://web.eng.ucsd.edu/~ngravish,AEWTj-4AAAAJ
Nick Harvey,University of British Columbia,http://www.cs.ubc.ca/~nickhar,xdTtK9IAAAAJ
Nick K. Taylor,Heriot-Watt University,https://www.hw.ac.uk/staff/uk/macs/nicholas-taylor.htm,NOSCHOLARPAGE
Nick Koudas,University of Toronto,http://koudas01.utsc.utoronto.ca/~koudas,f0Wc8tkAAAAJ
Nick McKeown,Stanford University,http://stanford.edu/~nickm,SqMUez0AAAAJ
Nick Nikiforakis,Stony Brook University,https://www.cs.stonybrook.edu/people/faculty/NickNikiforakis,VgrmjeYAAAAJ
Nick Pears,University of York,https://www-users.cs.york.ac.uk/nep,U_hUs6wzw_AC
Nick R. Harris,University of Southampton,https://www.ecs.soton.ac.uk/people/nrh,FxhnhAQAAAAJ
Nick R. Jennings,Loughborough University,https://www.lboro.ac.uk/services/vco/smt/vc-prof-jennings/,FX5CsuYAAAAJ
Nick Roussopoulos,University of Maryland - College Park,https://www.cs.umd.edu/users/nick,NOSCHOLARPAGE
Nick Scerbakov,Graz University of Technology,https://coronet.iicm.tugraz.at/Dbase1/nick1.htm,NOSCHOLARPAGE
Nick Scherbakov,Graz University of Technology,https://coronet.iicm.tugraz.at/Dbase1/nick1.htm,NOSCHOLARPAGE
Nick Sumner,Simon Fraser University,http://http://www.cs.sfu.ca/~wsumner,NOSCHOLARPAGE
Nickolai Zeldovich,Massachusetts Institute of Technology,https://people.csail.mit.edu/nickolai,DJ6--hMAAAAJ
Nickolay Zakhleniuk,University of Essex,https://www.essex.ac.uk/people/zakhl71400/nick-zakhleniuk,6wzbeUEAAAAJ
Nico Döttling,CISPA Helmholtz Center,https://cispa.saarland/people/nico.doettling,F8rmIoIAAAAJ
Nico Karssemeijer,Radboud University,http://www.diagnijmegen.nl/index.php/Nico_Karssemeijer,ca7SqLQAAAAJ
Nico Marcel Döttling,CISPA Helmholtz Center,https://cispa.saarland/people/nico.doettling,F8rmIoIAAAAJ
Nico Pfeifer,University of Tübingen,http://mm.informatik.uni-tuebingen.de/nico-pfeifer,vXQwphYAAAAJ
Nico Pietroni,University of Technology Sydney,https://www.uts.edu.au/staff/nico.pietroni,BXxHVPkAAAAJ
Nico Roos,Maastricht University,https://dke.maastrichtuniversity.nl/nico.roos,jvZueK0AAAAJ
Nico Wunderlich,IT University of Copenhagen,https://pure.itu.dk/portal/en/persons/nico-wunderlich(80356733-d435-4c10-b4b9-2878dcf57f1b).html,P5QGP40AAAAJ
Nicola Conci,University of Trento,https://webapps.unitn.it/du/en/Persona/PER0003698/Curriculum,mR1GK28AAAA
Nicola Dell [Tech],Cornell University,http://nixdell.com,Gb5dtYwAAAAJ
Nicola Dragoni,DTU,https://www.compute.dtu.dk/english,NOSCHOLARPAGE
Nicola Galesi,Sapienza University of Rome,http://wwwusers.di.uniroma1.it/~galesi,0Ch05b4AAAAJ
Nicola Gatti 0001,Politecnico di Milano,http://home.deib.polimi.it/ngatti,j-HrYREAAAAJ
Nicola Lee Dell [Tech],Cornell University,http://nixdell.com,Gb5dtYwAAAAJ
Nicola Paoletti,King's College London,https://www.kcl.ac.uk/people/nicola-paoletti,v4R_cM4AAAAJ
Nicola Santoro,Carleton University,http://www.scs.carleton.ca/~santoro,A9jJPF8AAAAJ
Nicola Zannone,TU Eindhoven,http://security1.win.tue.nl/~zannone,4vFC7BMAAAAJ
Nicolai Brodersen Hansen,Aalborg University,https://vbn.aau.dk/da/persons/148582,7Uy9-ToAAAAJ
Nicolai Kraus,University of Birmingham,https://www.birmingham.ac.uk/staff/profiles/computer-science/kraus-nicolai.aspx,NOSCHOLARPAGE
Nicolai Marquardt,University College London,https://uclic.ucl.ac.uk/people/nicolai-marquardt,PXeN0RsAAAAJ
Nicolai N. Vorobjov Jr.,University of Bath,http://people.bath.ac.uk/masnnv,xydcz6MAAAAJ
Nicolas Anquetil,CRIStAL,https://www.cristal.univ-lille.fr/profil/anquetil,DSMdD9UAAAAJ
Nicolas Boumal,EPFL,https://people.epfl.ch/nicolas.boumal,o6tPrZAAAAAJ
Nicolas Brisebarre,Ecole Normale Superieure de Lyon,http://perso.ens-lyon.fr/nicolas.brisebarre,NOSCHOLARPAGE
Nicolas Christin,Carnegie Mellon University,http://www.andrew.cmu.edu/user/nicolasc,X5buTmMAAAAJ
Nicolas E. Gold,University College London,http://www.cs.ucl.ac.uk/staff/N.Gold,SW5QH04AAAAJ
Nicolas Edwin Gold,University College London,http://www.cs.ucl.ac.uk/staff/N.Gold,SW5QH04AAAAJ
Nicolas Flammarion,EPFL,https://people.epfl.ch/nicolas.flammarion,7nVGYfgAAAAJ
Nicolas G. Green,University of Southampton,https://www.ecs.soton.ac.uk/people/ng2,gHdNTVwAAAAJ
Nicolas Gold,University College London,http://www.cs.ucl.ac.uk/staff/N.Gold,SW5QH04AAAAJ
Nicolas Guelfi,University of Luxembourg,http://wwwen.uni.lu/recherche/fstc/computer_science_and_communications_research_unit/members/nicolas_guelfi,pvrJk-8AAAAJ
Nicolas Loizou,Johns Hopkins University,https://nicolasloizou.github.io/,mvDmzAQAAAAJ
Nicolas Louvet,Ecole Normale Superieure de Lyon,http://perso.ens-lyon.fr/nicolas.louvet,NOSCHOLARPAGE
Nicolas Markey,Ecole Normale Superieure de Cachan,http://www.lsv.ens-cachan.fr/~markey,wWzobj4AAAAJ
Nicolas Navet,University of Luxembourg,http://nicolas.navet.eu,dhYgyRUAAAAJ
Nicolas Papernot,University of Toronto,https://www.papernot.fr,cGxq0cMAAAAJ
Nicolas Pugeault,University of Exeter,http://emps.exeter.ac.uk/computer-science/staff/np331,O9mKQacAAAAJ
Nicolas R. Gauger,TU Kaiserslautern,https://www.scicomp.uni-kl.de/team/gauger,RUZ-k4YAAAAJ
Nicolas Trotignon,Ecole Normale Superieure de Lyon,http://perso.ens-lyon.fr/nicolas.trotignon/indexFr.html,NOSCHOLARPAGE
Nicolas Wu,Imperial College London,https://www.imperial.ac.uk/people/n.wu,0E8zPucAAAAJ
Nicole Beckage,University of Kansas,http://www.eecs.ku.edu/people/faculty,4uNXEYkAAAAJ
Nicole C. Krämer,University of Duisburg-Essen,https://www.uni-due.de/sozialpsychologie/kraemer.shtml,zWKViOMAAAAJ
Nicole Jochems,University of Lübeck,https://www.imis.uni-luebeck.de/de/institut/team/nicole-jochems,ZMwD_rUAAAAJ
Nicole Krämer 0001,University of Duisburg-Essen,https://www.uni-due.de/sozialpsychologie/kraemer.shtml,zWKViOMAAAAJ
Nicole Krämer-Mertens,University of Duisburg-Essen,https://www.uni-due.de/sozialpsychologie/kraemer.shtml,zWKViOMAAAAJ
Nicole M. Beckage,University of Kansas,http://www.eecs.ku.edu/people/faculty,4uNXEYkAAAAJ
Nicole McFarlane,University of Tennessee,http://www.eecs.utk.edu/people/faculty/mcf,gC6GzlEAAAAJ
Nicole Megow,University of Bremen,https://cslog.uni-bremen.de/nmegow,wLEuDHIAAAAJ
Nicole Salomons,Imperial College London,https://www.nicolesalomons.com/,NOSCHOLARPAGE
Nicole Schweikardt,Humboldt University of Berlin,http://www2.informatik.hu-berlin.de/logik,Ghy_9r8AAAAJ
Nicole Wein,University of Michigan,https://web.eecs.umich.edu/~nswein/,d1FZQYEAAAAJ
Nicoleta Roman,Ohio State University,https://cse.osu.edu/people/roman.45,ZXS-VpgAAAAJ
Nicoletta Di Blas,Politecnico di Milano,http://home.deib.polimi.it/diblas,Qa9fmQsAAAAJ
Nicolás Cardozo,Universidad de los Andes,https://profesores.virtual.uniandes.edu.co/ncardozo,3iTzjQsAAAAJ
Nicolás D'Ippolito,University of Buenos Aires,http://lafhis.dc.uba.ar/en/~dippolito,zVAhnsUAAAAJ
Nicolás Wolovick,Universidad Nacional de Córdoba,https://cs.famaf.unc.edu.ar/~nicolasw,v9TbZAEAAAAJ
Nicolò Colombo,Royal Holloway University of London,https://pure.royalholloway.ac.uk/portal/en/persons/nicolo-colombo(eb61acd9-0c8e-4e07-a96f-56e7bd687e58).html,XE_zoYEAAAAJ
Nicolò Navarin,University of Padova,https://sites.google.com/view/nicknavarin,fja3fJYAAAAJ
Nicos Angelopoulos,University of Essex,https://www.essex.ac.uk/people/angel61804/nicos-angelopoulos,-ZT5NUkAAAAJ
Nicos Malevris,AUEB,http://www.cs.aueb.gr/en/content/malevris-nikolaos,NOSCHOLARPAGE
Nicu Sebe,University of Trento,http://disi.unitn.it/~sebe,tNtjSewAAAAJ
Niculae Sebe,University of Trento,http://disi.unitn.it/~sebe,tNtjSewAAAAJ
Nidhi Hegde 0001,University of Alberta,https://sites.ualberta.ca/~nidhih/,RyhZW8EAAAAJ
Niels A. Taatgen,University of Groningen,http://www.ai.rug.nl/~niels,F5FI6uYAAAAJ
Niels Anne Taatgen,University of Groningen,http://www.ai.rug.nl/~niels,F5FI6uYAAAAJ
Niels Grabe,University of Göttingen,http://tigacenter.bioquant.uni-heidelberg.de/grabe.niels.html,zkw0tYgAAAAJ
Niels Henze,University of Regensburg,https://www.uni-regensburg.de/sprache-literatur-kultur/medieninformatik/sekretariat-team/prof-dr-niels-henze/index.html,dbVIOtMAAAAJ
Niels Jørgen Christensen,DTU,https://www.compute.dtu.dk/english,NOSCHOLARPAGE
Niels Kjølstad Poulsen,DTU,https://www.compute.dtu.dk/english,NOSCHOLARPAGE
Niels Landwehr,University of Potsdam,https://www.uni-potsdam.de/en/cs-dsia/team/prof-dr-niels-landwehr.html,k6Ei14sAAAAJ
Niels Olof Bouvin,Aarhus University,http://pure.au.dk/portal/en/persons/niels-olof-bouvin(a100614b-adba-4dfe-9ada-8df77bfed841).html,Xr8ZJ3kAAAAJ
Niels Pinkwart,Humboldt University of Berlin,http://cses.informatik.hu-berlin.de,WrsLeY0AAAAJ
Niels Taatgen,University of Groningen,http://www.ai.rug.nl/~niels,F5FI6uYAAAAJ
Niels da Vitoria Lobo,University of Central Florida,https://www.crcv.ucf.edu/person/niels-lobo,hjzQhbgAAAAJ
Niels van Berkel,Aalborg University,http://www.nielsvanberkel.com,0VfMvLsAAAAJ
Nieves Pedreira,University of A Coruña,https://pdi.udc.es/en/File/Pdi/KB3AF,wEub-e8AAAAJ
Nieves Pedreira-Souto,University of A Coruña,https://pdi.udc.es/en/File/Pdi/KB3AF,wEub-e8AAAAJ
Nieves R. Brisaboa,University of A Coruña,https://lbd.udc.es/ShowResearcherInformation.do?id=12,-sCLLPEAAAAJ
Nieves Rodríguez Brisaboa,University of A Coruña,https://lbd.udc.es/ShowResearcherInformation.do?id=12,-sCLLPEAAAAJ
Nigamanth Sridhar,Cleveland State University,http://selab.csuohio.edu/~nsridhar,PV9BI2gAAAAJ
Nigel A. Beacham,University of Aberdeen,https://www.abdn.ac.uk/people/n.beacham,NOSCHOLARPAGE
Nigel Collier,University of Cambridge,https://sites.google.com/site/nhcollier/,ZMelBa0AAAAJ
Nigel Davies 0001,Lancaster University,https://www.lancaster.ac.uk/scc/about-us/people/nigel-davies,EXDIpGkAAAAJ
Nigel Grigg,Massey University,http://www.massey.ac.nz/massey/expertise/profile.cfm?stref=769630,BJxezqsAAAAJ
Nigel H. Goddard,University of Edinburgh,http://homepages.inf.ed.ac.uk/ngoddard,NVeTifMAAAAJ
Nigel J. Martin 0001,Birkbeck University of London,https://www.dcs.bbk.ac.uk/about/people/academic-staff/nigel,NOSCHOLARPAGE
Nigel J. Newton,University of Essex,https://www.essex.ac.uk/people/newto34604/nigel-newton,R5ygjTgAAAAJ
Nigel P. Grigg,Massey University,http://www.massey.ac.nz/massey/expertise/profile.cfm?stref=769630,BJxezqsAAAAJ
Nigel P. Smart,KU Leuven,https://homes.esat.kuleuven.be/~nsmart,Qvm3k64AAAAJ
Nigel P. Topham,University of Edinburgh,http://homepages.inf.ed.ac.uk/npt,NOSCHOLARPAGE
Nigel R. Shadbolt,University of Oxford,http://www.jesus.ox.ac.uk/people/professor-sir-nigel-shadbolt,wTAM67UAAAAJ
Nigel Shadbolt,University of Oxford,http://www.jesus.ox.ac.uk/people/professor-sir-nigel-shadbolt,wTAM67UAAAAJ
Nigel Ward,University of Texas - El Paso,http://www.cs.utep.edu/nigel,ncnkwCMAAAAJ
Nihal P. Jayamaha,Massey University,http://www.massey.ac.nz/massey/expertise/profile.cfm?stref=416150,NOSCHOLARPAGE
Nihan K. Çiçekli,Middle East Technical University,http://user.ceng.metu.edu.tr/~nihan,NOSCHOLARPAGE
Nihan Kesim Cicekli,Middle East Technical University,http://user.ceng.metu.edu.tr/~nihan,NOSCHOLARPAGE
Nihar B. Shah,Carnegie Mellon University,http://www.cs.cmu.edu/~nihars,BF39lMQAAAAJ
Nihar Bhadresh Shah,Carnegie Mellon University,http://www.cs.cmu.edu/~nihars,BF39lMQAAAAJ
Nihat Altiparmak,University of Louisville,http://cecs.louisville.edu/nihat,HvPsovYAAAAJ
Nika Haghtalab,Univ. of California - Berkeley,https://people.eecs.berkeley.edu/~nika/,C6pnolkAAAAJ
Nikhil Bansal 0001,University of Michigan,https://www.win.tue.nl/~nikhil,3Lmd6AMAAAAJ
Nikhil Garg 0001 [Tech],Cornell University,https://gargnikhil.com/,8qSK3noAAAAJ
Nikhil Muralidhar,Stevens Institute of Technology,https://www.stevens.edu/profile/nmurali1,aFXxNfYAAAAJ
Nikhil Ranjan Pal,ISI Kolkata,https://www.isical.ac.in/~nikhil,IGIvYfAAAAAJ
Niki Kittur,Carnegie Mellon University,https://www.hcii.cmu.edu/people/aniket-kittur,2vZ5zRQAAAAJ
Niki Pissinou,Florida International University,https://www.cis.fiu.edu/faculty-staff/pissinou-niki,NOSCHOLARPAGE
Niki Trigoni,University of Oxford,https://www.cs.ox.ac.uk/niki.trigoni,185g9ckAAAAJ
Niki Vazou,IMDEA Software Institute,https://nikivazou.github.io,ARcLTokAAAAJ
Niki van Stein,Leiden University,https://www.universiteitleiden.nl/en/staffmembers/niki-van-stein/publications#tab-2,DST6voAAAAAJ
Nikil D. Dutt,Univ. of California - Irvine,http://www.ics.uci.edu/~dutt,CpBXPVoAAAAJ
Nikil Dutt,Univ. of California - Irvine,http://www.ics.uci.edu/~dutt,CpBXPVoAAAAJ
Nikita Borisov,Univ. of Illinois at Urbana-Champaign,https://www.ece.illinois.edu/directory/profile/nikita,MnsxqAcAAAAJ
Nikita Soni 0001,University of Illinois at Chicago,https://cs.uic.edu/profiles/soni-nikita/,FL4uv6wAAAAJ
Nikitas M. Sgouros,University of Piraeus,https://www.ds.unipi.gr/en/faculty/sgouros-en,ZK4fmiUAAAAJ
Niklas Broberg,Chalmers/GU,https://www.chalmers.se/en/staff/Pages/d00nibro.aspx,NOSCHOLARPAGE
Niklas Elmqvist,Aarhus University,https://cs.au.dk/~elm,LoQXe24AAAAJ
Niko Sünderhauf,Queensland University of Technology,https://research.qut.edu.au/qcr/people/niko-suenderhauf,WnKjfFEAAAAJ
Nikola Banovic 0001,University of Michigan,http://www.nikolabanovic.net,8SCyF8AAAAAJ
Nikolai Gravin,SUFE,http://itcs.shufe.edu.cn/~gravin,g65nv5cAAAAJ
Nikolai Scerbakov,Graz University of Technology,https://coronet.iicm.tugraz.at/Dbase1/nick1.htm,NOSCHOLARPAGE
Nikolaj Tatti,University of Helsinki,https://researchportal.helsinki.fi/en/persons/nikolaj-tatti,yRHnNkMAAAAJ
Nikolaos Aletras,University of Sheffield,https://www.sheffield.ac.uk/dcs/people/academic/nikos-aletras,uxRWFhoAAAAJ
Nikolaos Athanasopoulos,Queen's University Belfast,https://www.qub.ac.uk/schools/eeecs/Connect/Staff/BusinessCard/?name=n.athanasopoulos,q4mXFiwAAAAJ
Nikolaos Drivalos,University of York,https://www-users.cs.york.ac.uk/~nikos,Dvp7fNoAAAAJ
Nikolaos Drivalos Matragkas,University of York,https://www-users.cs.york.ac.uk/~nikos,Dvp7fNoAAAAJ
Nikolaos Hardavellas,Northwestern University,http://www.eecs.northwestern.edu/~hardav,NOSCHOLARPAGE
Nikolaos Laoutaris,IMDEA Networks Institute,http://laoutaris.info,KaqnVUcAAAAJ
Nikolaos M. Freris,USTC,http://staff.ustc.edu.cn/~nfr,j38QfhkAAAAJ
Nikolaos M. Missirlis,University of Athens,http://cgi.di.uoa.gr/~nmis,QmmiV3sAAAAJ
Nikolaos Malevris,AUEB,http://www.cs.aueb.gr/en/content/malevris-nikolaos,NOSCHOLARPAGE
Nikolaos P. Papanikolopoulos,University of Minnesota,http://www-users.cs.umn.edu/~npapas,wQdo-bMAAAAJ
Nikolaos Papanikolopoulos,University of Minnesota,http://www-users.cs.umn.edu/~npapas,wQdo-bMAAAAJ
Nikolaos Papaspyrou,NTUA,https://www.softlab.ntua.gr/~nickie,sB4E4lcAAAAJ
Nikolaos S. Papaspyrou,NTUA,https://www.softlab.ntua.gr/~nickie,sB4E4lcAAAAJ
Nikolaos Thomos,University of Essex,https://www.essex.ac.uk/people/thomo13706/nikolaos-thomos,qIWRQbUAAAAJ
Nikolaos Tsantalis,Concordia University,https://users.encs.concordia.ca/~nikolaos,Jxc9CBwAAAAJ
Nikolaos Tsekos,University of Houston,http://www.uh.edu/nsm/computer-science/people/faculty,hNpIWJAAAAAJ
Nikolaos V. Sahinidis,Georgia Institute of Technology,https://sahinidis.coe.gatech.edu/,PTXe50QAAAAJ
Nikolas Drivalos Matragkas,University of York,https://www-users.cs.york.ac.uk/~nikos,Dvp7fNoAAAAJ
Nikolas Martelaro,Carnegie Mellon University,https://hcii.cmu.edu/people/nikolas-martelaro,SNnC2s4AAAAJ
Nikolas Mitrou,NTUA,http://mcwt.cn.ntua.gr/content/nikolaos-mitrou,wiq0MZ0AAAAJ
Nikolaus Augsten,University of Salzburg,https://dbresearch.uni-salzburg.at/people/augsten,NOSCHOLARPAGE
Nikolaus Correll,University of Colorado Boulder,http://correll.cs.colorado.edu/?page_id=19,OfYf-DMAAAAJ
Nikolay A. Atanasov,Univ. of California - San Diego,https://natanaso.github.io,RTkSatQAAAAJ
Nikolay Atanasov 0001,Univ. of California - San Diego,https://natanaso.github.io,RTkSatQAAAAJ
Nikolay I. Nikolaev,Goldsmiths University of London,https://www.gold.ac.uk/computing/staff/n-nikolaev,NOSCHOLARPAGE
Nikolay Y. Nikolaev,Goldsmiths University of London,https://www.gold.ac.uk/computing/staff/n-nikolaev,NOSCHOLARPAGE
Nikolay Yakovets,TU Eindhoven,https://www.tue.nl/staff/n.yakovets,NOSCHOLARPAGE
Nikos Chrisochoides,Old Dominion University,http://odu.edu/directory/people/n/nchrisoc,i0zT6P4AAAAJ
Nikos Drivalos,University of York,https://www-users.cs.york.ac.uk/~nikos,Dvp7fNoAAAAJ
Nikos Hardavellas,Northwestern University,http://www.eecs.northwestern.edu/~hardav,NOSCHOLARPAGE
Nikos Komninos,City University of London,https://www.city.ac.uk/people/academics/nikos-komninos,rVGN5hUAAAAJ
Nikos Komodakis,University of Crete,https://www.csd.uoc.gr/~komod,xCPoT4EAAAAJ
Nikos Mamoulis,University of Ioannina,https://cs.uoi.gr/~nikos,jOvUDjYAAAAJ
Nikos Ntarmos,University of Glasgow,https://ntarmos.info,RST7ccAAAAAJ
Nikos P. Chrisochoides,Old Dominion University,http://odu.edu/directory/people/n/nchrisoc,i0zT6P4AAAAJ
Nikos Papanikolopoulos,University of Minnesota,http://www-users.cs.umn.edu/~npapas,wQdo-bMAAAAJ
Nikos Triandopoulos,Stevens Institute of Technology,http://web.stevens.edu/facultyprofile/?id=2227,9GbyT1oAAAAJ
Nikos Vasilakis,Brown University,https://nikos.vasilak.is,yt3UwhMAAAAJ
Nilah Ioannidis,Univ. of California - Berkeley,https://www2.eecs.berkeley.edu/Faculty/Homepages/nilah.html,uNNLZxYAAAAJ
Nilanjan Banerjee,Univ. of Maryland - Baltimore County,http://www.csee.umbc.edu/~nilanb,ElJBmvgAAAAJ
Nilanjan Chakraborty,Stony Brook University,https://www.cs.stonybrook.edu/people/faculty/NilanjanChakraborty,Y4XkdPQAAAAJ
Nilanjan Ray,University of Alberta,https://webdocs.cs.ualberta.ca/~nray1,E3wuLqAAAAAJ
Nilesh Patel,Oakland University,https://oakland.edu/secs/directory/patel,NOSCHOLARPAGE
Niloufar Salehi,Univ. of California - Berkeley,http://niloufar.org,E0Zbuu8AAAAJ
Niloy Ganguly,IIT Kharagpur,http://www.facweb.iitkgp.ac.in/~niloy,hCbFmUUAAAAJ
Niloy J. Mitra,University College London,http://www0.cs.ucl.ac.uk/staff/n.mitra,dPrZJWMAAAAJ
Nils Anders Danielsson,Chalmers/GU,https://www.chalmers.se/en/staff/Pages/nad.aspx,NOSCHOLARPAGE
Nils Aschenbruck,University of Osnabrück,http://sys.cs.uos.de/aschenbruck/index_en.shtml,NOSCHOLARPAGE
Nils Bertschinger,Goethe University Frankfurt,https://www.fias.science/en/systemic-risk/research-groups/nils-bertschinger,iLErbK0AAAAJ
Nils Fleischhacker,Ruhr-University Bochum,https://www.crypto.ruhr-uni-bochum.de/staff/fleischhacker.html.en,cJpkmxsAAAAJ
Nils Gregor Leander,Ruhr-University Bochum,http://www.crypto.rub.de/staff/leander.html.en,qv21mtIAAAAJ
Nils Jansen 0001,Ruhr-University Bochum,https://nilsjansen.org,zUavkyEAAAAJ
Nils M. Kriege,University of Vienna,https://dm.cs.univie.ac.at/team/person/111520,wGT17PcAAAAJ
Nils Napp,University at Buffalo,https://www.cse.buffalo.edu/~nnapp,P-6kCNMAAAAJ
Nils Ole Tippenhauer,CISPA Helmholtz Center,https://cispa.saarland/people/nils.tippenhauer,IptcAgQAAAAJ
Nils Thuerey,TU Munich,https://wwwcg.in.tum.de/group/persons/thuerey.html,GEehwv8AAAAJ
Nils Thürey,TU Munich,https://wwwcg.in.tum.de/group/persons/thuerey.html,GEehwv8AAAAJ
Nils Urbach,University of Bayreuth,https://www.sim.uni-bayreuth.de/de/team/nils-urbach/index.php,H7D9_EkAAAAJ
Nilufer Onder,Michigan Technological University,https://www.mtu.edu/cs/department/faculty-staff/faculty/n-onder,BZi6Z08AAAAJ
Nima Afraz,University College Dublin,https://people.ucd.ie/nima.afraz,Ps84vZkAAAAJ
Nima AhmadiPourAnari,Stanford University,https://nimaanari.com,kmeUhO8AAAAJ
Nima Anari,Stanford University,https://nimaanari.com,kmeUhO8AAAAJ
Nima Honarmand,Stony Brook University,http://compas.cs.stonybrook.edu/~nhonarmand,Zg6T9tgAAAAJ
Nima Khademi Kalantari,Texas A&M University,http://nkhademi.com,0TGDhHsAAAAJ
Nina Balcan,Carnegie Mellon University,https://www.cs.cmu.edu/~ninamf,LWlN_BUAAAAJ
Nina Bresnihan,Trinity College Dublin,https://www.scss.tcd.ie/Nina.Bresnihan,GQVlMfcAAAAJ
Nina C. Hubig,Clemson University,https://sites.google.com/view/dzrpt-lab/about,NOSCHOLARPAGE
Nina Gierasimczuk,DTU,https://www.compute.dtu.dk/english,NOSCHOLARPAGE
Nina S. T. Hirata,USP,http://www.ime.usp.br/~nina,NOSCHOLARPAGE
Nina Sumiko Tomita,USP,http://www.ime.usp.br/~nina,NOSCHOLARPAGE
Nina Sumiko Tomita Hirata,USP,http://www.ime.usp.br/~nina,NOSCHOLARPAGE
Ning Cai 0001,ShanghaiTech University,https://sist.shanghaitech.edu.cn/2020/0707/c7499a53906/page.htm,NOSCHOLARPAGE
Ning Ding 0001,Shanghai Jiao Tong University,https://cs.sjtu.edu.cn/en/PeopleDetail.aspx?id=262,NOSCHOLARPAGE
Ning Gu,Fudan University,http://www.cs.fudan.edu.cn/?page_id=2089,NOSCHOLARPAGE
Ning Wang 0022,University of South Florida,https://ning-wang1.github.io/,nrAMv9cAAAAJ
Ning Xie 0002,Florida International University,http://www.cs.fiu.edu/~nxie,H9x5YXkAAAAJ
Ning Xie 0003,UESTC,http://cfm.uestc.edu.cn/~xiening,sTKVj4IAAAAJ
Ning Zhang 0017,Washington University in St. Louis,https://n1ngz.github.io,gwB_pJcAAAAJ
Ninghao Liu,University of Georgia,https://cobweb.cs.uga.edu/~ninghaoliu/index.html,VagMMYcAAAAJ
Ninghui Li,Purdue University,https://www.cs.purdue.edu/homes/ninghui,Qc_4yiYAAAAJ
Ninghui Sun,Chinese Academy of Sciences,https://people.ucas.ac.cn/~snh,NOSCHOLARPAGE
Ningning Xie,University of Toronto,https://xnning.github.io/,6DD_vkAAAAAJ
Ningyi Xu,Shanghai Jiao Tong University,http://www.qingyuan.sjtu.edu.cn/a/xu-ning-yi-1.html,xp7ZUvUAAAAJ
Ningyu Zhang 0001,Zhejiang University,https://person.zju.edu.cn/en/ningyu,xQDOPvsAAAAJ
Nipun Batra 0001,IIT Gandhinagar,https://www.iitgn.ac.in/faculty/comp/nipun.htm,rFGzHlIAAAAJ
Nir Ailon,Technion,http://nailon.net.technion.ac.il,NOSCHOLARPAGE
Nir Bitansky,New York University,https://sites.google.com/site/nirbitansky,XBk56N0AAAAJ
Nir Friedman,Hebrew University of Jerusalem,http://www.cs.huji.ac.il/~nir,xjnef1AAAAAJ
Nir Lipovetzky,University of Melbourne,http://people.eng.unimelb.edu.au/nlipovetzky,us3IGxsAAAAJ
Nir Oren,University of Aberdeen,https://www.abdn.ac.uk/people/n.oren,dBcYZecAAAAJ
Nir Piterman,Chalmers/GU,https://www.chalmers.se/en/staff/Pages/piterman.aspx,I8vnLTgAAAAJ
Nir Shavit,Massachusetts Institute of Technology,http://people.csail.mit.edu/shanir,NOSCHOLARPAGE
Nir Yosef,Univ. of California - Berkeley,https://niryosef.wordpress.com,eQ8KEHoAAAAJ
Niranjan Balasubramanian,Stony Brook University,http://www3.cs.stonybrook.edu/~niranjan,X3JCGVIAAAAJ
Nirav Ajmeri,University of Bristol,https://niravajmeri.github.io,aACjWd8AAAAJ
Nirav S. Ajmeri,University of Bristol,https://niravajmeri.github.io,aACjWd8AAAAJ
Nirmala Shenoy,Rochester Institute of Technology,https://www.rit.edu/gccis/nirmala-shenoy,NOSCHOLARPAGE
Nirmalya Chowdhury,Jadavpur University,http://jaduniv.edu.in/profile.php?uid=871,NOSCHOLARPAGE
Nirnimesh Ghose,University of Nebraska,https://cse.unl.edu/~nghose,ei4UVscAAAAJ
Nirupam Roy,University of Maryland - College Park,https://www.cs.umd.edu/~nirupam,kKyEuTcAAAAJ
Nirupama Bulusu,Portland State University,http://web.cecs.pdx.edu/~nbulusu,xpyAqbUAAAAJ
Nirvan Tyagi,University of Washington,https://www.cs.cornell.edu/~tyagi/,LGM2CvkAAAAJ
Nisai H. Fuengwarodsakul,KMUTNB,https://tggs.kmutnb.ac.th/assoc-prof-dr-ing-nisai-fuengwarodsakul,U6DtNjIAAAAJ
Nisansala Yatapanage,Australian National University,https://comp.anu.edu.au/people/nisansala-yatapanage/,_Kgwm9YAAAAJ
Nisar R. Ahmed,University of Colorado Boulder,https://cohrint.info,HA3R65IAAAAJ
Nisar Razzi Ahmed,University of Colorado Boulder,https://cohrint.info,HA3R65IAAAAJ
Nisarg Shah 0001,University of Toronto,http://www.cs.toronto.edu/~nisarg,GCvk26UAAAAJ
Nisha Panwar,Augusta University,https://sites.google.com/view/panwar,0dhq-70AAAAJ
Nishant A. Mehta,University of Victoria,http://web.uvic.ca/~nmehta,YGeqVQkAAAAJ
Nishant Ajay Mehta,University of Victoria,http://web.uvic.ca/~nmehta,YGeqVQkAAAAJ
Nishanth Ramakrishna Sastry,University of Surrey,https://www.surrey.ac.uk/people/nishanth-sastry,arSRJpgAAAAJ
Nishanth Sastry,University of Surrey,https://www.surrey.ac.uk/people/nishanth-sastry,arSRJpgAAAAJ
Nisheeth K. Vishnoi,Yale University,https://cpsc.yale.edu/people/nisheeth-vishnoi,7b5tlJkAAAAJ
Nisheeth Srivastava,IIT Kanpur,http://www.iitk.ac.in/new/nisheeth-srivastava,bXX0fekAAAAJ
Nita Parekh,IIIT Hyderabad,https://www.iiit.ac.in/people/faculty/nita,AxoY6h4AAAAJ
Nitesh Chawla,University of Notre Dame,http://www3.nd.edu/~nchawla,hDLBEhkAAAAJ
Nitesh Saxena,Texas A&M University,https://nsaxena.engr.tamu.edu,_x5BEjoAAAAJ
Nitesh V. Chawla,University of Notre Dame,http://www3.nd.edu/~nchawla,hDLBEhkAAAAJ
Nitin Auluck,IIT Ropar,http://www.iitrpr.ac.in/cse/nitin,pFiwhAIAAAAJ
Nitin H. Vaidya,Univ. of Illinois at Urbana-Champaign,http://disc.ece.illinois.edu,C4kPEC0AAAAJ
Nitin Saxena 0001,IIT Kanpur,http://www.cse.iitk.ac.in/users/nitin,1Yl1h_YAAAAJ
Niv Dayan,University of Toronto,https://nivdayan.net,16LSwPEAAAAJ
Nivan Ferreira,UFPE,http://www.cin.ufpe.br/~nivan,aXnmMnkAAAAJ
Nivan Ferreira Júnior,UFPE,https://www.cin.ufpe.br/~nivan,aXnmMnkAAAAJ
Nivan Roberto Ferreira Júnior,UFPE,https://www.cin.ufpe.br/~nivan,aXnmMnkAAAAJ
Nivio Ziviani,UFMG,http://homepages.dcc.ufmg.br/~nivio,OZ2ju_EAAAAJ
Nizamettin Aydin,Yıldız Technical University,https://www.ce.yildiz.edu.tr/personal/naydin?lang=en,JhyQcSIAAAAJ
Nizar Habash,NYU Abu Dhabi,https://www.nizarhabash.com,DGb-sBwAAAAJ
Noa Agmon,Bar-Ilan University,http://u.cs.biu.ac.il/~agmon,arDFD58AAAAJ
Noah A. Smith,University of Washington,https://www.cs.washington.edu/people/faculty/nasmith,TjdFs3EAAAAJ
Noah J. Cowan,Johns Hopkins University,https://limbs.lcsr.jhu.edu/,V6LJpwgAAAAJ
Noah M. Daniels,University of Rhode Island,https://homepage.cs.uri.edu/~ndaniels/,NOSCHOLARPAGE
Noah Snavely [Tech],Cornell University,http://www.cs.cornell.edu/~snavely,Db4BCX8AAAAJ
Noah Stephens-Davidowitz,Cornell University,http://www.noahsd.com,CmAC8DMAAAAJ
Noah Wardrip-Fruin,Univ. of California - Santa Cruz,https://engineering.ucsc.edu/people/nwf,8CHPFxYAAAAJ
Noam Hazon,Ariel University,http://www.ariel.ac.il/sites/noamh,Bb-VR9sAAAAJ
Noam Nisan,Hebrew University of Jerusalem,http://www.cs.huji.ac.il/~noam,zXQZPnMAAAAJ
Noam Rinetzky,Tel Aviv University,http://www.cs.tau.ac.il/~maon,LP53M3gAAAAJ
Noboru Kunihiro,University of Tokyo,https://www.k.u-tokyo.ac.jp/pros-e/person/noboru_kunihiro/noboru_kunihiro.htm,qYVEJqEAAAAJ
Noboru Matsuda,North Carolina State University,https://people.engr.ncsu.edu/nmatsud,T7eGKqAAAAAJ
Nobuko Yoshida,Imperial College London,https://www.doc.ic.ac.uk/~yoshida,4T-p76AAAAAJ
Nobuo Yamashita,Kyoto University,http://www-optima.amp.i.kyoto-u.ac.jp/~nobuo/soran.html,NOSCHOLARPAGE
Nodari Sitchinava,University of Hawaii at Manoa,http://www2.hawaii.edu/~nodari,JjQ8xbQAAAAJ
Noel Schulz,Washington State University,https://president.wsu.edu/transition/meet-dr-noel-schulz,NOSCHOLARPAGE
Noelia Barreira,University of A Coruña,https://pdi.udc.es/en/File/Pdi/2829E,NOSCHOLARPAGE
Noelia Barreira-Rodríguez,University of A Coruña,https://pdi.udc.es/en/File/Pdi/2829E,NOSCHOLARPAGE
Noelia Sánchez-Maroño,University of A Coruña,https://pdi.udc.es/en/File/Pdi/UU49E,6wjamiwAAAAJ
Noemi de La Rocque Rodriguez,PUC-RIO,http://www.inf.puc-rio.br/~noemi,NOSCHOLARPAGE
Noga Ron-Zewi,University of Haifa,https://sites.google.com/site/nogaronzewi1,-XjJjWMAAAAJ
Noga Zewi,University of Haifa,https://sites.google.com/site/nogaronzewi1,-XjJjWMAAAAJ
Nohpill Park,Oklahoma State University,http://www.cs.okstate.edu/%7Enpark,NOSCHOLARPAGE
Nojun Kwak,Seoul National University,http://mipal.snu.ac.kr/index.php/Nojun_Kwak,h_8-1M0AAAAJ
Noman Mohammed,University of Manitoba,http://www.cs.umanitoba.ca/~noman,8xIFX4wAAAAJ
Noor Al-Máadeed,Qatar University,http://www.qu.edu.qa/offices/research/CAM/about/staff.php,NOSCHOLARPAGE
Noor Almaadeed,Qatar University,http://www.qu.edu.qa/offices/research/CAM/about/staff.php,NOSCHOLARPAGE
Noora Fetais,Qatar University,http://www.qu.edu.qa/engineering/computer/faculty/noora.php,NOSCHOLARPAGE
Nor Aniza Abdullah,University of Malaya,https://umexpert.um.edu.my/noraniza,zWZTnBwAAAAJ
Nor Badrul Anuar,University of Malaya,https://umexpert.um.edu.my/badrul,GLlE4Y8AAAAJ
Nor Liyana Bt Mohd Shuib,University of Malaya,https://umexpert.um.edu.my/liyanashuib,qXTI0QAAAAJ
Nor Liyana Mohd Shuib,University of Malaya,https://umexpert.um.edu.my/liyanashuib,qXTI0QAAAAJ
Nora Ayanian,Brown University,https://vivo.brown.edu/display/nayanian,ke2MEF0AAAAJ
Nora Houari,Concordia University,https://www.concordia.ca/encs/computer-science-software-engineering/faculty.html.html?fpid=nora-houari,NOSCHOLARPAGE
Nora McDonald,George Mason University,https://cs.gmu.edu/directory/detail/173/,u3BoLzgAAAAJ
Norbert Blum,University of Bonn,http://theory.cs.uni-bonn.de/blum/blum.var,NOSCHOLARPAGE
Norbert De Lange,University of Osnabrück,https://www.informatik.uni-osnabrueck.de/institut/personen.html,NOSCHOLARPAGE
Norbert Dojer,University of Warsaw,http://bioputer.mimuw.edu.pl,7tUyVPAAAAAJ
Norbert Fuhr,University of Duisburg-Essen,https://www.is.inf.uni-due.de/staff/fuhr.html,p53Ht7UAAAAJ
Norbert Gronau,University of Potsdam,https://lswi.de/lehrstuhl/personen/lehrstuhlinhaber/univ-prof-dr-ing-habil-norbert-gronau,FmSsSYwAAAAJ
Norbert Ritter,University of Hamburg,https://vsis-www.informatik.uni-hamburg.de/vsis/members/look/209,NOSCHOLARPAGE
Norbert Siegmund,University of Leipzig,https://sws.informatik.uni-leipzig.de/team,-DLjBbMAAAAJ
Norbert Th. Müller,University of Trier,https://www.uni-trier.de/?id=3591,NOSCHOLARPAGE
Norbert Wehn,TU Kaiserslautern,https://ems.eit.uni-kl.de/mitarbeiter/norbert-wehn,sJ9btGAAAAAJ
Norbert Zeh,Dalhousie University,https://web.cs.dal.ca/~nzeh,GoTWlmgAAAAJ
Nordine Melab,CRIStAL,http://cristal.univ-lille.fr/~melab,KqyNV8EAAAAJ
Noriko Arai,National Institute of Informatics,https://www.nii.ac.jp/en/faculty/society/arai_noriko/,NOSCHOLARPAGE
Noriko H. Arai,National Institute of Informatics,https://www.nii.ac.jp/en/faculty/society/arai_noriko/,NOSCHOLARPAGE
Noriko Hara,Indiana University,http://norikohara.org,l13_u9wAAAAJ
Noriko Kando,National Institute of Informatics,https://www.nii.ac.jp/en/faculty/society/kando_noriko/,IKVCQG8AAAAJ
Noriko Tomuro,DePaul University,http://condor.depaul.edu/~ntomuro,NOSCHOLARPAGE
Norio Katayama,National Institute of Informatics,https://www.nii.ac.jp/en/faculty/digital_content/katayama_norio/,NOSCHOLARPAGE
Norisma Binti Idris,University of Malaya,https://umexpert.um.edu.my/norisma,jCqXPzYAAAAJ
Norisma Idris,University of Malaya,https://umexpert.um.edu.my/norisma,jCqXPzYAAAAJ
Norm Matloff,Univ. of California - Davis,http://faculty.engineering.ucdavis.edu/matloff,NOSCHOLARPAGE
Norma G. Sutcliffe,DePaul University,http://condor.depaul.edu/mnakayam/Nakayama%20IandM%202005.pdf,NOSCHOLARPAGE
Norma Saiph Savage,West Virginia University,https://www.statler.wvu.edu/faculty-staff/faculty/saiph-savage,GHGHYZAAAAAJ
Norman C. Hutchinson,University of British Columbia,https://www.cs.ubc.ca/people/norm-hutchinson,NOSCHOLARPAGE
Norman E. Fenton,Queen Mary University of London,https://www.eecs.qmul.ac.uk/~norman,c_cQr4EAAAAJ
Norman Fenton,Queen Mary University of London,https://www.eecs.qmul.ac.uk/~norman,c_cQr4EAAAAJ
Norman I. Badler,University of Pennsylvania,https://www.cis.upenn.edu/~badler,e8e5qGcAAAAJ
Norman M. Sadeh,Carnegie Mellon University,http://www.normsadeh.org,If_k6LgAAAAJ
Norman Makoto Su,Univ. of California - Santa Cruz,https://users.soe.ucsc.edu/~normsu,eqs6v1wAAAAJ
Norman Ramsey,Tufts University,http://www.cs.tufts.edu/~nr,7QTGa98AAAAJ
Norman W. Paton,University of Manchester,http://www.cs.man.ac.uk/~norm,X-9OH6AAAAAJ
Normand Séguin,Université du Québec à Montréal,https://professeurs.uqam.ca/professeur/seguin.normand/,NOSCHOLARPAGE
Noseong Park,KAIST,https://sites.google.com/view/npark,VSuM3gYAAAAJ
Noson S. Yanofsky,CUNY,http://www.sci.brooklyn.cuny.edu/~noson/,UOzjMYkAAAAJ
Nour Ali,Brunel University London,https://www.brunel.ac.uk/people/nour-ali,vPCf98oAAAAJ
Nour Hussein,Brunel University London,https://www.brunel.ac.uk/people/nour-ali,vPCf98oAAAAJ
Noura Al Moubayed,Durham University,https://www.dur.ac.uk/computer.science/staff/profile/?id=14675,GHecv14AAAAJ
Nouredine Melab,CRIStAL,http://cristal.univ-lille.fr/~melab,KqyNV8EAAAAJ
Novella Bartolini,Sapienza University of Rome,https://sites.google.com/view/novellabartolini,VlgfXG4AAAAJ
Novi Quadrianto,University of Sussex,http://www.sussex.ac.uk/informatics/people/peoplelists/person/335583,I-rLzGcAAAAJ
Nukada Akira,Tokyo Institute of Technology,https://nrid.nii.ac.jp/nrid/1000040545688,vjE9JnYAAAAJ
Nuno Bandeira,Univ. of California - San Diego,https://cseweb.ucsd.edu/~nbandeir,dufShEsAAAAJ
Nuno C. G. Horta,Universidade de Lisboa,http://www.it.pt/person_detail_p.asp?id=426,IVjOUCcAAAAJ
Nuno C. Garcia,Universidade de Lisboa,https://ciencias.ulisboa.pt/en/perfil/nrgarcia,HhCz7nIAAAAJ
Nuno Cavaco Gomes Horta,Universidade de Lisboa,http://www.it.pt/person_detail_p.asp?id=426,IVjOUCcAAAAJ
Nuno Correia 0001,Universidade NOVA de Lisboa,http://www-ctp.di.fct.unl.pt/~nmc,w7cia2AAAAAJ
Nuno Cruz Garcia,Universidade de Lisboa,https://ciencias.ulisboa.pt/en/perfil/nrgarcia,HhCz7nIAAAAJ
Nuno Filipe Valentim Roma,Universidade de Lisboa,http://sips.inesc-id.pt/~nfvr,iDxEJwIAAAAJ
Nuno Horta,Universidade de Lisboa,http://www.it.pt/person_detail_p.asp?id=426,IVjOUCcAAAAJ
Nuno J. Mamede,Universidade de Lisboa,https://www.l2f.inesc-id.pt/wiki/index.php/Nuno_Mamede,7Kou6lkAAAAJ
Nuno Jardim Nunes,Universidade de Lisboa,https://fenix.tecnico.ulisboa.pt/homepage/ist132720,hslIW4UAAAAJ
Nuno João Neves Mamede,Universidade de Lisboa,https://www.l2f.inesc-id.pt/wiki/index.php/Nuno_Mamede,7Kou6lkAAAAJ
Nuno M. Preguiça,Universidade NOVA de Lisboa,http://asc.di.fct.unl.pt/~nmp,ldiuDWsAAAAJ
Nuno Nunes 0001,Universidade de Lisboa,https://fenix.tecnico.ulisboa.pt/homepage/ist132720,hslIW4UAAAAJ
Nuno P. Lopes,Universidade de Lisboa,https://web.ist.utl.pt/nuno.lopes/,DQnsjaoAAAAJ
Nuno Roma,Universidade de Lisboa,http://sips.inesc-id.pt/~nfvr,iDxEJwIAAAAJ
Nuno Santos 0001,Universidade de Lisboa,https://imm.medicina.ulisboa.pt/en/investigacao/labs/santos-nuno-c-lab,ZGgyTywAAAAJ
Nuno Vasconcelos,Univ. of California - San Diego,http://www.svcl.ucsd.edu/~nuno,Fykyo9gAAAAJ
Nurit Haspel,University of Massachusetts Boston,http://www.cs.umb.edu/~nurith,xTjiOloAAAAJ
Nutan Limaye,IT University of Copenhagen,https://pure.itu.dk/da/persons/nutan-limaye,r8r6g-0AAAAJ
Nysret Musliu,TU Wien,https://informatics.tuwien.ac.at/people/nysret-musliu,35owm6EAAAAJ
Næhyuck Chang,KAIST,http://www.cad4x.kaist.ac.kr/professor,w0uiMd4AAAAJ
