name,affiliation,homepage,scholarid
L. C. Verbrugge,University of Groningen,http://www.ai.rug.nl/~rineke,p6lcxiMAAAAJ
L. Darrell Whitley,Colorado State University,http://www.cs.colostate.edu/~whitley,NOSCHOLARPAGE
L. Gwenn Volkert,Kent State University,http://www.cs.kent.edu/~volkert,NOSCHOLARPAGE
L. Jean Camp,Indiana University,http://ljean.com,wJPGa2IAAAAJ
L. Miguel Silveira,Universidade de Lisboa,http://algos.inesc-id.pt/~lms,NOSCHOLARPAGE
L. Ridgway Scott,University of Chicago,http://people.cs.uchicago.edu/~ridg,gBefoakAAAAJ
L. Sunil Chandran,IISc Bangalore,http://www.csa.iisc.ac.in/~sunil,020isz4AAAAJ
Laci Babai,University of Chicago,http://people.cs.uchicago.edu/~laci,NOSCHOLARPAGE
Ladislau Bölöni,University of Central Florida,http://www.cs.ucf.edu/~lboloni,NOSCHOLARPAGE
Ladislav Kavan,University of Utah,https://www.cs.utah.edu/~ladislav,6YTlV5oAAAAJ
Laetitia Jourdan,CRIStAL,http://cristal.univ-lille.fr/~jourdan,HEUAUJkAAAAJ
Laetitia Vermeulen-Jourdan,CRIStAL,http://cristal.univ-lille.fr/~jourdan,HEUAUJkAAAAJ
Lahcen Ouarbya,Goldsmiths University of London,https://www.gold.ac.uk/computing/staff/l-ouarbya,NOSCHOLARPAGE
Lai-Wan Chan,Chinese University of Hong Kong,http://www.cse.cuhk.edu.hk/~lwchan,9z_5eo8AAAAJ
Laila Nassef,King Abdulaziz University,http://www.kau.edu.sa/Contacts.aspx?Site_ID=611&Lng=EN&Cont=17753,NOSCHOLARPAGE
Laiwan Chan,Chinese University of Hong Kong,http://www.cse.cuhk.edu.hk/~lwchan,9z_5eo8AAAAJ
Laizhong Cui,Shenzhen University,http://csse.szu.edu.cn/staff/cuilz,cb8kYbUAAAAJ
Lajos Hanzo,University of Southampton,https://www.ecs.soton.ac.uk/people/hanzo,p0jnEW0AAAAJ
Laks V. S. Lakshmanan,University of British Columbia,https://www.cs.ubc.ca/~laks,_RCsaOsAAAAJ
Lakshmi Subramanian,New York University,https://cs.nyu.edu/~lakshmi/Lakshmi/Home.html,sNeVyqoAAAAJ
Lakshminarayanan Subramanian,New York University,https://cs.nyu.edu/~lakshmi/Lakshmi/Home.html,sNeVyqoAAAAJ
Lakshmish Ramaswamy,University of Georgia,http://cobweb.cs.uga.edu/~laks,I6RpLrkAAAAJ
Lale Akarun,Boğaziçi University,https://www.cmpe.boun.edu.tr/~akarun/doku.php,MybhMyUAAAAJ
Lale Özkahya,Hacettepe University,https://web.cs.hacettepe.edu.tr/~ozkahya,1GKiDzwAAAAJ
Lam For Kwok,City University of Hong Kong,https://www.cs.cityu.edu.hk/~lfkwok,NOSCHOLARPAGE
Lam-for Kwok,City University of Hong Kong,https://www.cs.cityu.edu.hk/~lfkwok,NOSCHOLARPAGE
Lambros Lambrinos,Cyprus University of Technology,https://www.cut.ac.cy/faculties/comm/cis/staff/lambros.lambrinos/?languageId=1,NOSCHOLARPAGE
Lamiaa A. Elrefaei,King Abdulaziz University,http://www.kau.edu.sa/Contacts.aspx?Site_ID=611&Lng=EN&Cont=17754,lhzoMp8AAAAJ
Lamya Daghestani,King Abdulaziz University,http://www.kau.edu.sa/Contacts.aspx?Site_ID=611&Lng=EN&Cont=8941,dIUKgS4AAAAJ
Lan Wang,University of Memphis,https://www.memphis.edu/cs/people/faculty_pages/lan-wang.php,o_hq28oAAAAJ
Lan Zhang,USTC,http://cs.ustc.edu.cn/szdw/bdjs/201609/t20160923_254536.html,PlaLCmwAAAAJ
Lan Zhang 0002,USTC,http://cs.ustc.edu.cn/2016/0923/c3050a23918/page.htm,83QxmA8AAAAJ
Lan-Da Van,National Chiao Tung University,http://www.cs.nctu.edu.tw/~ldvan,qbTpOVsAAAAJ
Lana Yarosh,University of Minnesota,http://lanayarosh.com,n6bjh24AAAAJ
Lance Fortnow,Illinois Institute of Technology,http://www.cc.gatech.edu/people/lance-fortnow,Yf5wVssAAAAJ
Lance R. Williams,University of New Mexico,https://www.cs.unm.edu/~williams,OJBW1aUAAAAJ
Lance Williams,University of New Mexico,https://www.cs.unm.edu/~williams,OJBW1aUAAAAJ
Lane A. Hemachandra,University of Rochester,http://www.cs.rochester.edu/~lane,_LsUHeoAAAAJ
Lane A. Hemaspaandra,University of Rochester,http://www.cs.rochester.edu/~lane,_LsUHeoAAAAJ
Lane Harrison,Worcester Polytechnic Institute,http://web.cs.wpi.edu/~ltharrison,0RPdShUAAAAJ
Lane P. Hughston,Goldsmiths University of London,https://www.gold.ac.uk/computing/people/hughston-lane,ASy_EF4AAAAJ
Lane T. Harrison,Worcester Polytechnic Institute,http://web.cs.wpi.edu/~ltharrison,0RPdShUAAAAJ
Langis Roy,Ontario Tech University,https://engineering.ontariotechu.ca/people/ecse/langis.roy.php,NOSCHOLARPAGE
Lannan Luo,University of South Carolina,https://cse.sc.edu/~lluo,JPXjw04AAAAJ
Lantao Liu,Indiana University,http://homes.sice.indiana.edu/lantao,L5dHk5cAAAAJ
Lap Chi Lau,University of Waterloo,https://cs.uwaterloo.ca/~lapchi,umOOMzsAAAAJ
Lap-Fai Craig Yu,George Mason University,http://www.cs.umb.edu/~craigyu,p_Un9ssAAAAJ
Lap-Fai Yu,George Mason University,http://www.cs.umb.edu/~craigyu,p_Un9ssAAAAJ
Larisa N. Soldatova,Goldsmiths University of London,https://www.gold.ac.uk/computing/people/soldatova-larisa,wUFUS-oAAAAJ
Larissa A. Meinicke,University of Queensland,http://researchers.uq.edu.au/researcher/644,oMK7xR4AAAAJ
Larissa Meinicke,University of Queensland,http://researchers.uq.edu.au/researcher/644,oMK7xR4AAAAJ
Larry A. Finkelstein,Northeastern University,http://www.ccis.northeastern.edu/people/larry-finkelstein,I4iKZSkAAAAJ
Larry B. Holder,Washington State University,http://www.eecs.wsu.edu/~holder,SjPX43QAAAAJ
Larry Birnbaum,Northwestern University,http://www.mccormick.northwestern.edu/research-faculty/directory/profiles/birnbaum-larry.html,vxmUoXEAAAAJ
Larry Carter,Univ. of California - San Diego,https://cseweb.ucsd.edu/~carter,NOSCHOLARPAGE
Larry Cheng,Oregon State University,http://eecs.oregonstate.edu/people/cheng-larry,lhw-EFMAAAAJ
Larry Davis 0001,University of Maryland - College Park,http://www.umiacs.umd.edu/~lsd,lc0ARagAAAAJ
Larry F. Hodges,Clemson University,http://people.clemson.edu/~lfh,plbm7ncAAAAJ
Larry Henschen,Northwestern University,http://www.mccormick.northwestern.edu/research-faculty/directory/profiles/henschen-larry.html,NOSCHOLARPAGE
Larry Hill,Rochester Institute of Technology,https://www.rit.edu/gccis/larry-hill,NOSCHOLARPAGE
Larry Holder,Washington State University,http://www.eecs.wsu.edu/~holder,SjPX43QAAAAJ
Larry Kerschberg,George Mason University,http://mason.gmu.edu/~kersch,NOSCHOLARPAGE
Larry L. Peterson,University of Arizona,https://www.cs.arizona.edu/~llp,hmq4rGIAAAAJ
Larry Latour,University of Maine,https://umaine.edu/cs,NOSCHOLARPAGE
Larry S. Davis,University of Maryland - College Park,http://www.umiacs.umd.edu/~lsd,lc0ARagAAAAJ
Larry Stillman,Monash University,http://monash.edu/research/explore/en/persons/larry-stillman(0e852ee0-bced-4b17-ba84-8b5defb30293).html,2J5mNZ0AAAAJ
Larry Wasserman,Carnegie Mellon University,http://www.stat.cmu.edu/~larry,XcD1ffwAAAAJ
Lars Arge,Aarhus University,http://cs.au.dk/~large,MgdxxbAAAAAJ
Lars Bengtsson,Chalmers/GU,https://www.chalmers.se/en/staff/Pages/labe.aspx,NOSCHOLARPAGE
Lars Birkedal,Aarhus University,http://cs.au.dk/~birke,1rW-bi0AAAAJ
Lars C. Wolf,TU Braunschweig,https://www.ibr.cs.tu-bs.de/users/wolf,XCvtyc4AAAAJ
Lars Christian Wolf,TU Braunschweig,https://www.ibr.cs.tu-bs.de/users/wolf,XCvtyc4AAAAJ
Lars Grunske,Humboldt University of Berlin,http://www.informatik.hu-berlin.de/de/forschung/gebiete/SE,tXYPtDgAAAAJ
Lars Hedrich,Goethe University Frankfurt,http://www.em.cs.uni-frankfurt.de/index.php?id=24&team=2&cHash=59b36835fc4a27500f786c83279706c0,NOSCHOLARPAGE
Lars Kai Hansen,DTU,https://www.compute.dtu.dk/english,NOSCHOLARPAGE
Lars Kulik,University of Melbourne,http://www.findanexpert.unimelb.edu.au/display/person97563,3kVu88AAAAAJ
Lars Linsen,University of Münster,https://www.uni-muenster.de/VISIX/linsen.shtml,3YRfrpsAAAAJ
Lars Mikelsons,University of Augsburg,https://www.informatik.uni-augsburg.de/lehrstuehle/imech/Team,NOSCHOLARPAGE
Lars Nagel 0001,Loughborough University,https://www.lboro.ac.uk/departments/compsci/staff/academic-teaching/lars-nagel,9z7L6NQAAAAJ
Lars Oestreicher,Uppsala University,https://katalog.uu.se/empinfo/?id=XX3662,PBwBAzQAAAAJ
Lars R. Knudsen,DTU,https://www.compute.dtu.dk/english,NOSCHOLARPAGE
Lars Ramkilde Knudsen,DTU,https://www.compute.dtu.dk/english,NOSCHOLARPAGE
Lars Ruthotto,Emory University,http://www.mathcs.emory.edu/faculty-member.php?name=Lars-Ruthotto,EaBF6r0AAAAJ
Lars Schmidt-Thieme,University of Hildesheim,https://www.ismll.uni-hildesheim.de/personen/lst.html,l3taTdYAAAAJ
Lars Svensson,Chalmers/GU,https://www.chalmers.se/en/staff/Pages/lars-svensson.aspx,NOSCHOLARPAGE
Lars-Åke Norden,Uppsala University,http://www.it.uu.se/katalog/lln,bW_EJ8cAAAAJ
Lars-Henrik Eriksson,Uppsala University,http://www.it.uu.se/katalog/lhe,95JnemoAAAAJ
Lásaro J. Camargos,UFU,http://www.ppgco.facom.ufu.br/pt-br/pessoas/lasaro-jonas-camargos,ZTKP1OwAAAAJ
Lásaro Jonas Camargos,UFU,http://www.ppgco.facom.ufu.br/pt-br/pessoas/lasaro-jonas-camargos,ZTKP1OwAAAAJ
Lasse Engbo Christiansen,DTU,https://www.compute.dtu.dk/english,NOSCHOLARPAGE
Lasse Natvig,NTNU,https://www.ntnu.edu/employees/lasse.natvig,21EFqlYAAAAJ
László Babai,University of Chicago,http://people.cs.uchicago.edu/~laci,NOSCHOLARPAGE
László Egri,Indiana State University,http://cs.indstate.edu/~legri,NOSCHOLARPAGE
Laszlo Erdös,IST Austria,https://ist.ac.at/research/research-groups/erdoes-group,T61lMmsAAAAJ
Lata Narayanan,Concordia University,http://www.cs.concordia.ca/~lata,sY3us-kAAAAJ
Latifur Khan,University of Texas at Dallas,https://www.utdallas.edu/~lkhan,7nERaWEAAAAJ
Latifur R. Khan,University of Texas at Dallas,https://www.utdallas.edu/~lkhan,7nERaWEAAAAJ
Lauge Sørensen,University of Copenhagen,http://image.diku.dk/lauges,ZWZ0yiEAAAAJ
Laura A. Dabbish,Carnegie Mellon University,http://www.lauradabbish.com,DdNAgNwAAAAJ
Laura Alonso Alemany,Universidad Nacional de Córdoba,https://cs.famaf.unc.edu.ar/~laura,ZhbejRkAAAAJ
Laura Balzano,University of Michigan,https://web.eecs.umich.edu/~girasole,X6fRNfUAAAAJ
Laura Bocchi,University of Kent,https://www.cs.kent.ac.uk/people/staff/lb514,R_QSej4AAAAJ
Laura Brandán Briones,Universidad Nacional de Córdoba,https://www.famaf.unc.edu.ar/archivo/perfiles/lbrandan,NOSCHOLARPAGE
Laura Dabbish,Carnegie Mellon University,http://www.lauradabbish.com,DdNAgNwAAAAJ
Laura Dietz,University of New Hampshire,http://www.cs.unh.edu/~dietz,IIXpJ8oAAAAJ
Laura Diosan,Babeș-Bolyai University,http://www.cs.ubbcluj.ro/~lauras,vkTFEd4AAAAJ
Laura E. Brown,Michigan Technological University,http://www.cs.mtu.edu/~lebrown,fi756TwAAAAJ
Laura Galli,University of Pisa,http://www.di.unipi.it/~galli,55RZxbQAAAAJ
Laura Hollink,CWI,http://homepages.cwi.nl/~hollink,T6b4scsAAAAJ
Laura Ildikó Kovács,TU Wien,https://forsyte.at/people/kovacs,X4K5SpIAAAAJ
Laura K. Dillon,Michigan State University,http://www.cse.msu.edu/~ldillon,NOSCHOLARPAGE
Laura Kovacs,TU Wien,https://forsyte.at/people/kovacs,X4K5SpIAAAAJ
Laura Kovács,TU Wien,https://forsyte.at/people/kovacs,X4K5SpIAAAAJ
Laura Leal-Taixé,TU Munich,https://dvl.in.tum.de/team/lealtaixe,tT2TC-UAAAAJ
Laura M. Castro,University of A Coruña,http://www.madsgroup.org/staff/laura,uWBv3OMAAAAJ
Laura M. Haas,University of Massachusetts Amherst,http://www.umass.edu/newsoffice/article/longtime-ibm-researcher-laura-m-haas-named,e9qUUSgAAAAJ
Laura Moran-Fernandez,University of A Coruña,https://pdi.udc.es/en/File/Pdi/B439H,QmrFgeYAAAAJ
Laura Morán-Fernández,University of A Coruña,https://pdi.udc.es/en/File/Pdi/B439H,QmrFgeYAAAAJ
Laura Pozzi,Università della Svizzera italiana,http://www.inf.usi.ch/faculty/pozzi,q59L86wAAAAJ
Laura Ricci,University of Pisa,http://www.di.unipi.it/~ricci,ODbzAR4AAAAJ
Laura Ruotsalainen,University of Helsinki,https://researchportal.helsinki.fi/en/persons/laura-ruotsalainen,oKWnTMgAAAAJ
Laura Semini,University of Pisa,http://www.di.unipi.it/~semini,NOSCHOLARPAGE
Laura Waller,Univ. of California - Berkeley,https://www2.eecs.berkeley.edu/Faculty/Homepages/waller.html,aPxDp7wAAAAJ
Laura-Silvia Diosan,Babeș-Bolyai University,http://www.cs.ubbcluj.ro/~lauras,vkTFEd4AAAAJ
Laure Daviaud,Ecole Normale Superieure de Lyon,http://perso.ens-lyon.fr/laure.daviaud,566YXhkAAAAJ
Laure Gonnord,Ecole Normale Superieure de Lyon,http://laure.gonnord.org/pro,DmA3SakAAAAJ
Laure Thompson,University of Massachusetts Amherst,http://www.cs.cornell.edu/~laurejt,qOT_38cAAAAJ
Laurel D. Riek,Univ. of California - San Diego,https://cseweb.ucsd.edu/~lriek,W6zy3tkAAAAJ
Laurel Dawn Riek,Univ. of California - San Diego,https://cseweb.ucsd.edu/~lriek,W6zy3tkAAAAJ
Lauren Wilcox,Georgia Institute of Technology,http://laurenwilcox.net,Y2HTFXAAAAAJ
Laurence D. Merkle,Air Force Institute of Technology,http://afit.academia.edu/xphileprof,NOSCHOLARPAGE
Laurence Dooley,Open University UK,http://stem.open.ac.uk/people/lsd3#tab2,NOSCHOLARPAGE
Laurence Duchien,CRIStAL,http://chercheurs.lille.inria.fr/~duchien,wwofzdYAAAAJ
Laurence Robert Tratt,King's College London,https://www.kcl.ac.uk/people/laurence-tratt,_iWWkmIAAAAJ
Laurence Rodrigues do Amaral,UFU,http://www.ppgco.facom.ufu.br/pt-br/pessoas/laurence-rodrigues-amaral,vT0a-8sAAAAJ
Laurence S. Dooley,Open University UK,http://stem.open.ac.uk/people/lsd3#tab2,NOSCHOLARPAGE
Laurence Tratt,King's College London,https://www.kcl.ac.uk/people/laurence-tratt,_iWWkmIAAAAJ
Laurent D. Michel,University of Connecticut,http://www.engr.uconn.edu/~ldm,njNdGR0AAAAJ
Laurent Doyen 0001,Ecole Normale Superieure de Cachan,http://www.lsv.ens-cachan.fr/~doyen/publications.html,t77pcVUAAAAJ
Laurent El Ghaoui,Univ. of California - Berkeley,http://people.eecs.berkeley.edu/~elghaoui,3XLQbL8AAAAJ
Laurent Fribourg,Ecole Normale Superieure de Cachan,http://www.lsv.ens-cachan.fr/~fribourg,ivNbnaYAAAAJ
Laurent Grisoni,CRIStAL,https://www.cristal.univ-lille.fr/profil/grisoni,38F4-JIAAAAJ
Laurent Hébert-Dufresne,University of Vermont,http://www.uvm.edu/cems/cs/profiles/laurent-hebert-dufresne,LdkfcuwAAAAJ
Laurent Itti,University of Southern California,http://ilab.usc.edu/itti,xhUvqK8AAAAJ
Laurent Lefèvre,Ecole Normale Superieure de Lyon,http://perso.ens-lyon.fr/laurent.lefevre,c7L9_mcAAAAJ
Laurent Lessard,University of Wisconsin - Madison,http://www.laurentlessard.com,5PBPqeQAAAAJ
Laurent Michel,University of Connecticut,http://www.engr.uconn.edu/~ldm,njNdGR0AAAAJ
Laurent Noé,CRIStAL,https://www.cristal.univ-lille.fr/profil/noe,PtgUoRIAAAAJ
Laurent Thévenoux,Ecole Normale Superieure de Lyon,http://www.ens-lyon.fr/annuaire/m-thevenoux-laurent-261284.kjsp?RH=ENS-LYON,NOSCHOLARPAGE
Laurent Vanbever,ETH Zurich,https://nsg.ee.ethz.ch,uyCsSAEAAAAJ
Lauri Malmi,Aalto University,http://www.cs.hut.fi/~lma,uKJ_WV4AAAAJ
Lauri Savioja,Aalto University,https://mediatech.aalto.fi/~las,wTfO6z0AAAAJ
Laurie A. Williams,North Carolina State University,http://collaboration.csc.ncsu.edu/laurie,Cln2viUAAAAJ
Laurie P. Dringus,Nova Southeastern University,https://cec.nova.edu/faculty/dringus.html,NOSCHOLARPAGE
Laurie Williams,North Carolina State University,http://collaboration.csc.ncsu.edu/laurie,Cln2viUAAAAJ
Lav R. Varshney,Univ. of Illinois at Urbana-Champaign,http://varshney.web.engr.illinois.edu,JIJGu30AAAAJ
Lav Raj Varshney,Univ. of Illinois at Urbana-Champaign,http://varshney.web.engr.illinois.edu,JIJGu30AAAAJ
Lavika Goel,BITS Pilani,http://www.bits-pilani.ac.in/pilani/lavikagoel/profile,S9hsnNoAAAAJ
Lawrence B. Holder,Washington State University,http://www.eecs.wsu.edu/~holder,SjPX43QAAAAJ
Lawrence Birnbaum,Northwestern University,http://www.mccormick.northwestern.edu/research-faculty/directory/profiles/birnbaum-larry.html,vxmUoXEAAAAJ
Lawrence C. Paulson,University of Cambridge,https://www.cl.cam.ac.uk/~lp15,Sv1hcjEAAAAJ
Lawrence Carin,Duke University,http://people.ee.duke.edu/~lcarin,2nmHOtoAAAAJ
Lawrence Cavedon,RMIT University,https://www.rmit.edu.au/contact/staff-contacts/academic-staff/c/cavedon-associate-professor-lawrence,ZAEiiEUAAAAJ
Lawrence Chung,University of Texas at Dallas,http://www.utdallas.edu/~chung,pFRPgsIAAAAJ
Lawrence E. Hunter,University of Colorado Boulder,https://www.colorado.edu/cs/lawrence-hunter,58cKLg4AAAAJ
Lawrence Hall,University of South Florida,http://www.usf.edu/engineering/cse/people/hall-lawrence.aspx,AKHplAUAAAAJ
Lawrence Holder,Washington State University,http://www.eecs.wsu.edu/~holder,SjPX43QAAAAJ
Lawrence Hunter,University of Colorado Boulder,https://www.colorado.edu/cs/lawrence-hunter,58cKLg4AAAAJ
Lawrence J. Cavedon,RMIT University,https://www.rmit.edu.au/contact/staff-contacts/academic-staff/c/cavedon-associate-professor-lawrence,ZAEiiEUAAAAJ
Lawrence J. Henschen,Northwestern University,http://www.mccormick.northwestern.edu/research-faculty/directory/profiles/henschen-larry.html,NOSCHOLARPAGE
Lawrence K. Saul,Univ. of California - San Diego,http://cseweb.ucsd.edu/~saul,Hft_8cgAAAAJ
Lawrence L. Larmore,University of Nevada Las Vegas,http://web.cs.unlv.edu/larmore,_mRgp6cAAAAJ
Lawrence Mitchell,Durham University,https://www.dur.ac.uk/computer.science/staff/profile/?id=17243,GfzjtHEAAAAJ
Lawrence Rauchwerger,Univ. of Illinois at Urbana-Champaign,https://parasollab.web.illinois.edu/people/rwerger,ronge0AAAAAJ
Lawrence S. Moss,Indiana University,https://iulg.sitehost.iu.edu/moss,9XDfKqYAAAAJ
Lawson L. S. Wong,Northeastern University,http://www.ccs.neu.edu/home/lsw,MbDzOP0AAAAJ
Laxmi N. Bhuyan,Univ. of California - Riverside,http://www.cs.ucr.edu/~bhuyan,NOSCHOLARPAGE
Laxmi Narayan Bhuyan,Univ. of California - Riverside,http://www.cs.ucr.edu/~bhuyan,NOSCHOLARPAGE
Laxmi P. Gewali,University of Nevada Las Vegas,http://www.egr.unlv.edu/~laxmi,NOSCHOLARPAGE
Laxmikant V. Kalé,Univ. of Illinois at Urbana-Champaign,http://charm.cs.uiuc.edu/~kale,TPOorDcAAAAJ
Laxminarayana S. Pillutla,DAIICT,http://intranet.daiict.ac.in/~laxminarayana_pillutla,_0RzZvAAAAAJ
Layne T. Watson,Virginia Tech,http://people.cs.vt.edu/~ltw/shortvita.html,NOSCHOLARPAGE
Lazaros F. Merakos,University of Athens,http://cnl.di.uoa.gr/merakos,H5xlwE4AAAAJ
Le Gruenwald,University of Oklahoma,http://www.ou.edu/coe/cs/people/gruenwald,NOSCHOLARPAGE
Le Guan,University of Georgia,https://guanle.org,gz-6ugcAAAAJ
Le Song,Georgia Institute of Technology,http://www.cc.gatech.edu/~lsong,Xl4E0CsAAAAJ
Le Sun 0001,Chinese Academy of Sciences,http://www.icip.org.cn/team/sunle,6bFNhtwAAAAJ
Lea Frermann,University of Melbourne,http://www.frermann.de,y3l6y4IAAAAJ
Leah Findlater,University of Washington,http://faculty.washington.edu/leahkf,NeDnx2EAAAAJ
Leana Golubchik,University of Southern California,http://bourbon.usc.edu/leana,2gpXz3IAAAAJ
Leandro A. F. Fernandes,UFF,http://www2.ic.uff.br/~laffernandes,4OcyYJ4AAAAJ
Leandro A. Villas,UNICAMP,http://www.ic.unicamp.br/~leandro,7ZTnzxQAAAAJ
Leandro Aparecido Villas,UNICAMP,http://www.ic.unicamp.br/~leandro,7ZTnzxQAAAAJ
Leandro Augusto Frata Fernandes,UFF,http://www2.ic.uff.br/~laffernandes,4OcyYJ4AAAAJ
Leandro Krug Wives,UFRGS,http://www.inf.ufrgs.br/~wives,VV5p1EEAAAAJ
Leandro L. Minku,University of Birmingham,https://www.birmingham.ac.uk/staff/profiles/computer-science/minku-leandro.aspx,meC54dkAAAAJ
Leandro Marín,University of Murcia,http://webs.um.es/leandro/miwiki/doku.php,7l_3V7cAAAAJ
Leandro Marín Muñoz,University of Murcia,http://webs.um.es/leandro/miwiki/doku.php,7l_3V7cAAAAJ
Leandro Soares Indrusiak,University of York,https://www-users.cs.york.ac.uk/~lsi,f1PUDsEAAAAJ
Leandro Soriano Marcolino,Lancaster University,https://www.lancaster.ac.uk/scc/about-us/people/leandro-soriano-marcolino,PBzg9G4AAAAJ
Leandro Villas,UNICAMP,http://www.ic.unicamp.br/~leandro,7ZTnzxQAAAAJ
Leandros Tassiulas,Yale University,http://seas.yale.edu/faculty-research/faculty-directory/leandros-tassiulas,9qtgcZ8AAAAJ
Lech Szymanski,University of Otago,http://www.cs.otago.ac.nz/staff/Lech_Szymanski,P8aMU9AAAAAJ
Lee A. D. Cooper,Emory University,http://www.bmi.emory.edu/leecooper,vEUDBkYAAAAJ
Lee A. Hollaar,University of Utah,http://www.cs.utah.edu/~hollaar,NOSCHOLARPAGE
Lee D. Coraor,Pennsylvania State University,http://www.eecs.psu.edu/departments/faculty-staff-list.aspx,NOSCHOLARPAGE
Lee Gillam,University of Surrey,https://www.surrey.ac.uk/people/lee-gillam,8GJC9fAAAAAJ
Lee John Eccleston,University of Edinburgh,http://www.ed.ac.uk/clinical-sciences/pain-management,NOSCHOLARPAGE
Lee-Ad Gottlieb,Ariel University,http://www.cs.nyu.edu/~adi,HV6OPfcAAAAJ
Leen-Kiat Soh,University of Nebraska,http://cse.unl.edu/~lksoh,Q-UHlQ0AAAAJ
Leender van der Torre,University of Luxembourg,http://icr.uni.lu/leonvandertorre,kRoU8dEAAAAJ
Leendert W. N. van der Torre,University of Luxembourg,http://icr.uni.lu/leonvandertorre,kRoU8dEAAAAJ
Leendert van der Torre,University of Luxembourg,http://icr.uni.lu/leonvandertorre,kRoU8dEAAAAJ
Leenkiat Soh,University of Nebraska,http://cse.unl.edu/~lksoh,Q-UHlQ0AAAAJ
Lefteris Kokoris-Kogias,IST Austria,https://ist.ac.at/en/research/kokoris-group,7TOIlqkAAAAJ
Lei Bu,Nanjing University,http://cs.nju.edu.cn/bulei,NOSCHOLARPAGE
Lei Chen 0002,HKUST,https://www.cse.ust.hk/~leichen,gtglwgYAAAAJ
Lei Guo 0002,NWPU,https://teacher.nwpu.edu.cn/en/guolei.html,NOSCHOLARPAGE
Lei Jiang 0001,Indiana University,http://homes.sice.indiana.edu/jiang60,1sXorAAAAAJ
Lei Jimmy Ba,University of Toronto,https://jimmylba.github.io,ymzxRhAAAAAJ
Lei Shi 0003,Durham University,https://www.dur.ac.uk/computer.science/staff/profile/?id=18349,t6vecXsAAAAJ
Lei Wang 0031,Shanghai Jiao Tong University,http://wanglei.crypto.sg,QvKutBkAAAAJ
Lei Wu 0012,Zhejiang University,https://person.zju.edu.cn/lei_wu,xOVpf1sAAAAJ
Lei Xie 0001,NWPU,http://lxie.nwpu-aslp.org/index.htm,NOSCHOLARPAGE
Lei Xie 0004,Nanjing University,http://cs.nju.edu.cn/lxie,aZFCUpcAAAAJ
Lei Xie 0006,CUNY,http://compsci.hunter.cuny.edu/~leixie,CujCxdYAAAAJ
Lei Xu 0001,Shanghai Jiao Tong University,http://www.cs.sjtu.edu.cn/~lxu,rN2ny9kAAAAJ
Lei Xu 0003,Nanjing University,http://cs.nju.edu.cn/xulei,NOSCHOLARPAGE
Lei Yang 0001,University of Nevada,http://www.unr.edu/cse/people/faculty/yang,uztxAqsAAAAJ
Lei Yang 0025,The Hong Kong Polytechnic University,https://www4.comp.polyu.edu.hk/~csyanglei/#/pages/profile/about,rvlURhkAAAAJ
Lei Yu 0001,Binghamton University,http://www.cs.binghamton.edu/~lyu,bRCoY7EAAAAJ
Lei Zhang 0006,The Hong Kong Polytechnic University,https://www4.comp.polyu.edu.hk/~cslzhang,tAK5l1IAAAAJ
Lei Zou 0001,Peking University,http://www.icst.pku.edu.cn/intro/leizou/index.html,jZgjlGUAAAAJ
Leif Kobbelt,RWTH Aachen,https://www.graphics.rwth-aachen.de,eCsqoJgAAAAJ
Leif P. Kobbelt,RWTH Aachen,https://www.graphics.rwth-aachen.de,eCsqoJgAAAAJ
Leila Kosseim,Concordia University,https://users.encs.concordia.ca/~kosseim,nc2WmbsAAAAJ
Leila Musavian,University of Essex,https://www.essex.ac.uk/people/musav85708/leila-musavian,AcQ6zI0AAAAJ
Leïla Musavian,University of Essex,https://www.essex.ac.uk/people/musav85708/leila-musavian,AcQ6zI0AAAAJ
Leila Ribeiro,UFRGS,http://www.inf.ufrgs.br/~leila,gVbcXTQAAAAJ
Leila Ribeiro 0001,UFRGS,http://www.inf.ufrgs.br/~leila,gVbcXTQAAAAJ
Leila Ribeiro Korff,UFRGS,http://www.inf.ufrgs.br/~leila,gVbcXTQAAAAJ
Leila Taher,Graz University of Technology,https://www.tugraz.at/institute/bioinfo/institute/team,W2nzzwcAAAAJ
Leilani Battle,University of Maryland - College Park,http://cs.umd.edu/~leilani,9ghHK7sAAAAJ
Lein Harn,University of Missouri - Kansas City,https://sce.umkc.edu/about/directory/name/lein-harn-ph-d,2kNUXJcAAAAJ
Leishi Zhang,Middlesex University,http://www.cs.mdx.ac.uk/people/leishi-zhang,_JtL900AAAAJ
Leiting Chen,UESTC,http://en.uestc.edu.cn/index.php?m=content&c=index&a=show&catid=79&id=4736,NOSCHOLARPAGE
Leizhen Cai,Chinese University of Hong Kong,https://www.cse.cuhk.edu.hk/~lcai,NOSCHOLARPAGE
Lejla Batina,Radboud University,http://www.cs.ru.nl/~lejla,jsDgMzkAAAAJ
Leliane N. de Barros,USP,http://www.ime.usp.br/~leliane,CqqZ8b0AAAAJ
Leliane Nunes de Barros,USP,http://www.ime.usp.br/~leliane,CqqZ8b0AAAAJ
Len Adleman,University of Southern California,https://www.usc.edu/dept/molecular-science/fm-adleman.htm,NOSCHOLARPAGE
Lena Mashayekhy,University of Delaware,https://www.eecis.udel.edu/lena,b9gs2WYAAAAJ
Lena Peterson,Chalmers/GU,https://www.chalmers.se/en/staff/Pages/lenap.aspx,NOSCHOLARPAGE
Lenhart K. Schubert,University of Rochester,https://www.cs.rochester.edu/~schubert,NOSCHOLARPAGE
Lennart Johnsson,University of Houston,http://www2.cs.uh.edu/~johnsson,Sm6LugIAAAAJ
Lenore Blum,Carnegie Mellon University,http://www.cs.cmu.edu/~lblum,NOSCHOLARPAGE
Lenore Cowen,Tufts University,http://www.cs.tufts.edu/~cowen,TarR6_8AAAAJ
Lenore J. Cowen,Tufts University,http://www.cs.tufts.edu/~cowen,TarR6_8AAAAJ
Lenwood S. Heath,Virginia Tech,http://www.cs.vt.edu/~heath,9VDFIQoAAAAJ
Leo Bachmair,Stony Brook University,http://www3.cs.stonybrook.edu/~leo,UgKiJTsAAAAJ
Leo Bertossi,Carleton University,http://www.scs.carleton.ca/~bertossi,TeBUgNcAAAAJ
Leo Dorst,University of Amsterdam,https://staff.science.uva.nl/l.dorst,5sjd5F8AAAAJ
Leo Joskowicz,Hebrew University of Jerusalem,http://www.cs.huji.ac.il/~josko,PoyxglsAAAAJ
Leo Mark,Georgia Institute of Technology,https://pe.gatech.edu/executive-leadership-team/leo-mark-phd,NOSCHOLARPAGE
Leon A. Watts,University of Bath,http://www.cs.bath.ac.uk/Leon,NOSCHOLARPAGE
Leon Adam Watts,University of Bath,http://www.cs.bath.ac.uk/Leon,NOSCHOLARPAGE
Leon Bergen,Univ. of California - San Diego,http://ling.ucsd.edu/people/faculty/profiles/LeonBergen.html,0FclEuAAAAAJ
Leon Danon,University of Exeter,http://emps.exeter.ac.uk/computer-science/staff/ld450,KLeQTtEAAAAJ
Leon Derczynski,IT University of Copenhagen,https://pure.itu.dk/portal/en/persons/leon-derczynski(785a7089-e58e-4aaa-986d-ae0e615ba508).html,d8iwqa8AAAAJ
Léon J. M. Rothkrantz,TU Delft,https://www.tudelft.nl/ewi/over-de-faculteit/afdelingen/intelligent-systems/interactive-intelligence/people/current-group-members/leon-rothkrantz,YPXhqgUAAAAJ
Leon M. Tolbert,University of Tennessee,http://web.eecs.utk.edu/~tolbert,c7PEGQUAAAAJ
Leon Reznik,Rochester Institute of Technology,https://www.cs.rit.edu/~lr,GX_Iau8AAAAJ
Leon Strømberg-Derczynski,IT University of Copenhagen,https://pure.itu.dk/portal/en/persons/leon-derczynski(785a7089-e58e-4aaa-986d-ae0e615ba508).html,d8iwqa8AAAAJ
Leon Watts,University of Bath,http://www.cs.bath.ac.uk/Leon,NOSCHOLARPAGE
Leon van der Torre,University of Luxembourg,http://icr.uni.lu/leonvandertorre,kRoU8dEAAAAJ
Leonard J. Schulman,California Institute of Technology,http://www.cs.caltech.edu/~schulman,NOSCHOLARPAGE
Leonard M. Adleman,University of Southern California,https://www.usc.edu/dept/molecular-science/fm-adleman.htm,NOSCHOLARPAGE
Leonard Manzara,University of Calgary,http://contacts.ucalgary.ca/info/cpsc/profiles/102-3503,NOSCHOLARPAGE
Leonard Max Adleman,University of Southern California,https://www.usc.edu/dept/molecular-science/fm-adleman.htm,NOSCHOLARPAGE
Leonard McMillan,University of North Carolina,http://www.csbio.unc.edu/mcmillan/index.py,z6cJOmMAAAAJ
Leonard Pitt,Univ. of Illinois at Urbana-Champaign,https://cs.illinois.edu/directory/profile/pitt,GdYYuwoAAAAJ
Leonardo Aniello,University of Southampton,https://www.ecs.soton.ac.uk/people/la1e17,lZbsRvQAAAAJ
Leonardo B. Oliveira,UFMG,http://homepages.dcc.ufmg.br/~leob,YTEzpH0AAAAJ
Leonardo Barbosa e Oliveira,UFMG,http://homepages.dcc.ufmg.br/~leob,YTEzpH0AAAAJ
Leonardo Bobadilla,Florida International University,http://users.cis.fiu.edu/~jabobadi,-lKA19EAAAAJ
Leonardo Emmendorfer,Federal University of Rio Grande,http://www.leonardo.c3.furg.br,EHpCyU0AAAAJ
Leonardo G. P. Murta,UFF,http://www2.ic.uff.br/~leomurta,VEbJeB8AAAAJ
Leonardo Gresta Paulino Murta,UFF,http://www2.ic.uff.br/~leomurta,VEbJeB8AAAAJ
Leonardo Murta,UFF,http://www2.ic.uff.br/~leomurta,VEbJeB8AAAAJ
Leonardo Querzoni,Sapienza University of Rome,http://www.diag.uniroma1.it/users/leonardo%20querzoni,-_WFIJIAAAAJ
Leonardo R. Emmendorfer,Federal University of Rio Grande,http://www.leonardo.c3.furg.br,EHpCyU0AAAAJ
Leonardo Ramos Emmendorfer,Federal University of Rio Grande,http://www.leonardo.c3.furg.br,EHpCyU0AAAAJ
Leonel Augusto Sousa,Universidade de Lisboa,http://sips.inesc-id.pt/las,Xw4F4y0AAAAJ
Leonel Sousa,Universidade de Lisboa,http://sips.inesc-id.pt/las,Xw4F4y0AAAAJ
Leonid A. Levin,Boston University,http://www.cs.bu.edu/~lnd,qe_J1w4AAAAJ
Leonid Chindelevitch,Simon Fraser University,http://www.cs.sfu.ca/~leonid,hO01mTUAAAAJ
Leonid Gurvits,CUNY,https://www.ccny.cuny.edu/profiles/leonid-gurvits,aBofVRoAAAAJ
Leonid K. Reznik,Rochester Institute of Technology,https://www.cs.rit.edu/~lr,GX_Iau8AAAAJ
Leonid Kontorovich,Ben-Gurion University of the Negev,https://www.cs.bgu.ac.il/~karyeh,UNVQ5DsAAAAJ
Leonid Libkin,University of Edinburgh,http://homepages.inf.ed.ac.uk/libkin,4q-MIB0AAAAJ
Leonid Reyzin,Boston University,https://www.cs.bu.edu/~reyzin,1KRXBIwAAAAJ
Leonid Sazanov,IST Austria,https://ist.ac.at/research/research-groups/sazanov-group,njTNIzUAAAAJ
Leonid Sigal,University of British Columbia,https://www.cs.ubc.ca/~lsigal,Ywx45aQAAAAJ
Leonidas Fegaras,University of Texas at Arlington,http://lambda.uta.edu,NOSCHOLARPAGE
Leonidas J. Guibas,Stanford University,http://geometry.stanford.edu/member/guibas,5JlEyTAAAAAJ
Leonidas Lampropoulos,University of Maryland - College Park,https://www.cs.umd.edu/~llampro,JNUvp5kAAAAJ
Leonidas Palios,University of Ioannina,https://cs.uoi.gr/~palios,fk4I4B8AAAAJ
Leonor Barroca,Open University UK,http://stem.open.ac.uk/people/lmb3,hQXBcDoAAAAJ
Léonor Beccera-Bonache,Université Jean Monnet,http://perso.univ-st-etienne.fr/bele8436,NOSCHOLARPAGE
Leopoldo E. Bertossi,Carleton University,http://www.scs.carleton.ca/~bertossi,TeBUgNcAAAAJ
Leopoldo Teixeira,UFPE,http://www.cin.ufpe.br/~lmt,kCcCrNMAAAAJ
Lerina Aversano,University of Sannio,https://www.unisannio.it/it/users/lerina-aversano,j7iOkqsAAAAJ
Lerrel Pinto,New York University,https://cs.nyu.edu/~lp91,pmVPj94AAAAJ
Les A. Piegl,University of South Florida,http://www.piegl.com,yvA23lcAAAAJ
Les Carr,University of Southampton,https://www.ecs.soton.ac.uk/people/lac,OK59DcoAAAAJ
Leslie A. Henderson,University of Oxford,https://www.cs.ox.ac.uk/people/leslieann.goldberg,rXpctjYAAAAJ
Leslie Ann Goldberg,University of Oxford,https://www.cs.ox.ac.uk/people/leslieann.goldberg,rXpctjYAAAAJ
Leslie Carr,University of Southampton,https://www.ecs.soton.ac.uk/people/lac,OK59DcoAAAAJ
Leslie G. Valiant,Harvard University,http://people.seas.harvard.edu/~valiant,H509xdsAAAAJ
Leslie Gasser,Univ. of Illinois at Urbana-Champaign,https://ischool.illinois.edu/people/faculty/gasser,NOSCHOLARPAGE
Leslie Lander,Binghamton University,https://www.binghamton.edu/cs/people/lander.html,NOSCHOLARPAGE
Leslie Pack Kaelbling,Massachusetts Institute of Technology,http://people.csail.mit.edu/lpk,NOSCHOLARPAGE
Leszek Antoni Gasieniec,University of Liverpool,http://www.csc.liv.ac.uk/~leszek,TbQXQ7EAAAAJ
Leszek Gasieniec,University of Liverpool,http://www.csc.liv.ac.uk/~leszek,TbQXQ7EAAAAJ
Leszek Lilien,Western Michigan University,https://cs.wmich.edu/llilien,5iB3-eMAAAAJ
Leszek Pacholski,University of Wroclaw,https://www.ii.uni.wroc.pl/~pacholsk/index.phtml?lang=en,8U18-YQAAAAJ
Leszek T. Lilien,Western Michigan University,https://cs.wmich.edu/llilien,5iB3-eMAAAAJ
Letha H. Etzkorn,University of Alabama - Huntsville,http://www.cs.uah.edu/~letzkorn,_k0dq8QAAAAJ
Letizia Jaccheri,NTNU,https://www.ntnu.edu/employees/letizia.jaccheri,xBnjjysAAAAJ
Letizia Tanca,Politecnico di Milano,http://home.deib.polimi.it/tanca,FmRpFsoAAAAJ
Lev Manovich,CUNY,https://www.gc.cuny.edu/Page-Elements/Academics-Research-Centers-Initiatives/Doctoral-Programs/Computer-Science/Faculty-Bios/Lev-Manovich,QP5JHg_7o_cC
Lev Reyzin,University of Illinois at Chicago,https://www.math.uic.edu/people/profile?netid=lreyzin,IQBTvn4AAAAJ
Levent Burak Kara,Carnegie Mellon University,http://vdel.me.cmu.edu,_X2eOeQAAAAJ
Levent Yilmaz,Auburn University,http://www.eng.auburn.edu/~yilmaz,uPBKJewAAAAJ
Levi H. S. Lelis,University of Alberta,https://webdocs.cs.ualberta.ca/~santanad,eoXoLFgAAAAJ
Levi Lelis,University of Alberta,https://webdocs.cs.ualberta.ca/~santanad,eoXoLFgAAAAJ
Lewis D. Griffin,University College London,http://www0.cs.ucl.ac.uk/people/L.Griffin.html,Gw5Pc1UAAAAJ
Lewis M. Mackenzie,University of Glasgow,http://www.dcs.gla.ac.uk/~lewis,fh24VJAAAAAJ
Lewis Mackenzie,University of Glasgow,http://www.dcs.gla.ac.uk/~lewis,fh24VJAAAAAJ
Lewis Tseng,Boston College,https://sites.google.com/site/lewiscytseng/home,v80SHFMAAAAJ
Lexing Xie,Australian National University,https://cs.anu.edu.au/people/lexing-xie,u0xUDSoAAAAJ
Leye Wang,Peking University,http://cs.pku.edu.cn/info/1174/2334.htm,o2I4sL8AAAAJ
Leysia Palen,University of Colorado Boulder,http://cmci.colorado.edu/~palen,x0OsogEAAAAJ
Li Chen 0009,Hong Kong Baptist University,http://www.comp.hkbu.edu.hk/~lichen,1kIvpVQAAAAJ
Li Fei-Fei 0001,Stanford University,http://vision.stanford.edu/feifeili,rDfyQnIAAAAJ
Li Jiang 0002,Shanghai Jiao Tong University,http://www.cs.sjtu.edu.cn/~jiangli,pSD4uSoAAAAJ
Li Li,Monash University,http://lilicoding.github.io,zuUsFkgAAAAJ
Li Li 0029,Monash University,http://lilicoding.github.io,zuUsFkgAAAAJ
Li Liao,University of Delaware,https://www.eecis.udel.edu/~lliao,o6e8dvUAAAAJ
Li Lu 0008,Zhejiang University,https://person.zju.edu.cn/lynnluli,mQSqGYAAAAAJ
Li Niu 0002,Shanghai Jiao Tong University,http://bcmi.sjtu.edu.cn/home/niuli/index.html,OhT3AWMAAAAJ
Li Sun 0005,University of Sheffield,https://www.sheffield.ac.uk/dcs/people/academic/li-sun,JZViN_4AAAAJ
Li Weigang,Universidade de Brasília,http://cic.unb.br/~weigang,Sw_i7yQAAAAJ
Li Weigang 0001,Universidade de Brasília,http://cic.unb.br/~weigang,Sw_i7yQAAAAJ
Li Xiao 0001,Michigan State University,http://www.cse.msu.edu/~lxiao,NOSCHOLARPAGE
Li Xiong 0001,Emory University,http://www.mathcs.emory.edu/~lxiong,PUDKHmQAAAAJ
Li Yang,Western Michigan University,https://wmich.edu/geography/directory/yang,NOSCHOLARPAGE
Li-Chen Fu,National Taiwan University,http://www.ee.ntu.edu.tw/bio?id=23,xJQGpUgAAAAJ
Li-Hsing Yen,National Chiao Tung University,http://people.cs.nctu.edu.tw/~lhyen,lgBtvGwAAAAJ
Li-Mei Peng,Kyungpook National University,http://ican.knu.ac.kr,OujN4S0AAAAJ
Li-Pin Chang,National Chiao Tung University,https://sites.google.com/view/lpchang,t21ZkxEAAAAJ
Li-Ping Liu,Tufts University,https://www.eecs.tufts.edu/~liulp,aFaGunAAAAAJ
Li-San Wang,University of Pennsylvania,http://tesla.pcbi.upenn.edu/~lswang,ncxi_G4AAAAJ
Li-Shiuan Peh,National University of Singapore,http://people.csail.mit.edu/peh,H-l2HbsAAAAJ
Li-Yan Yuan,University of Alberta,https://webdocs.cs.ualberta.ca/~yuan,NOSCHOLARPAGE
Li-Yang Tan,Stanford University,http://theory.stanford.edu/~liyang,NOSCHOLARPAGE
LiGuo Huang,Southern Methodist University,http://lyle.smu.edu/~lghuang,NOSCHOLARPAGE
Liam D. Turner,Cardiff University,https://www.cardiff.ac.uk/people/view/473239-turner-liam,YO4cVgsAAAAJ
Liam Paull,University of Montreal,http://people.csail.mit.edu/lpaull,H9xADK0AAAAJ
Liam Peyton,University of Ottawa,http://www.site.uottawa.ca/~lpeyton,jKBUKKgAAAAJ
Liam Roditty,Bar-Ilan University,https://u.cs.biu.ac.il/~liamr,UY5xtq0AAAAJ
Lian Li 0002,Chinese Academy of Sciences,http://people.ucas.ac.cn/~lianli,yAIhkEsAAAAJ
Liang Cheng 0001,Lehigh University,http://liangcheng.info,7_2bG-YAAAAJ
Liang Hu 0002,University of Essex,https://www.essex.ac.uk/people/hulia47602/liang-hu,hUhUGfYAAAAJ
Liang Huang 0001,Oregon State University,http://eecs.oregonstate.edu/~huanlian,AdFeG5cAAAAJ
Liang Lan,Hong Kong Baptist University,https://www.comp.hkbu.edu.hk/~lanliang,1I9bfiYAAAAJ
Liang Lin,Sun Yat-sen University,http://www.linliang.net,Nav8m8gAAAAJ
Liang Wang 0001,Chinese Academy of Sciences,http://www.cbsr.ia.ac.cn/users/liangwang,8kzzUboAAAAJ
Liang Wang 0006,Nanjing University,http://cs.nju.edu.cn/wangliang,O6EwhtYAAAAJ
Liang Zhao 0002,Emory University,http://cs.emory.edu/~lzhao41,qnvyqtwAAAAJ
Liang Zheng 0001,Australian National University,https://cs.anu.edu.au/people/liang-zheng,vNHqr3oAAAAJ
Liang-Tien Chia,Nanyang Technological University,http://research.ntu.edu.sg/expertise/academicprofile/Pages/StaffProfile.aspx?CategoryDescription=internetcommunications&ST_EMAILID=ASLTCHIA,Eeolw80AAAAJ
Liangcai Gao,Peking University,http://www.icst.pku.edu.cn/cpdp/index.php/research-team/12-gaoliangcai,NOSCHOLARPAGE
Lianli Gao,UESTC,https://sites.google.com/site/drlianligao,zsm2dpYAAAAJ
Libertario Demi,University of Trento,https://sites.google.com/view/drlibertariodemi/home,QiKVYI0AAAAJ
Libin Liu 0002,Peking University,http://libliu.info,q7FiLBkAAAAJ
Libo Zhang,Chinese Academy of Sciences,http://people.ucas.ac.cn/~zhanglibo,u92yhxUAAAAJ
Licia Capra,University College London,http://www0.cs.ucl.ac.uk/staff/l.capra,iwzlsmUAAAAJ
Licia Sbattella,Politecnico di Milano,http://home.deib.polimi.it/sbattell,NOSCHOLARPAGE
Lidan Shou,Zhejiang University,http://mypage.zju.edu.cn/should,0OlITuIAAAAJ
Lie-Liang Yang,University of Southampton,https://www.ecs.soton.ac.uk/people/llyang,ZqFpYh4AAAAJ
Lifang He,Lehigh University,https://engineering.lehigh.edu/faculty/lifang-he,obgTcyoAAAAJ
Lifeng Sun,Tsinghua University,http://media.cs.tsinghua.edu.cn/en/sunlf,NOSCHOLARPAGE
Lifu Huang,Virginia Tech,https://wilburone.github.io,76IEGtYAAAAJ
Lifu Wang,Peking University,http://www.sei.pku.edu.cn/people/wlf,NOSCHOLARPAGE
Ligang He,University of Warwick,https://warwick.ac.uk/fac/sci/dcs/people/ligang_he,g3lthZYAAAAJ
Ligang Liu,USTC,http://staff.ustc.edu.cn/~lgliu,1U9U_cYAAAAJ
Liguo Huang,Southern Methodist University,http://lyle.smu.edu/~lghuang,NOSCHOLARPAGE
Lihao Xu,Wayne State University,http://www.cs.wayne.edu/~lihao,Q1QN1qYAAAAJ
Lihi Zelnik,Technion,http://lihi.eew.technion.ac.il,E_ejWvYAAAAJ
Lihi Zelnik-Manor,Technion,http://lihi.eew.technion.ac.il,E_ejWvYAAAAJ
Lihua Yue,USTC,http://www.jucs.org/jucs_articles_by_author/Yue_Lihua,NOSCHOLARPAGE
Lijie Wen,Tsinghua University,http://ise.thss.tsinghua.edu.cn/~wenlijie,f3C0jUIAAAAJ
Lijun Chang,University of Sydney,http://sydney.edu.au/engineering/people/lijun.chang.php,SWYX6pgAAAAJ
Lijun Chen 0001,University of Colorado Boulder,http://spot.colorado.edu/~lich1539,p0rj1lEAAAAJ
Lijun Chen 0002,Peking University,http://eecs.pku.edu.cn/EN/People/Faculty/Detail/?ID=6011,NOSCHOLARPAGE
Lijun Chen 0006,Nanjing University,https://cs.nju.edu.cn/58/16/c2639a153622/page.htm,NOSCHOLARPAGE
Lijun Yin,Binghamton University,http://www.cs.binghamton.edu/~lijun,PYV9NvYAAAAJ
Lijun Zhang 0005,Nanjing University,http://cs.nju.edu.cn/zlj,DC5FEjoAAAAJ
Lila Kari,University of Waterloo,https://cs.uwaterloo.ca/about/people/lila,HqqZlPUAAAAJ
Lila Santean,University of Waterloo,https://cs.uwaterloo.ca/about/people/lila,HqqZlPUAAAAJ
Lili Mou,University of Alberta,https://lili-mou.github.io,32UrMrQAAAAJ
Lili Qiu,University of Texas at Austin,https://www.cs.utexas.edu/~lili,16posrQAAAAJ
Lili Shan,Harbin Institute of Technology,http://homepage.hit.edu.cn/shanlili,8NObiJAAAAAJ
Lilia Georgieva,Heriot-Watt University,https://www.hw.ac.uk/staff/uk/macs/lilia-georgieva.htm,NOSCHOLARPAGE
Lilian Blot,University of York,https://www-users.cs.york.ac.uk/~lblot,Enkx56UAAAAJ
Lillian Lee,Cornell University,http://www.cs.cornell.edu/home/llee,oJESe-cAAAAJ
Lilly C. Irani,Univ. of California - San Diego,https://quote.ucsd.edu/lirani,FGWYdYUAAAAJ
Lilly Irani,Univ. of California - San Diego,https://quote.ucsd.edu/lirani,FGWYdYUAAAAJ
Lilya Budaghyan,University of Bergen,https://people.uib.no/lbu061,NOSCHOLARPAGE
Limei Peng,Kyungpook National University,http://ican.knu.ac.kr,OujN4S0AAAAJ
Limin Wang 0002,Nanjing University,http://wanglimin.github.io,HEuN8PcAAAAJ
Limin Xiao,Beihang University,http://scse.buaa.edu.cn/info/1078/2653.htm,NOSCHOLARPAGE
Liming Cai,University of Georgia,http://cobweb.cs.uga.edu/~cai,xj8uYUUAAAAJ
Limsoon Wong,National University of Singapore,https://www.comp.nus.edu.sg/~wongls,Inqu8SkAAAAJ
Lin Feng,Nanyang Technological University,http://research.ntu.edu.sg/expertise/academicprofile/Pages/StaffProfile.aspx?ST_EMAILID=ASFLIN,vasvExMAAAAJ
Lin Gao 0004,Chinese Academy of Sciences,http://www.geometrylearning.com/lin,_RIupXUAAAAJ
Lin Guan,Loughborough University,https://www.lboro.ac.uk/departments/compsci/staff/academic-teaching/lin-guan,NwT42zkAAAAJ
Lin Jiang,University of Liverpool,https://liverpool.ac.uk/electrical-engineering-and-electronics/staff/lin-jiang,nZCtaPgAAAAJ
Lin Liu 0001,Tsinghua University,http://ise.thss.tsinghua.edu.cn/~liulin,0-SZSzgAAAAJ
Lin Lv,Shandong University,http://www.cs.sdu.edu.cn/info/1089/2333.htm,NOSCHOLARPAGE
Lin Padgham,RMIT University,https://www.rmit.edu.au/contact/staff-contacts/academic-staff/p/padgham-professor-lin,Bt3NOyAAAAAJ
Lin Qiao,Tsinghua University,http://www.cs.tsinghua.edu.cn/publish/csen/4623/2010/20101224001718934225189/20101224001718934225189_.html,zAQYGk4AAAAJ
Lin Tan 0001,Purdue University,https://www.cs.purdue.edu/homes/lintan,C6yankcAAAAJ
Lin Wang 0015,VU Amsterdam,https://linwang.info,NOSCHOLARPAGE
Lin Zhang 0014,Tongji University,https://sse.tongji.edu.cn/linzhang,8VOk_S4AAAAJ
Lin Zhong 0001,Yale University,https://cpsc.yale.edu/people/lin-zhong,hJPN-G8AAAAJ
Lin-shan Lee,National Taiwan University,http://speech.ee.ntu.edu.tw/previous_version/lslNew.htm,NOSCHOLARPAGE
LinLin Shen,Shenzhen University,http://csse.szu.edu.cn/en/people31dd.html?25226,AZ_y9HgAAAAJ
Lina Yao,UNSW,http://www.linayao.com,EU3snBgAAAAJ
Lina von Sydow,Uppsala University,https://www.it.uu.se/katalog/lina,YY0uJ-gAAAAJ
Linda G. Shapiro,University of Washington,http://cs.washington.edu/homes/shapiro,6pGeV2wAAAAJ
Linda Jean Camp,Indiana University,http://ljean.com,wJPGa2IAAAAJ
Linda Ott,Michigan Technological University,https://www.mtu.edu/cs/department/faculty-staff/faculty/ott,HnxM2zkAAAAJ
Linda Pagli,University of Pisa,http://www.di.unipi.it/~pagli,NOSCHOLARPAGE
Linda Petzold,Univ. of California - Santa Barbara,https://cse.cs.ucsb.edu,6IxWYR0AAAAJ
Linda R. Petzold,Univ. of California - Santa Barbara,https://cse.cs.ucsb.edu,6IxWYR0AAAAJ
Linda Weiser Friedman,CUNY,http://zicklin.baruch.cuny.edu/faculty/profiles/friedman.html,LUgrnWMAAAAJ
Lindsay Groves,Victoria University of Wellington,http://ecs.victoria.ac.nz/Main/LindsayGroves,SbbFviUAAAAJ
Lindsay J. Groves,Victoria University of Wellington,http://ecs.victoria.ac.nz/Main/LindsayGroves,SbbFviUAAAAJ
Lindsey Kuper,Univ. of California - Santa Cruz,https://www.cs.indiana.edu/~lkuper,TNqlmxEAAAAJ
Line H. Clemmensen,DTU,https://www.compute.dtu.dk/english,NOSCHOLARPAGE
Line Harder Clemmensen,DTU,https://www.compute.dtu.dk/english,NOSCHOLARPAGE
Line Katrine Harder Clemmensen,DTU,https://www.compute.dtu.dk/english,NOSCHOLARPAGE
Ling Chen 0001,Zhejiang University,http://mypage.zju.edu.cn/lc,Vxi9eakAAAAJ
Ling Chen 0006,University of Technology Sydney,https://www.uts.edu.au/staff/ling.chen,NOSCHOLARPAGE
Ling Feng,Tsinghua University,http://www.tsinghua.edu.cn/publish/csen/4623/2010/20101224173832153159683/20101224173832153159683_.html,sFFYgzkAAAAJ
Ling Li,Chinese Academy of Sciences,http://people.ucas.ac.cn/~lli,5QHSaT8AAAAJ
Ling Liu 0001,Georgia Institute of Technology,http://www.cc.gatech.edu/~lingliu,VIwtdckAAAAJ
Ling Ren 0001,Univ. of Illinois at Urbana-Champaign,https://sites.google.com/view/renling,0uB26_QAAAAJ
Ling Wang,Nova Southeastern University,https://cec.nova.edu/faculty/wang.html,HwIAqgIAAAAJ
Ling-Qi Yan,Univ. of California - Santa Barbara,http://www.cs.ucsb.edu/~lingqi,IP5vaxAAAAAJ
Ling-Yu Duan,Peking University,http://eecs.pku.edu.cn/EN/People/Faculty/Detail/?ID=6096,NOSCHOLARPAGE
Lingfei Jin,Fudan University,http://www.cs.fudan.edu.cn/?page_id=8856###,S83wFzEAAAAJ
Lingfei Wu,University of Pittsburgh,https://lingfeiwu.github.io,NoDUFVUAAAAJ
Lingfeng Bao,Zhejiang University,https://baolingfeng.github.io,RMJI97QAAAAJ
Linghe Kong,Shanghai Jiao Tong University,http://wirelesslab.sjtu.edu.cn/~klh,-wm2X-8AAAAJ
Lingjia Liu,University of Kansas,http://people.eecs.ku.edu/~lingjialiu,_d2M0xMAAAAJ
Lingjia Tang,University of Michigan,http://www.lingjia.org,hc9PP9gAAAAJ
Lingkan Gong,UNSW,http://www.acser.unsw.edu.au/staff/lingkan-gong,BvpL9wsAAAAJ
Lingming Zhang,Univ. of Illinois at Urbana-Champaign,http://lingming.cs.illinois.edu,zzbWQE4AAAAJ
Lingqiao Liu,University of Adelaide,https://www.adelaide.edu.au/directory/lingqiao.liu,Y2xu62UAAAAJ
Lingxiao Jiang,Singapore Management University,http://www.mysmu.edu/faculty/lxjiang,0hssXLPZL2YC
Lingyu Duan,Peking University,http://eecs.pku.edu.cn/EN/People/Faculty/Detail/?ID=6096,NOSCHOLARPAGE
Lingyun Sun,Zhejiang University,http://mypage.zju.edu.cn/sly,zzW8d-wAAAAJ
Linh Anh Nguyen,University of Warsaw,http://www.mimuw.edu.pl/~nguyen,NOSCHOLARPAGE
Linh T. X. Phan,University of Pennsylvania,http://www.cis.upenn.edu/~linhphan,ojH7GEgAAAAJ
Linh Thi Xuan Phan,University of Pennsylvania,http://www.cis.upenn.edu/~linhphan,ojH7GEgAAAAJ
Linhai Song,Pennsylvania State University,https://ist.psu.edu/directory/faculty/lus401,RVQMz2sAAAAJ
Lining Yao,Carnegie Mellon University,http://morphingmatter.cs.cmu.edu,FEnuzckAAAAJ
Linli Xu,USTC,http://staff.ustc.edu.cn/~linlixu/index.html,NOSCHOLARPAGE
Linlin Shen,Shenzhen University,http://csse.szu.edu.cn/en/people31dd.html?25226,AZ_y9HgAAAAJ
Linmi Tao,Tsinghua University,http://www.tsinghua.edu.cn/publish/csen/4623/2010/20101224172944081935675/20101224172944081935675_.html,NOSCHOLARPAGE
Linpeng Huang,Shanghai Jiao Tong University,http://www.cs.sjtu.edu.cn/en/PeopleDetail.aspx?id=166,IC620Q4AAAAJ
Linqi Song,City University of Hong Kong,https://sites.google.com/site/aisquaredlab,UcGN3MoAAAAJ
Linwei Wang,Rochester Institute of Technology,https://www.rit.edu/gccis/linwei-wang,CG56DzcAAAAJ
Linzhang Wang,Nanjing University,http://cs.nju.edu.cn/lzwang,3BoHCW8AAAAJ
Lionel M. Ni,HKUST,https://www.cse.ust.hk/~ni,OzMYwDIAAAAJ
Lionel Ming-shuan Ni,HKUST,https://www.cse.ust.hk/~ni,OzMYwDIAAAAJ
Lionel Morel,Ecole Normale Superieure de Lyon,http://lionel.morel.ouvaton.org/wp,fkrc1-MAAAAJ
Lionel Robert Morel,Ecole Normale Superieure de Lyon,http://lionel.morel.ouvaton.org/wp,fkrc1-MAAAAJ
Lionel Seinturier,CRIStAL,http://chercheurs.lille.inria.fr/~seinturi,XmiDIkYAAAAJ
Lior Pachter,California Institute of Technology,http://pachterlab.github.io/biography.html,DKfEcuEAAAAJ
Lior Shamir,Kansas State University,http://people.cs.ksu.edu/~lshamir,mP-0XmYAAAAJ
Liping Shen,Shanghai Jiao Tong University,http://www.cs.sjtu.edu.cn/~shen-lp,NOSCHOLARPAGE
Lipyeow Lim,University of Hawaii at Manoa,http://www2.hawaii.edu/~lipyeow,_ILTBg0AAAAJ
Liqiang Nie,Shandong University,http://ir.sdu.edu.cn/~liqiangnie/index.html,yywVMhUAAAAJ
Liqiang Wang,University of Central Florida,http://www.cs.ucf.edu/~lwang/index.html,mZKxB10AAAAJ
Liqing Zhang 0001,Shanghai Jiao Tong University,http://bcmi.sjtu.edu.cn/~zhangliqing/Index.html,1smFmxAAAAAJ
Liqing Zhang 0002,Virginia Tech,http://people.cs.vt.edu/~lqzhang,erM6KTMAAAAJ
Liqiong Tang,Massey University,http://www.massey.ac.nz/massey/expertise/profile.cfm?stref=715330,NOSCHOLARPAGE
Liqun Chen,University of Surrey,https://www.surrey.ac.uk/people/liqun-chen,3IH9iokAAAAJ
Lirong Xia,Rensselaer Polytechnic Institute,http://www.cs.rpi.edu/~xial,C19mgCgAAAAJ
Lisa Anthony,University of Florida,https://lisa-anthony.com,GUucp2UAAAAJ
Lisa Fan,University of Regina,http://www.cs.uregina.ca/People/Profiles/LisaFan.html,NOSCHOLARPAGE
Lisa Hellerstein,New York University,http://engineering.nyu.edu/people/lisa-hellerstein,A45mhtsAAAAJ
Lisa Singh,Georgetown University,http://people.cs.georgetown.edu/~singh,NOSCHOLARPAGE
Lisa Wu 0001,Duke University,https://www.lisawuwills.com,bAhJeo0AAAAJ
Lisa Wu Wills,Duke University,https://www.lisawuwills.com,bAhJeo0AAAAJ
Lisandro Zambenedetti Granville,UFRGS,http://www.inf.ufrgs.br/granville,v9JjkyYAAAAJ
Lise Getoor,Univ. of California - Santa Cruz,https://www.soe.ucsc.edu/people/getoor,Y8-xGncAAAAJ
Lisimachos Kondi,University of Ioannina,https://cs.uoi.gr/~lkon,VVz5ATwAAAAJ
Lisong Xu,University of Nebraska,http://cse.unl.edu/~xu,ns_6BgMAAAAJ
Liting Hu,Florida International University,http://users.cis.fiu.edu/~lhu,jG2EBooAAAAJ
Liuba Shrira,Brandeis University,http://www.cs.brandeis.edu/~liuba,tyUShkAAAAAJ
Liusheng Huang,USTC,http://dsxt.ustc.edu.cn/zj_ywjs.asp?zzid=36,1XHpROsAAAAJ
Liwei Chan,National Chiao Tung University,http://people.cs.nctu.edu.tw/~liweichan,yF0Cw1EAAAAJ
Liwei Wang 0001,Peking University,http://www.cis.pku.edu.cn/faculty/vision/wangliwei,NOSCHOLARPAGE
Liwei Wang 0009,Chinese University of Hong Kong,https://lwwangcse.github.io,qnbdnZEAAAAJ
Lixia Zhang 0001,Univ. of California - Los Angeles,http://www.cs.ucla.edu/~lixia,CZyWk8kAAAAJ
Lixin Ding,Wuhan University,http://cs.whu.edu.cn/teacherinfo.aspx?id=218,NOSCHOLARPAGE
Lixin Duan,UESTC,http://www.lxduan.info,inRIcS0AAAAJ
Liyana Shuib,University of Malaya,https://umexpert.um.edu.my/liyanashuib,qXTI0QAAAAJ
Liyong Tang,Peking University,http://eecs.pku.edu.cn/EN/People/Faculty/Detail/?ID=6071,NOSCHOLARPAGE
Liz Sonenberg,University of Melbourne,http://people.eng.unimelb.edu.au/lizs,w8EFH0IAAAAJ
Lizhong Chen,Oregon State University,http://web.engr.oregonstate.edu/~chenliz,txM1gcUAAAAJ
Lizhuang Ma,Shanghai Jiao Tong University,http://english.seiee.sjtu.edu.cn/english/detail/841_680.htm,yd58y_0AAAAJ
Ljubomir Perkovic,DePaul University,http://www.cdm.depaul.edu/about/Pages/People/facultyinfo.aspx?fid=188,6dwowIYAAAAJ
Llorenç Cerdà,Polytechnic University of Catalonia,http://dsg.ac.upc.edu/llorenc,LwfxWokAAAAJ
Llorenç Cerdà-Alabern,Polytechnic University of Catalonia,http://dsg.ac.upc.edu/llorenc,LwfxWokAAAAJ
Lloyd W. Massengill,Vanderbilt University,http://engineering.vanderbilt.edu/bio/lloyd-massengill,4pWpdEIAAAAJ
Lluís Màrquez,Qatar Computing Research Institute,http://www.qcri.org/our-people/bio?pid=145&amp;par=acc&amp;name=LluisMarquez,yFNUfjsAAAAJ
Lluís Màrquez i Villodre,Qatar Computing Research Institute,http://www.qcri.org/our-people/bio?pid=145&amp;par=acc&amp;name=LluisMarquez,yFNUfjsAAAAJ
Lluís Vilanova,Imperial College London,https://www.doc.ic.ac.uk/~lvilanov,aMMzgPoAAAAJ
Loai Alnemer,University of Jordan,http://eacademic.ju.edu.jo/L.nemer,4w18VJgAAAAJ
Loana Tito Nogueira,UFF,http://www2.ic.uff.br/~loana,AQsF0MYAAAAJ
Loay Sabry-Ismaïl,Qatar University,http://www.qu.edu.qa/engineering/computer/faculty/loay.php,NOSCHOLARPAGE
Lodewyk F. A. Wessels,TU Delft,https://www.nki.nl/divisions/molecular-carcinogenesis/wessels-l-group,NOSCHOLARPAGE
Loek Cleophas,TU Eindhoven,https://www.tue.nl/en/university/departments/mathematics-and-computer-science/the-department/staff/detail/ep/e/d/ep-uid/19971941,dKA2bqcAAAAJ
Loek G. Cleophas,TU Eindhoven,https://www.tue.nl/en/university/departments/mathematics-and-computer-science/the-department/staff/detail/ep/e/d/ep-uid/19971941,dKA2bqcAAAAJ
Loïc Barrault,University of Sheffield,https://www.sheffield.ac.uk/dcs/people/academic/loic-barrault,i4IBjw4AAAAJ
Loïc Cerf,UFMG,http://homepages.dcc.ufmg.br/~lcerf,NOSCHOLARPAGE
Loïc Denis,Université Jean Monnet,http://perso.univ-st-etienne.fr/deniloic,QGsZcgIAAAAJ
Lois Wright Hawkes,Florida State University,http://www.cs.fsu.edu/~hawkes,NOSCHOLARPAGE
Lok-won Kim,Kyung Hee University,http://ce.khu.ac.kr/eng/blog/blog_page.php?r_Idx=28&b_menuNum=2,Df1_a_4AAAAJ
Lone Leth,Aalborg University,http://people.cs.aau.dk/~lone,vyYcihcAAAAJ
Lone Leth Thomsen,Aalborg University,http://people.cs.aau.dk/~lone,vyYcihcAAAAJ
Long Cheng 0005,Clemson University,https://people.computing.clemson.edu/~lcheng2,GuaBhicAAAAJ
Long Lu,Northeastern University,http://www.longlu.org,NOSCHOLARPAGE
Long Quan,HKUST,https://www.cse.ust.hk/~quan,o1BYTL4AAAAJ
Long Tran-Thanh,University of Warwick,https://warwick.ac.uk/fac/sci/dcs/people/long_tran-thanh,YBQai3gAAAAJ
Long-Wen Chang,National Tsing Hua University,http://www.cs.nthu.edu.tw/~lchang,NOSCHOLARPAGE
Longbo Huang,Tsinghua University,http://iiis.tsinghua.edu.cn/~huang,g9d_K0sAAAAJ
Longbu Huang,Tsinghua University,http://iiis.tsinghua.edu.cn/~huang,g9d_K0sAAAAJ
Longin Jan Latecki,Temple University,https://cis.temple.edu/~latecki,6sQtqo8AAAAJ
Lonnie R. Welch,Ohio University,https://www.ohio.edu/engineering/about/people/profiles.cfm?profile=welch,NOSCHOLARPAGE
Lora Aroyo,VU Amsterdam,http://www.cs.vu.nl/~laroyo,FXGgl5IAAAAJ
Lora Oehlberg,University of Calgary,http://cpsc.ucalgary.ca/~lora.oehlberg,8GzaBdwAAAAJ
Loren G. Terveen,University of Minnesota,http://www-users.cs.umn.edu/~terveen,r6cAovIAAAAJ
Loren Gilbert Terveen,University of Minnesota,http://www-users.cs.umn.edu/~terveen,r6cAovIAAAAJ
Loren Schwiebert,Wayne State University,http://www.cs.wayne.edu/~loren,mP7h9LcAAAAJ
Loren Terveen,University of Minnesota,http://www-users.cs.umn.edu/~terveen,r6cAovIAAAAJ
Lorenz Hilty,University of Zurich,http://www.ifi.uzh.ch/isr/people/hilty.html,nRTZV54AAAAJ
Lorenzo Alvisi,Cornell University,http://www.cs.utexas.edu/~lorenzo,K_-KJi8AAAAJ
Lorenzo Bruzzone,University of Trento,https://rslab.disi.unitn.it,ff9-TK4AAAAJ
Lorenzo Carlucci,Sapienza University of Rome,http://wwwusers.di.uniroma1.it/~carlucci,ELz2WEoAAAAJ
Lorenzo Cavallaro,King's College London,https://www.kcl.ac.uk/people/lorenzo-cavallaro,oWT7fIYAAAAJ
Lorenzo Clemente,University of Warsaw,http://www.labri.fr/perso/herbrete,N5a0IB8AAAAJ
Lorenzo Livi,University of Exeter,http://emps.exeter.ac.uk/computer-science/staff/ll455,hAL9amAAAAAJ
Lorenzo Masia,Heidelberg University,https://www.lorenzomasia.com/home,07hYOU0AAAAJ
Lorenzo Orecchia,University of Chicago,http://www.bu.edu/cs/lorenzo-orecchia,dT7yOrwAAAAJ
Lorenzo Strigini,City University of London,https://www.city.ac.uk/people/academics/lorenzo-strigini,NOSCHOLARPAGE
Lori L. Pollock,University of Delaware,https://www.eecis.udel.edu/~pollock,fmt12jMAAAAJ
Lorie Loeb,Dartmouth College,http://web.cs.dartmouth.edu/people/lorie-loeb,_kl2qQQAAAAJ
Lorie M. Liebrock,New Mexico Tech,https://www.cs.nmt.edu/~liebrock,TMkX4lMAAAAJ
Loris D'Antoni,University of Wisconsin - Madison,http://pages.cs.wisc.edu/~loris,ao8EeJ8AAAAJ
Loris Marchal,Ecole Normale Superieure de Lyon,http://graal.ens-lyon.fr/~lmarchal,Fv5NiSwAAAAJ
Lorna K. Stewart,University of Alberta,http://webdocs.cs.ualberta.ca/~stewart,NOSCHOLARPAGE
Lorna MacDonald,University of Queensland,https://researchers.uq.edu.au/researcher/1071,NOSCHOLARPAGE
Lorna Stewart,University of Alberta,http://webdocs.cs.ualberta.ca/~stewart,NOSCHOLARPAGE
Lorne Olfman,Claremont Graduate University,https://www.cgu.edu/people/lorne-olfman,fXqjPDUAAAAJ
Lorrie Faith Cranor,Carnegie Mellon University,http://lorrie.cranor.org,kIUqgbcAAAAJ
Lothar Thiele,ETH Zurich,https://www.tec.ee.ethz.ch,OaAKHewAAAAJ
Lotus Goldberg,Brandeis University,http://www.brandeis.edu/facultyguide/person.html?emplid=19717dba85e7e7d919456954c1c56642a52e0740,bx2LquQAAAAJ
Louay Bazzi,American University of Beirut,https://www.aub.edu.lb/fea/publicprofile/Pages/profile.aspx?MemberId=lb13,9oNkK7YAAAAJ
Louay M. J. Bazzi,American University of Beirut,https://www.aub.edu.lb/fea/publicprofile/Pages/profile.aspx?MemberId=lb13,9oNkK7YAAAAJ
Louiqa Raschid,University of Maryland - College Park,https://www.cs.umd.edu/people/lraschid,MD8nInYAAAAJ
Louis Bigo,CRIStAL,http://louisbigo.com/louis_bigo,NOSCHOLARPAGE
Louis D'Alotto,CUNY,https://www.york.cuny.edu/portal_college/ldaotto,OtxLPl4AAAAJ
Louis D. Nel,Carleton University,http://www.scs.carleton.ca/~ldnel,NOSCHOLARPAGE
Louis I. Steinberg,Rutgers University,https://www.cs.rutgers.edu/~lou,NOSCHOLARPAGE
Louis Massey,Royal Military College of Canada,https://www.rmc-cmr.ca/en/mathematics-and-computer-science/dr-louis-massey,NOSCHOLARPAGE
Louis Petingi,CUNY,http://www.cs.csi.cuny.edu/~petingi,LCBI27EAAAAJ
Louis Salvail,University of Montreal,http://www.iro.umontreal.ca/~salvail,NOSCHOLARPAGE
Louis-Philippe Morency,Carnegie Mellon University,https://www.cs.cmu.edu/~morency,APgaFK0AAAAJ
Louise A. Dennis,University of Liverpool,https://www.liverpool.ac.uk/computer-science/staff/louise-dennis,5d8ouI8AAAAJ
Louise Abigail Dennis,University of Liverpool,https://www.liverpool.ac.uk/computer-science/staff/louise-dennis,5d8ouI8AAAAJ
Louise Knight,Cardiff University,https://www.cardiff.ac.uk/people/view/1235342-knight-louise,hdQxi5cAAAAJ
Loukas Georgiadis,University of Ioannina,https://cs.uoi.gr/~loukas,y5vDB7sAAAAJ
Lourdes Agapito,University College London,http://www0.cs.ucl.ac.uk/people/L.Agapito.html,IRMX4-4AAAAJ
Lourdes Peña Castillo,Memorial University of Newfoundland,https://www.mun.ca/computerscience/people/lourdes.php,4MmWOFMAAAAJ
Lourdes de Agapito,University College London,http://www0.cs.ucl.ac.uk/people/L.Agapito.html,IRMX4-4AAAAJ
Louwe B. Kuijer,University of Liverpool,https://www.liverpool.ac.uk/computer-science/staff/louwe-kuijer,iF9PsigAAAAJ
Louwe Bouke Kuijer,University of Liverpool,https://www.liverpool.ac.uk/computer-science/staff/louwe-kuijer,iF9PsigAAAAJ
Lu Chen 0001,Zhejiang University,https://person.zju.edu.cn/luchen,gLOpEaIAAAAJ
Lu Feng 0001,University of Virginia,http://www.cs.virginia.edu/~lufeng,HiyMQzEAAAAJ
Lu Qin,University of Technology Sydney,https://www.uts.edu.au/staff/lu.qin,DQHL47oAAAAJ
Lu Ruan 0001,Iowa State University,http://www.cs.iastate.edu/~ruan,3FrD14AAAAAJ
Lu Su,University at Buffalo,http://www.cse.buffalo.edu/people/?u=lusu,38RuCN4AAAAJ
Lu Wang 0002,Shenzhen University,https://luwang-szu.github.io,zIsOLWUAAAAJ
Lu Wang 0008,University of Michigan,https://web.eecs.umich.edu/~wangluxy,uczqEdUAAAAJ
Lu Zhang 0021,University of Arkansas,http://www.csce.uark.edu/~lz006,06ms8fMAAAAJ
Lu Zhang 0023,Peking University,http://sei.pku.edu.cn/~zhanglu,JUnz2VcAAAAJ
Luay Nakhleh,Rice University,https://www.cs.rice.edu/~nakhleh,46HLWf8AAAAJ
Lubomir Bic,Univ. of California - Irvine,http://www.ics.uci.edu/~bic,NOSCHOLARPAGE
Lubomír Bulej,Charles University,https://d3s.mff.cuni.cz/people/lubomirbulej,atYTBKIAAAAJ
Lubomir F. Bic,Univ. of California - Irvine,http://www.ics.uci.edu/~bic,NOSCHOLARPAGE
Lubomír Popelínský,Masaryk University,https://www.muni.cz/en/people/1945,NOSCHOLARPAGE
Lubos Brim,Masaryk University,https://www.muni.cz/en/people/197,-EvkffIAAAAJ
Lubos Popelínský,Masaryk University,https://www.muni.cz/en/people/1945,NOSCHOLARPAGE
Luc Berthouze,University of Sussex,http://www.sussex.ac.uk/informatics/people/peoplelists/person/201607,WvYeh5IAAAAJ
Luc Bougé,Ecole Normale Superieure de Rennes,https://team.inria.fr/kerdata/luc-bouge,uag6ZjcAAAAJ
Luc De Raedt,KU Leuven,https://people.cs.kuleuven.be/~luc.deraedt,dgobB6AAAAAJ
Luc Devroye,McGill University,http://luc.devroye.org,DC_7koIAAAAJ
Luc J. Van Gool,ETH Zurich,http://www.vision.ee.ethz.ch/en/members/get_member.cgi?id=1,TwMib_QAAAAJ
Luc Lavoie,Université de Sherbrooke,https://www.usherbrooke.ca/informatique/personnel/corps-professoral/professeurs/luc-lavoie,NOSCHOLARPAGE
Luc Longpré,University of Texas - El Paso,http://faculty.utep.edu/longpre,NOSCHOLARPAGE
Luc Moreau 0001,King's College London,https://www.kcl.ac.uk/people/luc-moreau,q6JskukAAAAJ
Luc Segoufin,Ecole Normale Superieure de Cachan,http://www.lsv.ens-cachan.fr/~segoufin/Papers,NOSCHOLARPAGE
Luc Van Gool,ETH Zurich,http://www.vision.ee.ethz.ch/en/members/get_member.cgi?id=1,TwMib_QAAAAJ
Luca Abeni,Scuola Superiore Sant'Anna,http://retis.sssup.it/~luca,C3a6glEAAAAJ
Luca Allodi,TU Eindhoven,https://www.tue.nl/en/university/departments/mathematics-and-computer-science/the-department/staff/detail/ep/e/d/ep-uid/20179507/ep-tab/2,aHbp3AQAAAAJ
Luca Barletta,Politecnico di Milano,http://home.deib.polimi.it/barletta,vu_mjR0AAAAJ
Luca Becchetti,Sapienza University of Rome,http://www.diag.uniroma1.it/users/luca%20becchetti,EEVf5wEAAAAJ
Luca Benini,ETH Zurich,https://www.ee.ethz.ch/the-department/people-a-z/person-detail.html?persid=194234,8riq3sYAAAAJ
Luca Citi,University of Essex,https://www.essex.ac.uk/people/citil35902/luca-citi,HnQm_pAAAAAJ
Luca Daniel,Massachusetts Institute of Technology,http://www.mit.edu/~dluca,JtPNrS8AAAAJ
Luca Gemignani,University of Pisa,http://www.di.unipi.it/~lgemignani,PtMCtZsAAAAJ
Luca Greco,University of Salerno,https://docenti.unisa.it/023586/home,bLphet8AAAAJ
Luca Iocchi,Sapienza University of Rome,https://sites.google.com/a/dis.uniroma1.it/iocchi/home,KHhijC0AAAAJ
Luca Mottola,Politecnico di Milano,http://home.deib.polimi.it/mottola/index.html,VkFc88EAAAAJ
Luca O. Breviglieri,Politecnico di Milano,https://www.deib.polimi.it/eng/people/details/110272,NOSCHOLARPAGE
Luca P. Carloni,Columbia University,http://www.cs.columbia.edu/~luca,sEAoh3MAAAAJ
Luca Trevisan,Bocconi University,https://lucatrevisan.github.io,4yuKD_AAAAAJ
Luca Viganò 0001,King's College London,https://www.kcl.ac.uk/people/luca-vigano,LFcIRfAAAAAJ
Luca de Alfaro,Univ. of California - Santa Cruz,https://users.soe.ucsc.edu/~luca,gkACFVcAAAAJ
Lucas Mello Schnorr,UFRGS,http://inf.ufrgs.br/~schnorr,nPAkDeYAAAAJ
Luce Brotcorne,CRIStAL,https://www.cristal.univ-lille.fr/profil/brotcorn,FbDXUDEAAAAJ
Lucia Dettori,DePaul University,https://www.cdm.depaul.edu/about/Pages/People/facultyinfo.aspx?fid=203,NOSCHOLARPAGE
Lúcia Maria de A. Drummond,UFF,http://www2.ic.uff.br/~lucia,UhYdnvYAAAAJ
Lúcia Maria de Assumpção Drummond,UFF,http://www2.ic.uff.br/~lucia,UhYdnvYAAAAJ
Lucia Moura,University of Ottawa,http://www.site.uottawa.ca/~lucia,oL0v45UAAAAJ
Lucia Rapanotti,Open University UK,http://stem.open.ac.uk/people/lr38,NOSCHOLARPAGE
Lucia Specia,Imperial College London,http://wp.doc.ic.ac.uk/lspecia,wVl_z8kAAAAJ
Lucian Ilie,Western University,http://www.csd.uwo.ca/faculty/ilie,LdhygQ4AAAAJ
Luciana Benotti,Universidad Nacional de Córdoba,https://cs.famaf.unc.edu.ar/~luciana,QqsVx-oAAAAJ
Luciana P. Nedel,UFRGS,http://www.inf.ufrgs.br/~nedel,PNdeI7UAAAAJ
Luciana Porcher Nedel,UFRGS,http://www.inf.ufrgs.br/~nedel,PNdeI7UAAAAJ
Luciana S. Buriol,UFRGS,http://www.inf.ufrgs.br/~buriol,5BoIwjYAAAAJ
Luciana Salete Buriol,UFRGS,http://www.inf.ufrgs.br/~buriol,5BoIwjYAAAAJ
Luciano Barbosa,UFPE,http://www.cin.ufpe.br/~luciano,OsKAdpEAAAAJ
Luciano Baresi,Politecnico di Milano,http://home.deib.polimi.it/baresi,xvzzSFgAAAAJ
Luciano García-Bañuelos,University of Tartu,http://www.ut.ee/en/luciano-garcia-banuelos,ly9UiYMAAAAJ
Luciano Paschoal Gaspary,UFRGS,http://www.inf.ufrgs.br/~paschoal,SnT7z5wAAAAJ
Lucien Haddad,Royal Military College of Canada,https://www.rmc-cmr.ca/en/mathematics-and-computer-science/dr-lucien-haddad,amlkJmIAAAAJ
Lucinéia Heloisa Thom,UFRGS,http://inf.ufrgs.br/~lucineia,MTLCh6oAAAAJ
Lucinéia Thom,UFRGS,http://inf.ufrgs.br/~lucineia,MTLCh6oAAAAJ
Lucio Mauro Duarte,UFRGS,http://inf.ufrgs.br/~lmduarte,NOSCHOLARPAGE
Lucjan Hanzlik,CISPA Helmholtz Center,https://cispa.saarland/people/lucjan.hanzlik,xV54a20AAAAJ
Ludek Matyska,Masaryk University,https://www.muni.cz/en/people/1904,XA85OFQAAAAJ
Ludger Humbert,University of Wuppertal,https://www.ai.uni-wuppertal.de/de/angewandte-informatik/personen/prof-ludger-humbert.html,NOSCHOLARPAGE
Lui Sha,Univ. of Illinois at Urbana-Champaign,https://cs.illinois.edu/directory/profile/lrs,SlXqNooAAAAJ
Luidi Gelabert Simonetti,UFRJ,http://www.cos.ufrj.br/~luidi,xOugM_4AAAAJ
Luidi Simonetti,UFRJ,http://www.cos.ufrj.br/~luidi,xOugM_4AAAAJ
Luigi Benedicenti,University of New Brunswick,https://blogs.unb.ca/newsroom/2017/05/03/luigi-benedicenti-named-dean-of-computer-science-at-unb,hmN53dQAAAAJ
Luigi Carro,UFRGS,http://www.inf.ufrgs.br/~carro,vS6vkY4AAAAJ
Luigi Cerulo,University of Sannio,https://www.unisannio.it/it/users/luigi-cerulo,pumq55sAAAAJ
Luigi Cinque,Sapienza University of Rome,http://visionlab.di.uniroma1.it/content/luigi-cinque,NOSCHOLARPAGE
Luigi Lancieri,CRIStAL,http://cristal.univ-lille.fr/~lancieri,rYa0IzwAAAAJ
Luigi Palopoli,University of Trento,https://luigipalopoli.disi.unitn.it,LhUmZKwAAAAJ
Luigi Troiano,University of Sannio,http://www.luigitroiano.ciselab.org,OegnMPoAAAAJ
Luigi V. Mancini,Sapienza University of Rome,https://sites.google.com/di.uniroma1.it/mancini,4ZkNiZYAAAAJ
Luigi Vincenzo Mancini,Sapienza University of Rome,https://sites.google.com/di.uniroma1.it/mancini,4ZkNiZYAAAAJ
Luigia Aiello,Sapienza University of Rome,http://www.diag.uniroma1.it/users/luigia%20carlucci-aiello,NOSCHOLARPAGE
Luigia Carlucci Aiello,Sapienza University of Rome,http://www.diag.uniroma1.it/users/luigia%20carlucci-aiello,NOSCHOLARPAGE
Luis A. F. M. Ferreira,Universidade de Lisboa,http://ciisa.fmv.ulisboa.pt/en/research-labs/research-lab-10/pessoas/item/64-luis-ferreira,7eEExREAAAAJ
Luis Antonio Brasil Kowada,UFF,http://www.professores.uff.br/kowada,8DN4mmEAAAAJ
Luís C. Lamb,UFRGS,http://www.inf.ufrgs.br/~lamb,NOSCHOLARPAGE
Luís Caires,Universidade NOVA de Lisboa,http://ctp.di.fct.unl.pt/~lcaires,mzi8n0QAAAAJ
Luís Caldas de Oliveira,Universidade de Lisboa,https://www.l2f.inesc-id.pt/wiki/index.php/Lu%C3%ADs_Caldas_de_Oliveira,ZlqnYZoAAAAJ
Luís Carriço,Universidade de Lisboa,https://ciencias.ulisboa.pt/perfil/lmcarrico,MLg1ZJMAAAAJ
Luis Ceze,University of Washington,https://www.cs.washington.edu/people/faculty/luisceze,KzESVKwAAAAJ
Luís D. Pedrosa,Universidade de Lisboa,https://pedrosa.2y.net,Rue7JwcAAAAJ
Luís E. T. Rodrigues,Universidade de Lisboa,http://www.gsd.inesc-id.pt/~ler,iSVcwh8AAAAJ
Luis Eduardo Teixeira Rodrigues,Universidade de Lisboa,http://www.gsd.inesc-id.pt/~ler,iSVcwh8AAAAJ
Luis Espinosa Anke,Cardiff University,https://www.cardiff.ac.uk/people/view/1063569-anke-luis,elA4WqkAAAAJ
Luís F. M. de Moraes,UFRJ,http://www.cos.ufrj.br/~moraes,NOSCHOLARPAGE
Luís Felipe M. de Moraes,UFRJ,http://www.cos.ufrj.br/~moraes,NOSCHOLARPAGE
Luís G. Rueda,University of Windsor,http://www.uwindsor.ca/science/computerscience/1033/dr-luis-rueda,2OPjLFkAAAAJ
Luis Gravano,Columbia University,http://www.cs.columbia.edu/~gravano,Ff6era8AAAAJ
Luís Guerra e Silva,Universidade de Lisboa,http://algos.inesc-id.pt/~lgs,4HUmvlUAAAAJ
Luís M. Correia,Universidade de Lisboa,http://www.di.fc.ul.pt/~lcorreia,a0tgRXcAAAAJ
Luís M. S. Russo,Universidade de Lisboa,http://web.tecnico.ulisboa.pt/luis.russo,O-PD_hsAAAAJ
Luís Manuel Jesus Sousa Correia,Universidade de Lisboa,http://www.di.fc.ul.pt/~lcorreia,a0tgRXcAAAAJ
Luis Mateus Rocha,Indiana University,https://homes.luddy.indiana.edu/rocha,SIouE70AAAAJ
Luís Miguel Parreira Correia,Universidade de Lisboa,https://ciencias.ulisboa.pt/perfil/lmcorreia,2IbMjzgAAAAJ
Luis Miguel Silveira,Universidade de Lisboa,http://algos.inesc-id.pt/~lms,NOSCHOLARPAGE
Luís Miguel Silveira,Universidade de Lisboa,http://algos.inesc-id.pt/~lms,NOSCHOLARPAGE
Luís Moniz Pereira,Universidade NOVA de Lisboa,https://userweb.fct.unl.pt/~lmp,2YvVEn8AAAAJ
Luis Pedrosa,Universidade de Lisboa,https://pedrosa.2y.net,Rue7JwcAAAAJ
Luís Pina,University of Illinois at Chicago,https://www.luispina.me,EtfPm7EAAAAJ
Luis Rademacher,Univ. of California - Davis,https://www.math.ucdavis.edu/~lrademac,wNqCOAEAAAAJ
Luis Rocha,Indiana University,https://homes.luddy.indiana.edu/rocha,SIouE70AAAAJ
Luís Rodrigues 0001,Universidade de Lisboa,http://www.gsd.inesc-id.pt/~ler,iSVcwh8AAAAJ
Luis Rueda,University of Windsor,http://www.uwindsor.ca/science/computerscience/1033/dr-luis-rueda,2OPjLFkAAAAJ
Luís Veiga,Universidade de Lisboa,http://www.gsd.inesc-id.pt/~lveiga,JFkgoeEAAAAJ
Luis Velasco,Polytechnic University of Catalonia,http://people.ac.upc.edu/lvelasco,lu3TqZMAAAAJ
Luís da Cunha Lamb,UFRGS,http://www.inf.ufrgs.br/~lamb,NOSCHOLARPAGE
Luis von Ahn,Carnegie Mellon University,https://www.cs.cmu.edu/~biglou,NOSCHOLARPAGE
Luísa Coheur,Universidade de Lisboa,https://www.l2f.inesc-id.pt/wiki/index.php/Lu%C3%ADsa_Coheur,dJ5sl_QAAAAJ
Luisa Gargano,University of Salerno,http://www.di.unisa.it/~lg,bT6SzasAAAAJ
Luiz Chaimowicz,UFMG,http://homepages.dcc.ufmg.br/~chaimo,-6ws0MoAAAAJ
Luiz Eduardo Buzato,UNICAMP,http://www.ic.unicamp.br/~buzato,7MRt4MsAAAAJ
Luiz F. Bittencourt,UNICAMP,http://www.ic.unicamp.br/~bit,ohMT6gcAAAAJ
Luiz Fernando Bittencourt,UNICAMP,http://www.ic.unicamp.br/~bit,ohMT6gcAAAAJ
Luiz Filipe M. Vieira,UFMG,http://homepages.dcc.ufmg.br/~lfvieira,KGysOTEAAAAJ
Luiz Filipe Menezes Vieira,UFMG,http://homepages.dcc.ufmg.br/~lfvieira,KGysOTEAAAAJ
Luiz G. A. Martins,UFU,http://www.facom.ufu.br/~gustavo,2p2GbVYAAAAJ
Luiz G. L. Fernandes,PUC-RS,http://www.inf.pucrs.br/~gustavo,ZkUd394AAAAJ
Luiz Gustavo Almeida Martins,UFU,http://www.facom.ufu.br/~gustavo,2p2GbVYAAAAJ
Luiz Gustavo Fernandes,PUC-RS,http://www.inf.pucrs.br/~gustavo,ZkUd394AAAAJ
Luiz Gustavo Leão Fernandes,PUC-RS,http://www.inf.pucrs.br/~gustavo,ZkUd394AAAAJ
Luíz Moniz Pereira,Universidade NOVA de Lisboa,https://userweb.fct.unl.pt/~lmp,2YvVEn8AAAAJ
Luiz S. Ochi,UFF,http://www2.ic.uff.br/~satoru,w3KB2MoAAAAJ
Luiz Satoru Ochi,UFF,http://www2.ic.uff.br/~satoru,w3KB2MoAAAAJ
Luiza Antonie,University of Guelph,http://www.uoguelph.ca/~lantonie,NOSCHOLARPAGE
Lujo Bauer,Carnegie Mellon University,http://www.ece.cmu.edu/~lbauer,5cJzDZEAAAAJ
Lukás Burget,Brno University of Technology,https://www.fit.vut.cz/person/burget,pRBbU7wAAAAJ
Lukás Holík,Brno University of Technology,https://www.fit.vut.cz/person/holik,0cPbvY0AAAAJ
Lukás Sekanina,Brno University of Technology,https://www.fit.vut.cz/person/sekanina,-fLMT2cAAAAJ
Lukasz A. Kurgan,Virginia Commonwealth University,http://biomine.cs.vcu.edu,zXw_54AAAAAJ
Lukasz Debowski,IPI PAN,https://ipipan.waw.pl/instytut/pracownicy/lukasz-debowski,cNmTluAAAAAJ
Lukasz Golab,University of Waterloo,https://www.engineering.uwaterloo.ca/~lgolab,NOSCHOLARPAGE
Lukasz Jez,University of Wroclaw,https://www.enterprisetimes.co.uk/2017/04/28/infor-donates-erp-to-wroclaw-university,TJ4i9WQAAAAJ
Lukasz Kowalik,University of Warsaw,http://www.mimuw.edu.pl/~kowalik,etDDW8sAAAAJ
Lukasz Ziarek,University at Buffalo,http://www.cse.buffalo.edu/people/?u=lziarek,Bi8bhC0AAAAJ
Luke Huan,University of Kansas,https://www.ittc.ku.edu/~jhuan,j2PH0Y0AAAAJ
Luke J. Lee,Univ. of California - Berkeley,http://biopoets.berkeley.edu,xADN4DUAAAAJ
Luke N. Olson,Univ. of Illinois at Urbana-Champaign,http://lukeo.cs.illinois.edu,o43oc6AAAAAJ
Luke Olson,Univ. of Illinois at Urbana-Champaign,http://lukeo.cs.illinois.edu,o43oc6AAAAAJ
Luke Ong,University of Oxford,https://www.cs.ox.ac.uk/luke.ong,NOSCHOLARPAGE
Luke S. Zettlemoyer,University of Washington,https://www.cs.washington.edu/people/faculty/lsz,UjpbO6IAAAAJ
Luke Zettlemoyer,University of Washington,https://www.cs.washington.edu/people/faculty/lsz,UjpbO6IAAAAJ
Lunjin Lu,Oakland University,http://www.secs.oakland.edu/~l2lu,HkY25zMAAAAJ
Luoyi Fu,Shanghai Jiao Tong University,http://www.cs.sjtu.edu.cn/~fu-ly/index.html,xHs9mCUAAAAJ
Luqi,Naval Postgraduate School,http://faculty.nps.edu/luqi,OJBm5MYAAAAJ
Lusheng Wang 0001,City University of Hong Kong,https://www.cs.cityu.edu.hk/~lwang,rb0Rzp8AAAAJ
Lutz Maicher,Friedrich Schiller University Jena,http://tt.uni-jena.de,8k5_f7cAAAAJ
Lutz Prechelt,Freie Universitaet Berlin,http://www.mi.fu-berlin.de/w/Main/LutzPrechelt,ZY2MP7QAAAAJ
Lutz Schröder,University of Erlangen–Nuremberg,https://www8.cs.fau.de/schroeder,buulfpEAAAAJ
Luyi Xing,Indiana University,https://luyixing.weebly.com,xTjH_GAAAAAJ
Lydia B. Chilton,Columbia University,https://www.cs.columbia.edu/~chilton,RpxD-7QAAAAJ
Lydia E. Kavraki,Rice University,http://www.cs.rice.edu/~kavraki,Q6pxNZYAAAAJ
Lydia Lau,University of Leeds,https://eps.leeds.ac.uk/computing/staff/44/dr-lydia-lau,NOSCHOLARPAGE
Lydia Tapia,University of New Mexico,http://www.cs.unm.edu/~tapia,V2LAAxUAAAAJ
Lydia Y. Chen,TU Delft,https://www.lydiaychen.com,xXu_fMcAAAAJ
Lydia Yiyu Chen,TU Delft,https://www.lydiaychen.com,xXu_fMcAAAAJ
Lyle H. Ungar,University of Pennsylvania,http://www.cis.upenn.edu/~ungar,KCiDjbkAAAAJ
Lyle Ungar,University of Pennsylvania,http://www.cis.upenn.edu/~ungar,KCiDjbkAAAAJ
Lynda Hardman,CWI,http://homepages.cwi.nl/~lynda,tO5nca4AAAAJ
Lyndon While,University of Western Australia,http://uwa.edu.au/people/lyndon.while,NOSCHOLARPAGE
Lynette Johns-Boast,Australian National University,https://researchers.anu.edu.au/researchers/johns-boast-l,Gdi5XR4AAAAJ
Lynette van Zijl,Stellenbosch University,http://www.cs.sun.ac.za/~lvzijl,VYsbpdwAAAAJ
Lynn Dombrowski,IUPUI,https://soic.iupui.edu/people/lynn-dombrowski,ZCNrpS8AAAAJ
Lynn Peterson,University of Texas at Arlington,http://ranger.uta.edu/~peterson/peterson.html,6TIFDwoAAAAJ
Lynn S. Dombrowski,IUPUI,https://soic.iupui.edu/people/lynn-dombrowski,ZCNrpS8AAAAJ
Lynne Baillie,Heriot-Watt University,https://www.hw.ac.uk/staff/uk/macs/lynne-baillie.htm,qusCPxoAAAAJ
Lynne Blair,Lancaster University,https://www.lancaster.ac.uk/scc/about-us/people/lynne-blair,h8gpGz0AAAAJ
Lynne E. Parker,University of Tennessee,http://web.eecs.utk.edu/~leparker,XxGyUpAAAAAJ
Lynne Parker,University of Tennessee,http://web.eecs.utk.edu/~leparker,XxGyUpAAAAAJ
