alias,name
Aldo Faisal,A. Aldo Faisal
Aldo A. Faisal,A. Aldo Faisal
Ahmet Cüneyd Tantug,A. Cüneyd Tantug
Gusz Eiben,A. E. Eiben
Guszti Eiben,A. E. Eiben
Ágoston E. Eiben,A. E. Eiben
Abdullah Ercument Cicek,A. Ercument Cicek
Jeff Offutt,A. Jefferson Offutt
Achutavarrier Prasad Vinod,A. Prasad Vinod
Vinod Achutavarrier Prasad,A. Prasad Vinod
Sima Uyar,A. Sima Etaner-Uyar
Ali Taylan Cemgil,A. Taylan Cemgil
Taylan Cemgil,A. Taylan Cemgil
A. William Roscoe,A. W. Roscoe
Bill Roscoe,A. W. Roscoe
Arda Yurdakul,A. Yurdakul
Aaron Bobick,Aaron F. Bobick
Aaron Henry Potechin,Aaron Potechin
Aaron Leon Roth,Aaron Roth
Aaron D. Striegel,Aaron Striegel
Abdelhakim Senhaji Hafid,Abdelhakim Hafid
Sumi Helal,Abdelsalam Helal
Abdou S. Youssef,Abdou Youssef
Abdul Mohsen Almalawi,Abdulmohsen Almalawi
Abhiram Ranade,Abhiram G. Ranade
Abhradeep Guha Thakurta,Abhradeep Thakurta
Abolfazl Seyed Motahari,Abolfazl S. Motahari
Avi Silberschatz,Abraham Silberschatz
Adalberto Lafcadio Simeone,Adalberto L. Simeone
Adam Klivans,Adam R. Klivans
Adarsh S. Sethi,Adarshpal S. Sethi
Adel Elmaghraby,Adel Said Elmaghraby
Adele Anna Rescigno,Adele A. Rescigno
Adenilso Simão,Adenilso da Silva Simão
Aditya Thakur,Aditya V. Thakur
Adrian R. Vetta,Adrian Vetta
Adriano César Machado Pereira,Adriano C. M. Pereira
Adriano Alonso Veloso,Adriano Veloso
Aduri Pavan,A. Pavan 0001
Niki Trigoni,Agathoniki Trigoni
Agma Juci Machado Traina,Agma J. M. Traina
Ajit Arvind Diwan,Ajit A. Diwan
Ajoy Kumar Datta,Ajoy K. Datta
Akiko N. Aizawa,Akiko Aizawa
Akiko Nakahara,Akiko Aizawa
Alan L. Davis,Al Davis
Alan Richard Bundy,Alan Bundy
Alan Chi Hung Ling,Alan C. H. Ling
Alan Blair,Alan D. Blair
Alan Blackwell,Alan F. Blackwell
A. D. Fekete,Alan Fekete
Alan David Fekete,Alan Fekete
Alan Paul Fern,Alan Fern
Alan Mitchell Durham,Alan M. Durham
Alba C. M. A. Melo,Alba Cristina Magalhaes Alves de Melo
Alba de Melo,Alba Cristina Magalhaes Alves de Melo
Albert Cabellos,Albert Cabellos-Aparicio
Albert M. K. Cheng,Albert Mo Kim Cheng
Alberto Raposo,Alberto Barbosa Raposo
Alberto Cano Rojas,Alberto Cano 0001
Alberto Egon Schaeffer Filho,Alberto E. Schaeffer Filho
Alberto Manuel Rodrigues da Silva,Alberto Rodrigues da Silva
Alcione P. Oliveira,Alcione de Paiva Oliveira
Alessandro Fabricio Garcia,Alessandro F. Garcia
Alessandro Garcia,Alessandro F. Garcia
Alessandro Lameiras Koerich,Alessandro L. Koerich
Alessandro E. C. Redondi,Alessandro Redondi
Alessandro Enrico Cesare Redondi,Alessandro Redondi
Alessandro Enrico Redondi,Alessandro Redondi
Alessio R. Lomuscio,Alessio Lomuscio
Alexander Brodsky 0003,Alex Brodsky
Alexander O. Brodsky,Alex Brodsky
Alexander Endert,Alex Endert
Alex David Groce,Alex Groce
Alex Pang,Alex T. Pang
Alexander Zelikovsky,Alex Zelikovsky
Alex Aiken,Alexander Aiken
Alex Huth,Alexander G. Huth
Alexander Huth,Alexander G. Huth
Alexander Gerhard Schwing,Alexander G. Schwing
Alexander S. Kotov,Alexander Kotov
Alexander Rabinovich,Alexander Moshe Rabinovich
Alexander G. Ororbia II,Alexander Ororbia
Walter Alexander Pretschner,Alexander Pretschner
Sasha Rakhlin,Alexander Rakhlin
Alex Rasin,Alexander Rasin
Sasha Boldyreva,Alexandra Boldyreva
Alexandre Cláudio Botazzo Delbem,Alexandre C. B. Delbem
Alexandre Vasconcelos,Alexandre Marcos Lins de Vasconcelos
Alexandre Cabral Mota,Alexandre Mota
Alexandre Paulo Francisco,Alexandre P. Francisco
Alexandre P. de Carvalho,Alexandre Plastino
Alexandre Xavier Falcão,Alexandre X. Falcão
Alex Nicolau,Alexandru Nicolau
Alyosha A. Efros,Alexei A. Efros
Alexei P. Lisitsa,Alexei Lisitsa
Alfonso Baños Torrico,Alfonso Baños
Alf Weaver,Alfred C. Weaver
Fred Brown,Alfred L. Brown
Alfred J. Menezes,Alfred Menezes
Alfred Olivier Hero,Alfred O. Hero III
Alfredo Goldman vel Lejbman,Alfredo Goldman
Alfredo Weitzenfeld Ridel,Alfredo Weitzenfeld
Ali Akbar Ghorbani,Ali A. Ghorbani
Ali Asghar Nazari Shirehjini,Ali A. Nazari Shirehjini
Ali Hikmet Dogru,Ali H. Dogru
Ali Niknejad,Ali M. Niknejad
A. M. A. Hemmatyar,Ali Mohammad Afshin Hemmatyar
Ali Movaghar,Ali Movaghar-Rahimabadi
Alice Haeyun Oh,Alice H. Oh
Alice A. Miller,Alice Miller
Alin Olimpiu Albu-Schäffer,Alin Albu-Schäffer
Ali Reza Ejlali,Alireza Ejlali
Allison B. Lewko,Allison Bishop
Allison Bishop Lewko,Allison Bishop
Alois C. Knoll,Alois Knoll
Alvaro Adolfo Antunes Fernandes,Alvaro A. A. Fernandes
Alvaro Cardenas,Alvaro A. Cárdenas
Alwen Fernanto Tiu,Alwen Tiu
Amal J. Ahmed,Amal Ahmed
Amelia C. Regan,Amelia Regan
Mohammad Amin Shokrollahi,Amin Shokrollahi
Amir Houman Sadr,Amir Houmansadr
Salman Avestimehr,Amir Salman Avestimehr
Amit H. Bermano,Amit Bermano
Amit Levy,Amit A. Levy
Amiya R. Nayak,Amiya Nayak
Amotz Barnoy,Amotz Bar-Noy
Amr Magdy Ahmed,Amr Magdy 0001
Amy Catherine Ulinski,Amy Banic
Amy Ulinski Banic,Amy Banic
Amy S. Bruckman,Amy Bruckman
An-I Andy Wang,An-I Wang
Ana C. V. de Melo,Ana Cristina Vieira de Melo
Ana Lúcia C. Bazzan,Ana L. C. Bazzan
Ana Lúcia Cetertich Bazzan,Ana L. C. Bazzan
Ana Regina Rocha,Ana Regina Cavalcanti da Rocha
Ana Teresa Freitas,Ana T. Freitas
Bhojan Anand,Anand Bhojan
Anand Tripathi,Anand R. Tripathi
Ananth Kalyanaraman,Anantharaman Kalyanaraman
Anarosa Alves Franco Brandão,Anarosa A. F. Brandão
Anarosa Brandão,Anarosa A. F. Brandão
Ailamaki Natassa,Anastasia Ailamaki
Anastassia Ailamaki,Anastasia Ailamaki
Tasos Kyrillidis,Anastasios Kyrillidis
Anat Paskin,Anat Paskin-Cherniavsky
Anca Ralescu,Anca L. Ralescu
Anderson de Rezende Rocha,Anderson Rocha
Andy Mirzaian,Andranik Mirzaian
Andrej Scedrov,Andre Scedrov
Andrea C. Dusseau,Andrea C. Arpaci-Dusseau
Andrea Francesco Abate,Andrea F. Abate
Andrea Herrera,Andrea Herrera Suescún
Andrea Lockerd,Andrea Lockerd Thomaz
Andrea Thomaz,Andrea Lockerd Thomaz
Andreas Albrecht,Andreas Alexander Albrecht
Andrzej Wichert,Andreas Wichert
Andrei Bulatov,Andrei A. Bulatov
Andrei C. Jalba,Andrei Jalba
Andrew Colin Rice,Andrew C. Rice
Andrew Simpson,Andrew C. Simpson
Andrew D. Calway,Andrew Calway
Andrew C. Yao,Andrew Chi-Chih Yao
Andrew David Ker,Andrew D. Ker
Andrew J. Ko,Andrew Jensen Ko
Andy Ko,Andrew Jensen Ko
Andy Nealen,Andrew Nealen
Andrew Tolmach,Andrew P. Tolmach
Andy Pavlo,Andrew Pavlo
Andy Tanenbaum,Andrew S. Tanenbaum
Andrew William Moore,Andrew W. Moore 0002
Andri Ioannou-Nicolaou,Andri Ioannou
Andy van Dam,Andries van Dam
Andras Farago,András Faragó
André C. P. L. F. Carvalho,André Carlos Ponce de Leon Ferreira de Carvalho
André C. P. L. F. de Carvalho,André Carlos Ponce de Leon Ferreira de Carvalho
André Carlos Ponce Leon Ferreira de Carvalho,André Carlos Ponce de Leon Ferreira de Carvalho
Andrés A. Lucero,Andrés Lucero
Andrew Hopper,Andy Hopper
Andrew J. Wellings,Andy J. Wellings
Aggeliki Arapoyanni,Angela Arapoyanni
Angus Forbes,Angus Graeme Forbes
Anisoara Calinescu,Ani Calinescu
Niki Kittur,Aniket Kittur
Anil K. Jain 0001,Anil K. Jain
Anil Kumar Jain,Anil K. Jain
Anil Kumar S. Vullikanti,Anil Vullikanti
Anish Man Singh Shrestha,Anish M. S. Shrestha
Ann E. Blandford,Ann Blandford
Ann Nicholson,Ann E. Nicholson
Ann Franchesca Laguna,Ann Franchesca B. Laguna
Ann Quiroz Gates,Ann Q. Gates
Anna Jordanous,Anna K. Jordanous
Anna L. Cox,Anna Louise Cox
Anna Vilanova Bartrolí,Anna Vilanova
Anne Martens,Anne Koziolek
Anneliese Andrews,Anneliese Amschler Andrews
Anneliese von Mayrhauser,Anneliese Amschler Andrews
Annika Marie Hinze,Annika Hinze
Ansaf Salleb,Ansaf Salleb-Aouissi
A. C. W. Finkelstein,Anthony Finkelstein
Anthony Hoi Tin Tang,Anthony Tang 0001
Anthony W. Lin,Anthony Widjaja Lin
Anthony Widjaja To,Anthony Widjaja Lin
Anthony Ian Wirth,Anthony Wirth
Tony Wirth,Anthony Wirth
Antonio A. F. Loureiro,Antonio Alfredo Ferreira Loureiro
Antonio C. S. Beck,Antonio Carlos Schneider Beck
Antonio Carlos Schneider Beck Filho,Antonio Carlos Schneider Beck
Antonio Luz Furtado,Antonio L. Furtado
Tony Hosking,Antony L. Hosking
António M. Grilo,António Grilo
António Manuel Grilo,António Grilo
António Rito Silva,António Manuel Ferreira Rito da Silva
Anxiao Andrew Jiang,Anxiao Jiang
Arlindo Limede Oliveira,Arlindo L. Oliveira
Arturo Azcorra Saloña,Arturo Azcorra
Arturo Caronongan,Arturo P. Caronongan III
Arun Sood,Arun K. Sood
Arun Abraham Ross,Arun Ross
Leonid Kontorovich,Aryeh Kontorovich
Arzucan Ozgur,Arzucan Özgür
Ashish Choudhary,Ashish Choudhury
Ashok Narayanan Veeraraghavan,Ashok Veeraraghavan
M. V. N. Ashwin Kumar,Ashwin Machanavajjhala
A. J. Kfoury,Assaf J. Kfoury
Atif M. Memon,Atif Memon
Attila Altay Yavuz,Attila A. Yavuz
Augusto C. A. Sampaio,Augusto Sampaio
Aurélien Francillon,Aurelien Francillon
Austin C. Melton,Austin Melton
Autran Macedo,Autran Macêdo
Avelino F. Zorzo,Avelino Francisco Zorzo
Aylin Caliskan Islam,Aylin Caliskan
Ayse Tosun,Ayse Tosun Misirli
Aysenur Birturk,Aysenur Akyuz Birturk
Abedelaziz Mohaisen,Aziz Mohaisen
Azzedine F. M. Boukerche,Azzedine Boukerche
Berk Ustundag,B. Berk Ustundag
Balakrishnan Prabhakaran,B. Prabhakaran
Badri Nath,B. R. Badrinath
Bangalore S. Manjunath,B. S. Manjunath
Bala Srinivasan,Balasubramaniam Srinivasan
Raman Balasubramanian,Balasubramanian Raman
Balbir Barn,Balbir S. Barn
Barbara Engelhardt,Barbara E. Engelhardt
Barbara Mary Chapman,Barbara M. Chapman
Barbora Zimmerova,Barbora Buhnova
Baris Akgun,Baris Akgün
Bart Piet Knijnenburg,Bart P. Knijnenburg
Bartek Blaszczyszyn,Bartlomiej Blaszczyszyn
S. P. Luttik,Bas Luttik
Bassam Hammo,Bassam H. Hammo
Bastian Goldluecke,Bastian Goldlücke
Behrooz A. Shirazi,Behrooz Shirazi
Béla Gipp,Bela Gipp
Benjamin A. Carterette,Ben Carterette
Benjamin M. Glocker,Ben Glocker
Bernardus Juurlink,Ben H. H. Juurlink
Ben W. Reichardt,Ben Reichardt
Benjamin Swift,Ben Swift
Benjamin W. Fuller,Benjamin Fuller
Benjamin Marlin,Benjamin M. Marlin
Benjamin Adam Raichel,Benjamin Raichel
Ben Recht,Benjamin Recht
Benjamin David Van Durme,Benjamin Van Durme
Benjamin Wan-Sang Wah,Benjamin W. Wah
Bernard Marie Chazelle,Bernard Chazelle
Bernard Menezes,Bernard L. Menezes
Bernardo David,Bernardo Machado David
Bernd Bruegge,Bernd Brügge
Bert C. Huang,Bert Huang
Berthold Klaus Paul Horn,Berthold K. P. Horn
Beth A. Plale,Beth Plale
Betsy DiSalvo,Betsy James DiSalvo
Bianca Schröder,Bianca Schroeder
Binay Bhattacharya,Binay K. Bhattacharya
Bistra Dilkina,Bistra N. Dilkina
Bjoern Holger Menze,Bjoern H. Menze
Björn Bernhard Brandenburg,Björn B. Brandenburg
Bjoern Hartmann,Björn Hartmann
Robert E. Fields,Bob Fields
Bobak Jack Mortazavi,Bobak Mortazavi
Robert E. Bodenheimer,Bobby Bodenheimer
Robert B. Schnabel,Bobby Schnabel
Bonnie Nash-Webber,Bonnie L. Webber
Bradford Gregory John Heap,Bradford Heap
Brad T. Vander Zanden,Bradley T. Vander Zanden
Brendan O'Connor,Brendan T. O'Connor
Brenna D. Argall,Brenna Argall
Brent R. Waters,Brent Waters
Brian Noble,Brian D. Noble
Brian David Outram Anderson,Brian D. O. Anderson
Brian Mak,Brian Kan-Wing Mak
Brian C. Keegan,Brian Keegan
Briane Paul V. Samson,Briane Paul Samson
Philip Brighten Godfrey,Brighten Godfrey
Brittany Fasy,Brittany Terese Fasy
Bruce MacDowell Maggs,Bruce M. Maggs
Bruno Magalhães Nogueira,Bruno M. Nogueira
Bruno F. M. Ribeiro,Bruno Ribeiro 0001
Bruno F. Ribeiro,Bruno Ribeiro 0001
Francis Bu-Sung Lee,Bu-Sung Lee
Bhubaneswar Mishra,Bud Mishra
Burkhard C. Wünsche,Burkhard Wünsche
Burkhard Wuensche,Burkhard Wünsche
Byung-Ro Moon,Byung Ro Moon
Aiswarya Cyriac,C. Aiswarya
Cyriac Aiswarya,C. Aiswarya
Barry Jay,C. Barry Jay
Ching-Hua Chow,C. Edward Chow
Clyde Lee Giles,C. Lee Giles
Christiane Neme Campos,C. N. Campos
Chandrasekaran Pandu Rangan,C. Pandu Rangan
Cartic R. Ramakrishnan,C. R. Ramakrishnan
Chebiyyam Siva Ram Murthy,C. Siva Ram Murthy
Chung-Chieh Jay Kuo,C.-C. Jay Kuo
Luke Ong,C.-H. Luke Ong
Caetano Traina Junior,Caetano Traina Jr.
Caitlin L. Kelleher,Caitlin Kelleher
Calvin Newport,Calvin C. Newport
Can C. Özturan,Can Özturan
Candy L. Sidner,Candace L. Sidner
Cara K. MacNish,Cara MacNish
Carey Williamson,Carey L. Williamson
Carl A. Gutwin,Carl Gutwin
Carl Hauser,Carl H. Hauser
Carla M. D. S. Freitas,Carla Maria Dal Sasso Freitas
Carla T. L. L. Silva,Carla Schuenemann
Carla Taciana Lima Lourenco Silva Schuenemann,Carla Schuenemann
Carlisle George,Carlisle E. George
Carlisle Adams,Carlisle M. Adams
Carlo Alberto Furia,Carlo A. Furia
Carlos A. J. Martinhon,Carlos Alberto de Jesus Martinhon
Carlos E. Ferreira,Carlos Eduardo Ferreira
Carlos Scheidegger,Carlos Eduardo Scheidegger
Carlos H. Morimoto,Carlos Hitoshi Morimoto
Carlos Morimoto,Carlos Hitoshi Morimoto
Carlos Lucena,Carlos José Pereira de Lucena
Carlos Gustavo López Pombo,Carlos López Pombo
Carlos Roque Martinho,Carlos Martinho
Carlos R. Osuna,Carlos R. Rivero
Carlos Eduardo R. Lopes,Carlos Roberto Lopes
Carlos R. Lopes,Carlos Roberto Lopes
Carl Leuschen,Carlton J. Leuschen
Carole Anne Goble,Carole A. Goble
Caroline Christina Friedel,Caroline C. Friedel
Carroll C. Morgan,Carroll Morgan
Carson K. Leung,Carson Kai-Sang Leung
Cas Cremers,Cas J. F. Cremers
Casey Redd Kennington,Casey Kennington
Catherine S. Holloway,Catherine Holloway
Catherine Olschanowsky,Catherine Mills Olschanowsky
Catholijn Jonker,Catholijn M. Jonker
C. S. Raghavendra,Cauligi S. Raghavendra
Cecília Mary Fischer Rubira,Cecília M. F. Rubira
Chandrajit Bajaj,Chandrajit L. Bajaj
Changbin Brad Yu,Changbin Yu
Chang-shui Zhang,Changshui Zhang
Charibeth Cheng,Charibeth Ko Cheng
Chuck Hansen,Charles D. Hansen
Charlie E. Hughes,Charles E. Hughes
Charlie McDowell,Charles E. McDowell
Charles Joseph Colbourn,Charles J. Colbourn
Charles L. Isbell,Charles Lee Isbell Jr.
Charles F. Van Loan,Charles Van Loan
Chase Q. Wu,Chase Qishi Wu
Qishi Wu,Chase Qishi Wu
Chee-Yong Chan,Chee Yong Chan
Chee K. Yap,Chee-Keng Yap
Chee Yap,Chee-Keng Yap
C. Chandra Sekhar,Chellu Chandra Sekhar
Chengxiang Zhai,ChengXiang Zhai
Cheryl Denise Seals,Cheryl D. Seals
Cheryl Seals,Cheryl D. Seals
Phillip Chi-Wing Fu,Chi-Wing Fu
Chinmay Eishan Kulkarni,Chinmay Kulkarni
Chiru Bhattacharyya,Chiranjib Bhattacharyya
Chitta Mandal,Chittaranjan A. Mandal
Eng Siong Chng,Chng Eng Siong
Engsiong Chng,Chng Eng Siong
Chongjun Wang,Chong-Jun Wang
Christopher Bailey-Kellogg,Chris Bailey-Kellogg
Christopher W. Clifton,Chris Clifton
Hong Q. Ding,Chris H. Q. Ding
Christopher M. Jermaine,Chris Jermaine
Christopher L. North,Chris North
Christopher Piech,Chris Piech
Christopher Russell 0001,Chris Russell 0001
Chris Biemann,Christian Biemann
Christian Guetl,Christian Gütl
Christian Darken,Christian J. Darken
Christian Nørgaard Storm Pedersen,Christian N. S. Pedersen
Christian R. Huyck,Christian Robert Huyck
Christiano de O. Braga,Christiano Braga
Christine Lætitia Lisetti,Christine L. Lisetti
Christine Largeron-Leténo,Christine Largeron
Christof Hübner,Christof Huebner
Christoffer R. Heckman,Christoffer Heckman
Christos Kozyrakis,Christoforos E. Kozyrakis
Christoph Meyer 0001,Christoph M. Kirsch
Chris Bailey,Christopher Bailey 0002
Chris Bystroff,Christopher Bystroff
Chris Clack,Christopher D. Clack
Christopher J. Dutchyn,Christopher Dutchyn
Christopher M. Homan,Christopher Homan
Chris Pal,Christopher Joseph Pal
Christopher J. Pal,Christopher Joseph Pal
Christopher Kruegel,Christopher Krügel
Christopher A. Leckie,Christopher Leckie
Chris R. Johnson,Christopher R. Johnson
Chris R. Johnson 0001,Christopher R. Johnson 0001
Chris Scaffidi,Christopher Scaffidi
Chris Umans,Christopher Umans
Chris W. Johnson 0001,Christopher W. Johnson 0001
Chris Wojtan,Christopher Wojtan
Christos Harilaos Papadimitriou,Christos H. Papadimitriou
C. Carvalho de Souza,Cid C. de Souza
Cid Carvalho de Souza,Cid C. de Souza
Cigdem Gunduz Demir,Cigdem Demir
Cigdem Gunduz,Cigdem Demir
Cindy Xinmin Chen,Cindy X. Chen
Claire Tomlin,Claire J. Tomlin
Claire Kenyon,Claire Mathieu
Claire Kenyon-Mathieu,Claire Mathieu
Clarindo Isaías P. S. Pádua,Clarindo Isaías Pereira da Silva e Pádua
Clarindo Pádua,Clarindo Isaías Pereira da Silva e Pádua
Clarisse S. de Souza,Clarisse Sieckenius de Souza
Clark D. Thompson,Clark D. Thomborson
Clark David Thomborson,Clark D. Thomborson
Clark Barrett,Clark W. Barrett
Claudia Popien,Claudia Linnhoff-Popien
Cláudio Toledo,Claudio Fabiano Motta Toledo
Claudio Gutiérrez 0001,Claudio Gutierrez
Clelia De Felice,Clelia de Felice
Cliff C. Zou,Cliff Changchun Zou
Cliff Stein,Clifford Stein
Clodoveu Augusto Davis Junior,Clodoveu A. Davis Jr.
Cláudia Werner,Cláudia Maria Lima Werner
Cláudio F. R. Geyer,Cláudio Fernando Resin Geyer
Colin Graeme Johnson,Colin G. Johnson
Colin S. Perkins,Colin Perkins
Collin F. Lynch,Collin Lynch
Konstantinos Daskalakis,Constantinos Daskalakis
Constantine Dovrolis,Constantinos Dovrolis
Kees Huizing,Cornelis Huizing
Cory Beard,Cory C. Beard
Cosmin Eugen Oancea,Cosmin E. Oancea
Craig Macdonald,Craig MacDonald
Cristian Calude,Cristian S. Calude
Cristina Gomes Fernandes,Cristina G. Fernandes
Cristina Videira Lopes,Cristina V. Lopes
Cynthia Liem,Cynthia C. S. Liem
Cindy Marling,Cynthia R. Marling
Cyrille Valentin Artho,Cyrille Artho
Célia A. Z. Barcelos,Célia A. Zorzo Barcelos
Célio Albuquerque,Célio Vinicius N. de Albuquerque
Célio Vinicius Neves de Albuquerque,Célio Vinicius N. de Albuquerque
César Augusto Fonticielha De Rose,César A. F. De Rose
César Augusto Missio Marcon,César A. M. Marcon
Daochuan Hung,D. C. Douglas Hung
D. Janakiram,D. Janaki Ram
Dharanipragada Janakiram,D. Janaki Ram
Janakiram Dharanipragada,D. Janaki Ram
Damal Kandadai Arvind,D. K. Arvind
Duncan M. Hank Walker,D. M. H. Walker
Martin Swany,D. Martin Swany
D. Mitch Wilkes,D. Mitchell Wilkes
Deniz Turgay Altilar,D. Turgay Altilar
Dae Hyun Kim,Daehyun Kim
Dag Svanaes,Dag Svanæs
Dale A. Carnegie,Dale Anthony Carnegie
Daniel Page,Dan Page
Daniel S. Wallach,Dan S. Wallach
Dana Richards,Dana S. Richards
Danfeng (Daphne) Yao,Danfeng Yao
Daniel Dominic Kaplan Sleator,Daniel Dominic Sleator
Daniel Fernandes Macedo,Daniel F. Macedo
Daniel Gregory Brown,Daniel G. Brown 0001
Daniel Jorge Viegas Gonçalves,Daniel Gonçalves 0002
Daniel Abadi,Daniel J. Abadi
Daniel Wigdor,Daniel J. Wigdor
Dan Jurafsky,Daniel Jurafsky
Dan Kifer,Daniel Kifer
Daniel Kröning,Daniel Kroening
Daniel Král',Daniel Král
Daniel Chester,Daniel L. Chester
Daniel Lokshantov,Daniel Lokshtanov
Daniel Macêdo Batista,Daniel M. Batista
Daniel Mauricio Romero,Daniel M. Romero
Dan Huttenlocher,Daniel P. Huttenlocher
Dan Miranker,Daniel P. Miranker
Daniel Pieter Saakes,Daniel Saakes
Daniel R. Sheldon,Daniel Sheldon
Daniel Cardoso Moraes de Oliveira,Daniel de Oliveira 0001
Daniela Damian,Daniela E. Damian
Daniela E. Herlea,Daniela E. Damian
Daniela G. Trevisan,Daniela Gorski Trevisan
Daniela Trevisan,Daniela Gorski Trevisan
Daniela Raicu,Daniela Stan Raicu
Daniela Stan,Daniela Stan Raicu
Danielle Albers,Danielle Albers Szafir
Danny Cheng,Danny C. Cheng
Daniel Hughes,Danny Hughes 0001
Darek Kowalski,Dariusz R. Kowalski
Darío Correal,Darío Ernesto Correal Torres
David Leake,David B. Leake
David T. Blaauw,David Blaauw
David W. Cordes,David Cordes
David Feng,David Dagan Feng
David Culler,David E. Culler
David Arthur Eppstein,David Eppstein
Dave Andersen,David G. Andersen
David J. Gavaghan,David Gavaghan
David H. C. Du,David Hung-Chang Du
David Greaves,David J. Greaves
David Martinus Johannes Tax,David M. J. Tax
David Mimno,David M. Mimno
David F. Manlove,David Manlove
David Squire,David McG. Squire
Deh Cac Can,David Naccache
C. David Page Jr.,David Page
David L. Poole,David Poole 0001
David Kaeli,David R. Kaeli
David Wishart,David S. Wishart
Dawn T. MacIsaac,Dawn MacIsaac
Dawn Song,Dawn Xiaodong Song
DeLiang L. Wang,DeLiang Wang
Debbie Leung,Debbie W. Leung
D. Medhi,Deep Medhi
Deepankar Medhi,Deep Medhi
Denis F. Wolf,Denis Fernando Wolf
Dennis Elliot Shasha,Dennis Shasha
Dennis E. Shasha,Dennis Shasha
Derek Reilly,Derek F. Reilly
Derek Gordon Corneil,Derek G. Corneil
Dexter Campbell Kozen,Dexter Kozen
Diana Francisca Adamatti,Diana F. Adamatti
Diana Zaiu Inkpen,Diana Inkpen
Diane Joyce Cook,Diane J. Cook
Diego Martinez Plasencia,Diego Martínez 0001
Dieter Zoebel,Dieter Zöbel
Dilma M. Da Silva,Dilma Da Silva
Dilvan A. Moreira,Dilvan de Abreu Moreira
Dimitris Makrakis,Dimitrios Makrakis
Dimitrios Pezaros,Dimitrios P. Pezaros
Dimitris Pezaros,Dimitrios P. Pezaros
Dimitris S. Kolovos,Dimitrios S. Kolovos
Demetrios Achlioptas,Dimitris Achlioptas
Dimitris Papailiopoulos,Dimitris S. Papailiopoulos
Dina Duhovny,Dina Schneidman-Duhovny
Dinesh Babu J.,Dinesh Babu Jayagopi
Divanilson R. Campelo,Divanilson Campelo
Divy Agrawal,Divyakant Agrawal
Dmitry Ponomarev,Dmitry V. Ponomarev
Dominik L. Michels,Dominik Ludewig Michels
Donald R. Sheehy,Don Sheehy
Donald Sheehy,Don Sheehy
Donald F. Towsley,Don Towsley
Don Adjeroh,Donald A. Adjeroh
Donald C. Wunsch,Donald C. Wunsch II
Don Perlis,Donald Perlis
Donna Cox,Donna J. Cox
Dorgival Olavo Guedes Neto,Dorgival O. Guedes
Doron Peled,Doron A. Peled
Douglas E. Comer,Douglas Comer
Douglas Leslie Maskell,Douglas L. Maskell
Drew V. McDermott,Drew McDermott
Duen Horng (Polo) Chau,Duen Horng Chau
Duncan D. Ruiz,Duncan Dubugras Alcoba Ruiz
Duncan Dubugras A. Ruiz,Duncan Dubugras Alcoba Ruiz
Duncan Gillies,Duncan Fyfe Gillies
Dylan Shell,Dylan A. Shell
Débora C. Muchaluat,Débora C. Muchaluat-Saade
Débora Christina Muchaluat-Saade,Débora C. Muchaluat-Saade
Jim Whitehead,E. James Whitehead Jr.
Elmootazbellah (Mootaz) Elnozahy,E. N. Elnozahy
Eddy Zheng Zhang,Eddy Z. Zhang
Edith Spaan,Edith Hemaspaandra
Edith L. M. Law,Edith Law
Edmundo R. M. Madeira,Edmundo Roberto Mauro Madeira
Edmundo Albuquerque de Souza e Silva,Edmundo de Souza e Silva
Edoardo S. Biagioni,Edoardo Biagioni
E. N. Cáceres,Edson Cáceres
Edson Norberto Cáceres,Edson Cáceres
Edson Prestes,Edson Prestes e Silva Jr.
Eduard Ayguadé Parra,Eduard Ayguadé
Eduard C. Dragut,Eduard Constantin Dragut
E. C. Xavier,Eduardo C. Xavier
Eduardo Candido Xavier,Eduardo C. Xavier
Eduardo Magno Lages Figueiredo,Eduardo Figueiredo
Eduardo Raul Hruschka,Eduardo R. Hruschka
Ed Lazowska,Edward D. Lazowska
Edwin Robert Hancock,Edwin R. Hancock
Eftichis Sifakis,Eftychios Sifakis
Eli Bozorgzadeh,Elaheh Bozorgzadeh
Elaine May Huang,Elaine M. Huang
Elaine Parros Machado de Sousa,Elaine P. M. de Sousa
Elaine R. Faria,Elaine Ribeiro de Faria
Elaine Runting Shi,Elaine Shi
M. Elif Karsligil,Elif Mine Karsligil
Elizabeth M. Belding,Elizabeth M. Belding-Royer
Elizabeth M. Royer,Elizabeth M. Belding-Royer
Ellen F. Barbosa,Ellen Francine Barbosa
Emo Todorov,Emanuel Todorov
Emery Berger,Emery D. Berger
Emil Constantine Lupu,Emil C. Lupu
Emil Lupu,Emil C. Lupu
Emily Hand,Emily M. Hand
Emily Mower,Emily Mower Provost
Emmanuel O. Agu,Emmanuel Agu
E. J. Yannakoudakis,Emmanuel J. Yannakoudakis
I. Emre Telatar,Emre Telatar
Enrique Carlos Segura Meccia,Enrique Carlos Segura
Erhard Ploedereder,Erhard Plödereder
Eric P. S. Baumer,Eric Baumer
Eric Aubanel,Eric E. Aubanel
Eric Fosler,Eric Fosler-Lussier
J. Eric Fosler,Eric Fosler-Lussier
Eric Andre Martin,Eric Martin 0002
Eric G. Mercer,Eric Mercer
Eric Po Xing,Eric P. Xing
Eric William Davis Rozier,Eric Rozier
Erickson R. Nascimento,Erickson Rangel do Nascimento
Erickson R. do Nascimento,Erickson Rangel do Nascimento
Erik G. Miller,Erik G. Learned-Miller
Erik Gundersen Miller,Erik G. Learned-Miller
Erika Ábrahám-Mumm,Erika Ábrahám
Erin L. Brady,Erin Brady
Erin Treacy Solovey,Erin Solovey
Esra Fawaz Ahmad Alzaghoul,Esra Alzaghoul
Esteban Clua,Esteban Walter Gonzalez Clua
Ethel Chua Joy Ong,Ethel Ong
Ethel Chuajoy Ong,Ethel Ong
Gene Myers,Eugene W. Myers
Eugenia Ternovskaia,Eugenia Ternovska
Evan M. Drumwright,Evan Drumwright
F. Y. Young,Evangeline F. Y. Young
Fung Yu Young,Evangeline F. Y. Young
Vagelis Papalexakis,Evangelos E. Papalexakis
Vangelis Markakis,Evangelos Markakis
Eve Elizabeth Hoggan,Eve E. Hoggan
Evgueni Nikolaevich Smirnov,Evgueni N. Smirnov
Fabian Wirth,Fabian R. Wirth
Fabiano A. Dorça,Fabiano Azevedo Dorça
Fabiano Passuelo Hessel,Fabiano Hessel
Fabio Ramos,Fabio Tozeto Ramos
Fabio T. Ramos,Fabio Tozeto Ramos
Fabian E. Bustamante,Fabián E. Bustamante
Fabrício Benevenuto de Souza,Fabrício Benevenuto
Fahad Rafique Dogar,Fahad R. Dogar
Faith E. Fich,Faith Ellen
Faith Ellen Fich,Faith Ellen
Faith Fich,Faith Ellen
F. R. K. Chung,Fan Chung Graham
Fan Chung,Fan Chung Graham
Fan R. K. Chung,Fan Chung Graham
Faramarz Samavati,Faramarz F. Samavati
Farhad Ahani Kamangar,Farhad Kamangar
Farookh Hussain,Farookh Khadeer Hussain
Farzad Farnoud Hassanzadeh,Farzad Farnoud
Fatih Murat Porikli,Fatih Porikli
Fatos Tünay Yarman Vural,Fatos T. Yarman-Vural
Li Fei-Fei,Fei-Fei Li
Felipe M. G. França,Felipe Maia Galvão França
Felipe Rech Meneguzzi,Felipe Meneguzzi
Fernanda Gusmão de Lima,Fernanda Gusmão de Lima Kastensmidt
Fernanda Lima Kastensmidt,Fernanda Gusmão de Lima Kastensmidt
Fernando Castor,Fernando Castor Filho
Fernando José Castor de Lima Filho,Fernando Castor Filho
Fernando Esteban Barril Otero,Fernando E. B. Otero
Fernando Moraes,Fernando Gehm Moraes
Fikret Gürgen,Fikret S. Gürgen
Finale Doshi,Finale Doshi-Velez
Flavio de Figueiredo,Flavio Figueiredo
Flora Salim,Flora Dilys Salim
Florante R. Salvador,Florante Salvador
Florian Kammueller,Florian Kammüller
Flavio Keidi Miyazawa,Flávio Keidi Miyazawa
Flávio de Oliveira Silva,Flávio Oliveira Silva
Francesco A. N. Palmieri,Francesco Palmieri
Fran Berman,Francine Berman
Frank L. Merat,Francis L. Merat
Frank K. H. A. Dehne,Frank Dehne
Frank A. Drews,Frank Drews
Frank Shipman,Frank M. Shipman III
Frank Zhigang Wang,Frank Wang
Frank D. Wood,Frank Wood
Frank Yeong-Chyang Shih,Frank Y. Shih
Franklin de Lima Marquezino,Franklin L. Marquezino
Frans Adriaan Oliehoek,Frans A. Oliehoek
François Bry-Haußer,François Bry
Fred G. Martin,Fred Martin
Frederick R. M. Barnes,Fred R. M. Barnes
Fred Chong,Frederic T. Chong
Frederic Desprez,Frédéric Desprez
Fuhua Cheng,Fuhua (Frank) Cheng
Félix J. García,Félix J. García Clemente
Gil D. Marques,G. D. Marques
Gopalakrishnan Srinivasaraghavan,G. Srinivasaraghavan
Gabriel Elkaim,Gabriel Hugh Elkaim
Gabriel Luca Nazar,Gabriel L. Nazar
Gabriel López,Gabriel López Millán
Gabriele E. Danninger-Uchida,Gabriele Uchida
G. P. S. Raghava,Gajendra P. S. Raghava
Gajendra Pal Singh Raghava,Gajendra P. S. Raghava
Garimella Ramamurthy,Garimella Rama Murthy
Rama Murthy Garimella,Garimella Rama Murthy
Garrett Steven Rose,Garrett S. Rose
Geunbae Lee,Gary Geunbae Lee
Gary Gréwal,Gary William Grewal
G. Stefano Sukhatme,Gaurav S. Sukhatme
Gautam Kamath,Gautam C. Kamath
Gabriel Tsechpenakis,Gavriil Tsechpenakis
Gavrill Tsechpenakis,Gavriil Tsechpenakis
Genoveffa Tortora,Genny Tortora
Geoffrey Holmes,Geoff Holmes
Geoffrey Charles Fox,Geoffrey C. Fox
Geoffrey Werner Challen,Geoffrey Challen
Geoffrey S. Smith,Geoffrey Smith
Georgios A. Dafoulas,George A. Dafoulas
George R. Buchanan,George Buchanan
George Darmiton da Cunha Cavalcanti,George D. C. Cavalcanti
George Turkiyyah,George M. Turkiyyah
George Parissis,George Parisis
George Luiz Medeiros Teodoro,George Teodoro
Georgi Nedeltchev Gaydadjiev,Georgi Gaydadjiev
George Tziritas,Georgios Tziritas
Gerald B. Baumgartner,Gerald Baumgartner
Gerald Jay Sussman,Gerald J. Sussman
Geraldo Bonorino Xexéo,Geraldo Xexéo
Geraldo Zimbrao,Geraldo Zimbrão
Geraldo Zimbrão da Silva,Geraldo Zimbrão
Gerard J. Kim,Gerard Jounghyun Kim
Gerhard Hirzinger,Gerd Hirzinger
Germán Bravo,Germán Enrique Bravo Córdoba
Gernot R. Müller,Gernot R. Müller-Putz
Reza Haffari,Gholamreza Haffari
Gina M. B. Oliveira,Gina Maira Barbosa de Oliveira
Gisele Lobo Pappa,Gisele L. Pappa
Gita Sukthankar,Gita Reese Sukthankar
Giuseppe Antonio Di Lucca,Giuseppe A. Di Lucca
Pino Persiano,Giuseppe Persiano
Godmar V. Back,Godmar Back
Gökhan Ince,Gokhan Ince
Gonçalo Tavares,Gonçalo Nuno Gomes Tavares
Gordon S. Novak Jr.,Gordon S. Novak
Hui Yang 0001,Grace Hui Yang
Grace Rumantir,Grace W. Rumantir
Gregory Wadley,Greg Wadley
Gregory F. Welch,Greg Welch
Nils Gregor Leander,Gregor Leander
Greg Butler,Gregory Butler
Greg Ganger,Gregory R. Ganger
Greg Shakhnarovich,Gregory Shakhnarovich
Guilherme H. Travassos,Guilherme Horta Travassos
Guilherme Travassos,Guilherme Horta Travassos
Gul Agha,Gul A. Agha
Guojun Qi,Guo-Jun Qi
Guo-Hui Lin,Guohui Lin
Guoqing Harry Xu,Guoqing (Harry) Xu
Gustavo Enrique De Almeida Prado Alves Batista,Gustavo E. A. P. A. Batista
A. Th. Schreiber,Guus Schreiber
Gozde B. Unal,Gözde B. Ünal
Guenther Ruhe,Günther Ruhe
H. Altay Güvenir,H. Altay Guvenir
Hosagrahar Visvesvaraya Jagadish,H. V. Jagadish
Harold Vincent Poor,H. Vincent Poor
Chagit Attiya,Hagit Attiya
Haim Shvaytser,Haim Schweitzer
Heather Zheng,Haitao Zheng
Haiying (Helen) Shen,Haiying Shen
Haluk Bingöl,Haluk Bingol
Haluk O. Bingol,Haluk Bingol
Hamid Reza Rabiee,Hamid R. Rabiee
Hanan Lutfi Lutfiyya,Hanan Lutfiyya
Henry R. Childs,Hank Childs
H. Bast,Hannah Bast
J. M. Akkermans,Hans Akkermans
Hans Peter Reiser,Hans P. Reiser
Hans Werner Guesgen,Hans W. Guesgen
Hans-Werner Güsgen,Hans W. Guesgen
Johannes C. van Vliet,Hans van Vliet
Hao (Richard) Zhang,Hao Zhang 0002
Hal Abelson,Harold Abelson
Harold Castro,Harold E. Castro
Harshavardhan Chenji,Harsha Chenji
Hasan Jamil,Hasan M. Jamil
Hassan Farhat,Hassan A. Farhat
Hassan A. Artail,Hassan Artail
Hassan Ghasemzadeh Mohammadi,Hassan Ghasemzadeh
Hatice Köse,Hatice Kose-Bagci
Heather Anne Crawford,Heather Crawford
Héctor Muñoz-Avila,Hector Muñoz-Avila
Heinrich Hussmann,Heinrich Hußmann
Heinrich-Wilhelm Schmidt,Heinz W. Schmidt
Haiyan Lu,Helen Lu
Helena Sofia Andrade N. P. Pinto,Helena Sofia Pinto
Hemanta Kumar Maji,Hemanta K. Maji
Hank Korth,Henry F. Korth
Hank Hoffmann,Henry Hoffmann
Hank Levy,Henry M. Levy
Heon Y. Yeom,Heon Young Yeom
HeonChang Yu,Heon-Chang Yu
Hermann Haertig,Hermann Härtig
Herna Lydia Viktor,Herna L. Viktor
Herna Viktor,Herna L. Viktor
Hervé Lombaert,Herve Lombaert
Chai Quek,Hiok Chai Quek
Holger Hoos,Holger H. Hoos
Bernd-Holger Schlingloff,Holger Schlingloff
Hon-Wai Leong,Hon Wai Leong
Hong-Tao Lu,Hongtao Lu
Ghazanfar Asadi,Hossein Asadi
Hsin-Mu Michael Tsai,Hsin-Mu Tsai
Hubert Comon,Hubert Comon-Lundh
Hui Gary Zhang,Hui Zhang 0005
Hung M. La,Hung Manh La
Hung Quang Ngo,Hung Q. Ngo 0001
H. T. Mouftah,Hussein T. Mouftah
H. M. M. van de Wetering,Huub van de Wetering
Huy L. Nguyên,Huy L. Nguyen
Huy Le Nguyen,Huy L. Nguyen
Hwee-Pink Tan,Hwee Pink Tan
Hye-Chung (Monica) Kum,Hye-Chung Kum
Hye-Young Helen Paik,Hye-Young Paik
Hye-young Paik,Hye-Young Paik
I. J. Bate,Iain Bate
Iain John Bate,Iain Bate
Iain Phillips,Iain C. C. Phillips
Ian David Reid,Ian D. Reid 0001
Ian N. Davidson,Ian Davidson
Ian Douglas Horswill,Ian Horswill
Ian James Wassell,Ian J. Wassell
Ian Mitchell,Ian M. Mitchell
Ian E. Pratt,Ian Pratt-Hartmann
Ian S. Welch,Ian Welch
Ibrahim Körpeoglu,Ibrahim Korpeoglu
Ibrahim Abe M. Elfadel,Ibrahim M. Elfadel
Igor Monteiro Moraes,Igor M. Moraes
Igor V. Pivkin,Igor Pivkin
Ihab Francis Ilyas,Ihab F. Ilyas
Illah Reza Nourbakhsh,Illah R. Nourbakhsh
Ilyas Çiçekli,Ilyas Cicekli
Imad Elhajj,Imad H. Elhajj
In So Kweon,In-So Kweon
Inso Kweon,In-So Kweon
Ina Schäfer,Ina Schaefer
Ingemar Johansson Cox,Ingemar J. Cox
Ingolf H. Krüger,Ingolf Krüger
Ingolf Krueger,Ingolf Krüger
Ingrid M. R. Verbauwhede,Ingrid Verbauwhede
Jo Iacovides,Ioanna Iacovides
Yiannis Koutis,Ioannis Koutis
Ioannis Pavlidis,Ioannis T. Pavlidis
Ira Kemelmacher,Ira Kemelmacher-Shlizerman
Isabel Maria Cacho Teixeira,Isabel C. Teixeira
Islene Calciolari Garcia,Islene C. Garcia
Ismail H. Toroslu,Ismail Hakki Toroslu
Ismail Sengor Altingovde,Ismail Sengör Altingövde
Ivan Bjerre Damgård,Ivan Damgård
Ivan I. Garibary,Ivan Garibay
Iván Herman,Ivan Herman
Ivana Cerna,Ivana Cerná
Ivor Wai-Hung Tsang,Ivor W. Tsang
J. Strother Moore,J Strother Moore
John A. Halderman,J. Alex Halderman
Drew Bagnell,J. Andrew Bagnell
James A. Bagnell,J. Andrew Bagnell
James Andrew Bagnell,J. Andrew Bagnell
J. Doug Tygar,J. D. Tygar
Eliot Moss,J. Eliot B. Moss
José Fernando Alves da Silva,J. Fernando A. da Silva
José Fernando Silva,J. Fernando A. da Silva
Greg Morrisett,J. Gregory Morrisett
Jose Joaquin Garcia-Luna-Aceves,J. J. Garcia-Luna-Aceves
John Mark Pullen,J. Mark Pullen
Jan Paul Siebert,J. Paul Siebert
Paul Siebert,J. Paul Siebert
Robin Cockett,J. Robin B. Cockett
James Stephen Marron,J. S. Marron
Jagarlapudi Saketha Nath,J. Saketha Nath
Jeremy Z. Kolter,J. Zico Kolter
Jesus Ángel Velázquez-Iturbide,J. Ángel Velázquez-Iturbide
Jack Dongarra,Jack J. Dongarra
A. J. Jansen,Jack Jansen
David J. Mostow,Jack Mostow
John (Jack) Morgan Sampson,Jack Sampson
John Sampson,Jack Sampson
Jacky Hansjoerg Baltes,Jacky Baltes
Jacob White,Jacob K. White
Jacob William Crandall,Jacob W. Crandall
Jaelson Castro,Jaelson Brelaz de Castro
Jaelson Freire Brelaz de Castro,Jaelson Brelaz de Castro
Jaijeet Roychowdhury,Jaijeet S. Roychowdhury
Jaime Delgado Merce,Jaime Delgado
James Alexander Hendler,James A. Hendler
Jim Hendler,James A. Hendler
Jim Austin,James Austin
Bret Michael,James Bret Michael
J. Bret Michael,James Bret Michael
Jim Canning,James Canning
Jim Hollan,James D. Hollan
James E. Davis,James Davis 0001
James Weldon Demmel,James Demmel
Jim Demmel,James Demmel
James E. Young,James Everett Young
Jim Kurose,James F. Kurose
James A. Fogarty,James Fogarty
James H. Cross,James H. Cross II
James Harold Davenport,James H. Davenport
Jim Martin,James J. Martin
James Kwangjune Hahn,James K. Hahn
James David Laird,James Laird
Jim Laird,James Laird
James Matthew Rehg,James M. Rehg
Jim McCann,James McCann
James W. Mickens,James Mickens
Jamie Callan,James P. Callan
James Richard Curran,James R. Curran
Jim R. Larus,James R. Larus
Jim Warren 0001,James R. Warren
James Tin-Yau Kwok,James T. Kwok
James W. Hong,James Won-Ki Hong
Jan B. Pedersen,Jan Bækgaard Pedersen
Jan Rutten,Jan J. M. M. Rutten
Jan Oliver Borchers,Jan O. Borchers
Jan P. de Ruiter,Jan Peter de Ruiter
Jan F. Prins,Jan Prins
Jana Kosecká,Jana Kosecka
Janet Feigenspan,Janet Siegmund
Jano M. Souza,Jano Moreira de Souza
Jaroslaw Nabrzyski,Jarek Nabrzyski
Jaroslaw R. Rossignac,Jarek Rossignac
Jack van Wijk,Jarke J. van Wijk
Jason Power,Jason Lowe-Power
Iasonas Polakis,Jason Polakis
Jason T. L. Wang,Jason Tsong-Li Wang
Jay Aslam,Javed A. Aslam
Javier Cámara Moreno,Javier Cámara
Javier L. Marenco,Javier Marenco
Jay McCarthy,Jay A. McCarthy
Jarred Ligatti,Jay Ligatti
Jayanta Mukherjee 0001,Jayanta Mukhopadhyay
Jean X. Gao,Jean Gao
Jean Goubault,Jean Goubault-Larrecq
Jean Gallier,Jean H. Gallier
J. A. dos Santos,Jefersson Alex dos Santos
Jefersson A. dos Santos,Jefersson Alex dos Santos
Jeffrey Dalton 0001,Jeff Dalton 0001
Jeffrey Kramer,Jeff Kramer
Jeff Linderoth,Jeff T. Linderoth
Jeffrey T. Linderoth,Jeff T. Linderoth
Jianhui Tian,Jeff Tian
Jeffrey Carver,Jeffrey C. Carver
Jeff Trinkle,Jeffrey C. Trinkle
Jeff Gray,Jeffrey G. Gray
Jeffrey Lang,Jeffrey H. Lang
Jeffrey Popyack,Jeffrey L. Popyack
Jeffrey L. Overbey,Jeffrey Overbey
Jeffrey O. Shallit,Jeffrey Shallit
Xu Yu,Jeffrey Xu Yu
Jennie Rogers,Jennie Duggan
Jens H. Jahnke,Jens H. Weber
Jens H. Weber-Jahnke,Jens H. Weber
Jeremy D. Buhler,Jeremy Buhler
Jeremy H. Holleman,Jeremy Holleman
Jerry Spinrad,Jeremy P. Spinrad
Jeroen J. A. Keiren,Jeroen Keiren
J. I. den Hartog,Jerry den Hartog
Jerónimo Castrillón Mazo,Jerónimo Castrillón
Jiaguang Sun,Jia-Guang Sun
Jian Lv 0001,Jian Lu 0001
Jian Lü 0001,Jian Lu 0001
Jihad Al Ja'am,Jihad Mohamad Jaam
Jihad M. Alja'am,Jihad Mohamad Jaam
Jihad Mohamad Al Ja'am,Jihad Mohamad Jaam
Jihad Mohamad Al'Jaam,Jihad Mohamad Jaam
R. James Cunningham,Jim Cunningham
James W. Davis,Jim Davis
James Griffioen,Jim Griffioen
J. C. P. Woodcock,Jim Woodcock
Lei Jimmy Ba,Jimmy Ba
J. H. M. Lee,Jimmy Ho-Man Lee
Jimmy H. M. Lee,Jimmy Ho-Man Lee
Jin-yi Cai,Jin-Yi Cai
Jing (Selena) He,Jing He
Jinyuan Stella Sun,Jinyuan Sun
Jiri Sochor,Jirí Sochor
Jó Ueyama,Jo Ueyama
Joan Bruna Estrach,Joan Bruna
Joanna J. Bryson,Joanna Bryson
Joaquim Armando Pires Jorge,Joaquim A. Jorge
Jochen Jakob Steil,Jochen J. Steil
Jochen Steil,Jochen J. Steil
Jodi L. Forlizzi,Jodi Forlizzi
Joel Spencer,Joel H. Spencer
Joel Ilao,Joel P. Ilao
Joemon Jose,Joemon M. Jose
Johan Pouwelse,Johan A. Pouwelse
Johan Lukkien,Johan J. Lukkien
Janos Makowsky,Johann A. Makowsky
Johann Christoph Freytag,Johann-Christoph Freytag
Jack A. Stankovic,John A. Stankovic
John Grundy,John C. Grundy
John Chi-Shing Lui,John C. S. Lui
John G. Daugman,John Daugman
John Edwin Laird,John E. Laird
John Canny,John F. Canny
J. Kenneth Salisbury,John Kenneth Salisbury Jr.
Kenneth Salisbury,John Kenneth Salisbury Jr.
John Paul Dickerson,John P. Dickerson
John Patrick Hayes,John P. Hayes
A. John Power,John Power
John O'Donnell,John T. O'Donnell
John Boyland,John Tang Boyland
John Monaco,John V. Monaco
Vinnie Monaco,John V. Monaco
John H. Williamson,John Williamson
Johnny Wong,Johnny S. Wong
Joke Blom,Joke G. Blom
Jon E. Froehlich,Jon Froehlich
Jonathan Whittle,Jon Whittle
Jong-eun Lee,Jongeun Lee
Jorge Villalobos,Jorge Alejandro Villalobos
Jørgen P. Bansler,Jorgen P. Bansler
Jose Gustavo de Souza Paiva,Jose Gustavo Paiva
Joe Konstan,Joseph A. Konstan
Joseph Camp,Joseph David Camp
Joseph Beck,Joseph E. Beck
Joseph Peters,Joseph G. Peters
Joseph Yossi Gil,Joseph Gil
Yossi Gil,Joseph Gil
Joseph E. Gonzalez,Joseph Gonzalez
Joe LaViola,Joseph J. LaViola Jr.
Joseph J. LaViola,Joseph J. LaViola Jr.
Joseph Boutros,Joseph Jean Boutros
Joseph J. Boutros,Joseph Jean Boutros
Seffi Naor,Joseph Naor
Joe Sventek,Joseph S. Sventek
Josh Bongard,Josh C. Bongard
Joshua Clifford Bongard,Josh C. Bongard
Josh Reiss,Joshua D. Reiss
Josh McCoy,Joshua McCoy
Joshua Allen McCoy,Joshua McCoy
José António Beltran Gerald,José A. B. Gerald
José Bento Ayres Pereira,José Bento
José Monteiro,José C. Monteiro
José Luis Brinquete Borbinha,José Luis Borbinha
José M. Barceló,José M. Barceló-Ordinas
José Maria Barceló-Ordinas,José M. Barceló-Ordinas
José Manuel García Carrasco,José M. García 0001
José Tribolet,José M. Tribolet
José M. Cela,José María Cela
José M. Llabería,José María Llabería
José N. Amaral,José Nelson Amaral
José Palazzo M. de Oliveira,José Palazzo Moreira de Oliveira
José Tiberio Hernández,José T. Hernández
José Viterbo Filho,José Viterbo
Joyce Y. Chai,Joyce Yue Chai
João do E. S. Batista Neto,João Batista Neto
João Comba,João Luiz Dihl Comba
João Marcelo Xavier Natario Teixeira,João Marcelo X. N. Teixeira
Joao Meidanis,João Meidanis
João M. Lemos,João Miranda Lemos
João Paulo Cacho Teixeira,João Paulo Teixeira
João Paulo Neto,João Paulo da Silva Neto
Juyeon Jo,Ju-yeon Jo
Juan A. Botía,Juan A. Botía Blaya
Juan Pablo Galeotti,Juan P. Galeotti
Juanzi Li,Juan-Zi Li
Judy Sheard,Judithe Sheard
Jugal Kalita,Jugal K. Kalita
Julia Mosin,Julia Rubin
Julia Rubin-Mosin,Julia Rubin
Julian John McAuley,Julian J. McAuley
Julian A. Padget,Julian Padget
Juliano Manabu Iyoda,Juliano Iyoda
Julie Ann McCann,Julie A. McCann
Julie Rico,Julie Rico Williamson
Julie Williamson,Julie Rico Williamson
Julio Leite,Julio Cesar Sampaio do Prado Leite
Julio C. Hernandez-Castro,Julio César Hernández Castro
Julio López,Julio López Hernandez
Jun Jim Xu,Jun (Jim) Xu
Jun Xu 0014,Jun (Jim) Xu
Luke Huan,Jun Huan
Junyong Noh,Jun-yong Noh
Jun-Yuan Xie,Junyuan Xie
Jussara Marques de Almeida,Jussara M. Almeida
John (Juyang) Weng,Juyang Weng
Hans Jörg Müller,Jörg Müller
Joerg Widmer,Jörg Widmer
Jörg Carsten Widmer,Jörg Widmer
Juergen Dingel,Jürgen Dingel
Juergen Sachau,Jürgen Sachau
Kadangode K. Ramakrishnan,K. K. Ramakrishnan
Kasim Selçuk Candan,K. Selçuk Candan
Krothapalli S. Rao,K. Sreenivasa Rao
Krothapalli Sreenivasa Rao,K. Sreenivasa Rao
Rao Sreenivasa Krothapalli,K. Sreenivasa Rao
Kannan Srinathan,K. Srinathan
Korlakai Vinayak Rashmi,K. V. Rashmi
Kai H. Chang,Kai-Hsiung Chang
Kaliappa Ravindran,Kaliappa Nadar Ravindran
Kalinka R. L. J. Castelo Branco,Kalinka Regina Lucas Jaquie Castelo Branco
Kami E. Vaniea,Kami Vaniea
K. Gopinath,Kanchi Gopinath
Karen Elizabeth Petrie,Karen E. Petrie
Karen Vera Renaud,Karen Renaud
Cornelia Verspoor,Karin M. Verspoor
Karin Verspoor,Karin M. Verspoor
Karl Anton Fröschl,Karl Anton Froeschl
Karl-Christian Posch,Karl C. Posch
Karrie G. Karahalios,Karrie Karahalios
Karu Sankaralingam,Karthikeyan Sankaralingam
Kasper Dalgaard Larsen,Kasper Green Larsen
Kathy Yelick,Katherine A. Yelick
Kate Howland,Katherine Howland
Katy Howland,Katherine Howland
Kathleen McKeown,Kathy McKeown
Kathleen R. McKeown,Kathy McKeown
Kathrin Gerling,Kathrin Maria Gerling
Katie Moor,Katie A. Siek
Kay Robbins,Kay A. Robbins
Kay H. Connelly,Kay Connelly
Keith Gallagher,Keith Brian Gallagher
Keith Decker,Keith S. Decker
Kelly Lyons,Kelly A. Lyons
Kendra M. L. Cooper,Kendra Cooper
Ken Baclawski,Kenneth Baclawski
Kenneth Mark Anderson,Kenneth M. Anderson
Ken Birman,Kenneth P. Birman
Ken Koedinger,Kenneth R. Koedinger
Ken S. Stevens,Kenneth S. Stevens
Kenneth Wingate Regan,Kenneth W. Regan
Ken Goldberg,Kenneth Y. Goldberg
Kenny Qili Zhu,Kenny Q. Zhu
Ken Wong 0001,Kenny Wong
Keren Censor,Keren Censor-Hillel
Ketan Patel,Ketan Mayer-Patel
Ketan D. Mulmuley,Ketan Mulmuley
Khaled B. Shaban,Khaled Bashir Shaban
Khaled Shaban,Khaled Bashir Shaban
Khaled Khan,Khaled M. Khan
Khaled Md. Khan,Khaled M. Khan
Md. Khaled Khan,Khaled M. Khan
Bryan Kian Hsiang Low,Kian Hsiang Low
Kiev Santos da Gama,Kiev Gama
Kin-hong Wong,Kin Hong Wong
Kyros Kutulakos,Kiriakos N. Kutulakos
Kirsten F. Cater,Kirsten Cater
Kishan Mehrotra,Kishan G. Mehrotra
S. Prahallad Kishore,Kishore Prahallad
Konstantinos Daniilidis,Kostas Daniilidis
Konstantinos P. Michmizos,Kostis P. Michmizos
Rao Kotagiri,Kotagiri Ramamohanarao
Kris K. Hauser,Kris Hauser
Krishna Kumar Venkatasubramanian,Krishna K. Venkatasubramanian
P. Krishna Gummadi,Krishna P. Gummadi
K. Brent Venable,Kristen Brent Venable
Kristen B. Venable,Kristen Brent Venable
Kris Pister,Kristofer S. J. Pister
Krys Kochut,Krys J. Kochut
Krzysztof Gajos,Krzysztof Z. Gajos
Kuldeep S. Meel,Kuldeep Singh Meel
Kumiko Tanaka,Kumiko Tanaka-Ishii
Oyekunle A. Olukotun,Kunle Olukotun
K. T. Tim Cheng,Kwang-Ting Cheng
Kwang-Ting (Tim) Cheng,Kwang-Ting Cheng
Kyu Min Lee,Kyumin Lee
Darrell Whitley,L. Darrell Whitley
Linda Jean Camp,L. Jean Camp
Laiwan Chan,Lai-Wan Chan
V. S. Lakshmanan,Laks V. S. Lakshmanan
Lakshmi Subramanian,Lakshminarayanan Subramanian
Lance R. Williams,Lance Williams
Lane A. Hemachandra,Lane A. Hemaspaandra
Lane T. Harrison,Lane Harrison
Larissa A. Meinicke,Larissa Meinicke
Lars Christian Wolf,Lars C. Wolf
Latifur R. Khan,Latifur Khan
Laura Dabbish,Laura A. Dabbish
Laurent Michel,Laurent D. Michel
Laurie Williams,Laurie A. Williams
Larry Birnbaum,Lawrence Birnbaum
Lawrence J. Cavedon,Lawrence Cavedon
Larry Henschen,Lawrence J. Henschen
Laxmi Narayan Bhuyan,Laxmi N. Bhuyan
Leandro Augusto Frata Fernandes,Leandro A. F. Fernandes
Leandro Aparecido Villas,Leandro A. Villas
Leandro Villas,Leandro A. Villas
Leenkiat Soh,Leen-Kiat Soh
Leila Ribeiro Korff,Leila Ribeiro
Leliane N. de Barros,Leliane Nunes de Barros
Lennart Nacke,Lennart E. Nacke
Lenore J. Cowen,Lenore Cowen
Leon A. Watts,Leon Adam Watts
Leon Watts,Leon Adam Watts
Leendert W. N. van der Torre,Leon van der Torre
Leonard Max Adleman,Leonard M. Adleman
Leonardo Barbosa e Oliveira,Leonardo B. Oliveira
Leonardo G. P. Murta,Leonardo Murta
Leonardo Gresta Paulino Murta,Leonardo Murta
Leonel Augusto Sousa,Leonel Sousa
Leslie A. Henderson,Leslie Ann Goldberg
Leszek Antoni Gasieniec,Leszek Gasieniec
Leszek T. Lilien,Leszek Lilien
Levi H. S. Lelis,Levi Lelis
Lewis Mackenzie,Lewis M. Mackenzie
Li Li 0029,Li Li
Liguo Huang,LiGuo Huang
Lila Santean,Lila Kari
Linda Petzold,Linda R. Petzold
Lingyu Duan,Ling-Yu Duan
Linh T. X. Phan,Linh Thi Xuan Phan
Lionel Ming-shuan Ni,Lionel M. Ni
Lionel Robert Morel,Lionel Morel
Llorenç Cerdà,Llorenç Cerdà-Alabern
Lluís Màrquez,Lluís Màrquez i Villodre
Loek G. Cleophas,Loek Cleophas
Longbu Huang,Longbo Huang
Loren Gilbert Terveen,Loren G. Terveen
Lorna K. Stewart,Lorna Stewart
Louay M. J. Bazzi,Louay Bazzi
Lourdes de Agapito,Lourdes Agapito
Lubomir Bic,Lubomir F. Bic
Lubomír Popelínský,Lubos Popelínský
Luc Van Gool,Luc J. Van Gool
Luciana P. Nedel,Luciana Porcher Nedel
Luciana Salete Buriol,Luciana S. Buriol
Lucinéia Thom,Lucinéia Heloisa Thom
Luidi Gelabert Simonetti,Luidi Simonetti
L. Miguel Silveira,Luis Miguel Silveira
Luiz F. Bittencourt,Luiz Fernando Bittencourt
Luiz Filipe Menezes Vieira,Luiz Filipe M. Vieira
Luiz S. Ochi,Luiz Satoru Ochi
Luke Olson,Luke N. Olson
Luís da Cunha Lamb,Luís C. Lamb
Luis Eduardo Teixeira Rodrigues,Luís E. T. Rodrigues
Luís Manuel Jesus Sousa Correia,Luís M. Correia
Maria Luísa Torres Ribeiro Marques da Silva Coheur,Luísa Coheur
Lynne Parker,Lynne E. Parker
Lásaro Jonas Camargos,Lásaro J. Camargos
Laci Babai,László Babai
Lúcia Maria de Assumpção Drummond,Lúcia Maria de A. Drummond
Mehmet Amaç Güvensan,M. Amaç Güvensan
Martina Angela Sasse,M. Angela Sasse
Birna van Riemsdijk,M. Birna van Riemsdijk
Mehmet Fatih Amasyali,M. Fatih Amasyali
Ananda Mohan Mondal,M. Mondal Ananda
Ananda Mondal,M. Mondal Ananda
Musti Narasimha Murty,M. Narasimha Murty
Marianne Sheelagh Therese Carpendale,M. Sheelagh T. Carpendale
Sheelagh Carpendale,M. Sheelagh T. Carpendale
Mustafa Özuysal,M. Özuysal
Madhav Marathe,Madhav V. Marathe
Magdy Bayoumi,Magdy A. Bayoumi
M. Satyanarayanan,Mahadev Satyanarayanan
Mahe Velauthapillai,Mahendran Velauthapillai
Mahmut Taylan Kandemir,Mahmut T. Kandemir
Malte Jung,Malte F. Jung
Manmohan Chandraker,Manmohan Krishna Chandraker
Manu Kaul,Manohar Kaul
Manoj M. Prabhakaran,Manoj Prabhakaran
Manuel Campos Martínez,Manuel Campos
Manuel M. Silva,Manuel Medeiros Silva
Manel Medina,Manuel Medina
Manuel M. Oliveira,Manuel Menezes de Oliveira Neto
Marc González Tallada,Marc González
Marcelino Bicho Dos Santos,Marcelino B. Santos
Marcelo Garcia Manzato,Marcelo G. Manzato
Marcelo Pimenta,Marcelo Soares Pimenta
Marcia Fampa,Marcia Helena Costa Fampa
Marcia H. C. Fampa,Marcia Helena Costa Fampa
Marcin Kaminski,Marcin Jakub Kaminski
Marco Antonio Casanova,Marco A. Casanova
Marco Domenico Santambrogio,Marco D. Santambrogio
Marco Tulio de Oliveira Valente,Marco Tulio Valente
Marco Antonio Zúñiga Zamalloa,Marco Zuniga
Marcos Augusto Menezes Vieira,Marcos Augusto M. Vieira
Marcus R. Frean,Marcus Frean
Marcus Poggi,Marcus Poggi de Aragão
Marcus V. A. Andrade,Marcus Vinícius Alvim Andrade
Margo Seltzer,Margo I. Seltzer
Cecília Baranauskas,Maria Cecília Calani Baranauskas
Maria Emilia M. T. Walter,Maria Emilia Telles Walter
Maria J. García de la Banda,Maria Garcia de la Banda
Mariagrazia Fugini,Maria Grazia Fugini
Maria Indrawan-Santiago,Maria Indrawan
Maria K. Wolters,Maria Klara Wolters
Letizia Jaccheri,Maria Letizia Jaccheri
Maria A. Wimmer,Maria Wimmer
Maria G. C. Pimentel,Maria da Graça Campos Pimentel
Maria-Florina Popa,Maria-Florina Balcan
Nina Balcan,Maria-Florina Balcan
Luiza Antonie,Maria-Luiza Antonie
Marie Nilsenová,Marie Postma
Marie Postma-Nilsenová,Marie Postma
Sien Moens,Marie-Francine Moens
Marina Bykova,Marina Blanton
Antônio Marinho Pilla Barcellos,Marinho P. Barcellos
Mario Edgardo Magaña,Mario E. Magaña
Fernando De la Rosa,Mario Fernando De La Rosa-Rosero
Mario F. M. Campos,Mario Fernando Montenegro Campos
Mark Alan Finlayson,Mark A. Finlayson
Mark J. Guzdial,Mark Guzdial
Mark James Handley,Mark Handley
Mark A. Hasegawa-Johnson,Mark Hasegawa-Johnson
Mark A. Horowitz,Mark Horowitz
Mark Owen Riedl,Mark O. Riedl
Mark Riedl,Mark O. Riedl
Mark Alexander Reynolds,Mark Reynolds
Mark Samuel Drew,Mark S. Drew
John Mark Smotherman,Mark Smotherman
Mark Springett,Mark V. Springett
Mark Wah Newman,Mark W. Newman
Mark G. Wallace,Mark Wallace 0001
M. G. J. van den Brand,Mark van den Brand
Mark G. J. van den Brand,Mark van den Brand
Marko H. T. Nieminen,Marko Nieminen
Markus Kuhn,Markus G. Kuhn
Mart L. Molle,Mart Molle
Marta L. Queiros Mattoso,Marta Mattoso
Marta Kwiatkowska,Marta Z. Kwiatkowska
Martha Mercaldi Kim,Martha A. Kim
Martha Mercaldi,Martha A. Kim
Martha A. Larson,Martha Larson
Martha Stone Palmer,Martha Palmer
Martha Stone,Martha Palmer
Martin Atzmueller,Martin Atzmüller
Martin Rinard,Martin C. Rinard
D. F. Wong,Martin D. F. Wong
Martin Farach,Martin Farach-Colton
Martin J. Loomes,Martin Loomes
Martin J. Strauss,Martin Strauss 0001
Martin A. Styner,Martin Styner
Martin Andreas Styner,Martin Styner
Martin Wollschläger,Martin Wollschlaeger
Marty A. Humphrey,Marty Humphrey
Martín Ochoa Ronderos,Martín Ochoa
Mary Elizabeth Cryan,Mary Cryan
Maria-Cecilia Rivara,María Cecilia Rivara
María-Del-Pilar Villamil,María del Pilar Villamil Giraldo
Matei A. Zaharia,Matei Zaharia
Mathijs Michiel de Weerdt,Mathijs de Weerdt
Matthew Fredrikson,Matt Fredrikson
Matthew T. Fluet,Matthew Fluet
Matthew D. Green,Matthew Green 0001
Matthew Thazhuthaveetil,Matthew J. Thazhuthaveetil
Matthew Paul Johnson,Matthew P. Johnson
Matthew A. Turk,Matthew Turk
Matthew K. Wright,Matthew Wright 0001
Matthias Böhm 0001,Matthias Boehm 0001
Matthias F. M. Stallmann,Matthias F. Stallmann
Max Marcel Shulaker,Max M. Shulaker
Maya Çakmak,Maya Cakmak
M. Gopi,Meenakshisundaram Gopi
Mehmed Kantardzic,Mehmed M. Kantardzic
Mehmet Can Vuran,Mehmet C. Vuran
Mehmet Hadi Günes,Mehmet Hadi Gunes
Mehmet M. Dalkiliç,Mehmet M. Dalkilic
Mehmet Siddik Aktas,Mehmet S. Aktas
Melanie Weis,Melanie Herschel
Melody M. Moore,Melody Moore Jackson
Menno Matthias Van Zaanen,Menno van Zaanen
Merlin Teodosia C. Suarez,Merlin Suarez
Mian Muhammad Awais,Mian M. Awais
Michael E. Bain,Michael Bain
Michael Bruenig,Michael Brünig
Michael Mozer,Michael C. Mozer
Michael E. Shin,Michael Eonsuk Shin
Michael C. Gastpar,Michael Gastpar
Hans Michael Gerndt,Michael Gerndt
Michael Gruninger,Michael Grüninger
Michael Henry Albert,Michael H. Albert
Michael Bowling,Michael H. Bowling
Michael Julian Black,Michael J. Black
Mike Brooks,Michael J. Brooks
Mike Cafarella,Michael J. Cafarella
Mike Feeley,Michael J. Feeley
Mike Franklin,Michael J. Franklin
Michael K. P. Ng,Michael K. Ng
Michael Kwok-Po Ng,Michael K. Ng
Mikhail Kapralov,Michael Kapralov
Michael James Katchabaw,Michael Katchabaw
Michael J. Kearns,Michael Kearns
Michael S. Kearns,Michael Kearns
Michael Lee Scott,Michael L. Scott
Michael Kazhdan,Michael M. Kazhdan
Misha Kazhdan,Michael M. Kazhdan
Michael Jason Minock,Michael Minock
Michael M. Mitzenmacher,Michael Mitzenmacher
Michael S. O. Molloy,Michael Molloy
Michael Oser Rabin,Michael O. Rabin
Michael Fourman,Michael P. Fourman
Michael Paul Fourman,Michael P. Fourman
Michael Rung-Tsong Lyu,Michael R. Lyu
Michael Jenkin,Michael R. M. Jenkin
Michael Gashler,Michael S. Gashler
M. S. Ryoo,Michael S. Ryoo
Michael Thaddeus Niemier,Michael T. Niemier
Michael Schröder 0002,Michael Tangermann
Michael W. Tangermann,Michael Tangermann
Michael Hicks 0001,Michael W. Hicks
Mike Hicks,Michael W. Hicks
Michael William Mislove,Michael W. Mislove
Michael J. Wooldridge,Michael Wooldridge
Michelle A. Borkin,Michelle Borkin
Michelle Wahl Craig,Michelle Craig
Michelle Strout,Michelle Mills Strout
Miguel Angel Otaduy,Miguel A. Otaduy
Miguel P. Correia,Miguel Correia 0001
Miguel Pupo Correia,Miguel Correia 0001
Mihaela van der Schaar-Mitrea,Mihaela van der Schaar
Michael W. Barley,Mike Barley
M. D. Atkinson,Mike D. Atkinson
Michael D. Atkinson,Mike D. Atkinson
Mike C. Fraser,Mike Fraser
Michael H. MacGregor,Mike H. MacGregor
Michael J. Rosulek,Mike Rosulek
Mikkel R. Jakobsen,Mikkel Rønne Jakobsen
Mikolas Janota,Mikolás Janota
Milos Ercegovac,Milos D. Ercegovac
Domenico Parente,Mimmo Parente
Ming-Deh Huang ,Ming-Deh A. Huang
Mingzhou Song,Mingzhou (Joe) Song
Minh Hoai,Minh Hoai Nguyen
Minhaz F. Zibran,Minhaz Fahim Zibran
Mirella Moura Moro,Mirella M. Moro
Mitchell Aaron Thornton,Mitchell A. Thornton
Mitch Marcus,Mitchell P. Marcus
Mitchell Marcus,Mitchell P. Marcus
Mitsunori Ogiwara,Mitsunori Ogihara
Moacir P. Ponti,Moacir Ponti
Moacir A. Ponti,Moacir Ponti
Moacir P. Ponti Jr.,Moacir Ponti
Mohamed Younis,Mohamed F. Younis
Wiem Mkaouer,Mohamed Wiem Mkaouer
Mohammad A. M. Abushariah,Mohammad Abd-Alrahman Mahmoud Abushariah
Amin Alipour,Mohammad Amin Alipour
MohammadTaghi Hajiaghayi,Mohammad Taghi Hajiaghayi
Mohammed (Ehsan) Hoque,Mohammed E. Hoque
Moisés Piedade,Moisés Simões Piedade
Monika Rauch Henzinger,Monika Henzinger
Monika Rauch,Monika Henzinger
Moses Samson Charikar,Moses Charikar
N. M. Mosharaf Kabir Chowdhury,Mosharaf Chowdhury
Muffy Thomas,Muffy Calder
M. Salman Asif,Muhammad Salman Asif
Mustafa Ozdal,Muhammet Mustafa Ozdal
Mylène Christine Queiroz de Farias,Mylène C. Q. Farias
Myung Jong Lee,Myung J. Lee
Márcia A. Fernandes,Márcia Aparecida Fernandes
Mário Serafim dos Santos Nunes,Mário Serafim Nunes
Raja Natarajan,N. Raja
Nadia Berthouze,Nadia Bianchi-Berthouze
Nadia Bianchi,Nadia Bianchi-Berthouze
Nadim Ali Meri Obeid,Nadim Obeid
Nadine Akkari,Nadine Akkari Adra
Næhyuck Chang,Naehyuck Chang
Naftaly Minsky,Naftaly H. Minsky
Nancy Hitschfeld,Nancy Hitschfeld-Kahler
Naomi H. Feldman,Naomi Feldman
Naphtali David Rishe,Naphtali Rishe
Narain Gehani,Narain H. Gehani
Narayanan Chatapuram Krishnan,Narayanan C. Krishnan
Vijaykrishnan Narayanan,Narayanan Vijaykrishnan
Natalie Paige Parde,Natalie Parde
J. Nathan Foster,Nate Foster
Nathalie Rose Lim,Nathalie Rose T. Lim
Nati Linial,Nathan Linial
Nati Srebro,Nathan Srebro
Nathaniel Osgood,Nathaniel D. Osgood
Nawaz Kahan,Nawaz Khan
Ndapa Nakashole,Ndapandula Nakashole
Neel Krishnaswami,Neelakantan R. Krishnaswami
Neil Anthony Dodgson,Neil A. Dodgson
A. Neil Arnason,Neil Arnason
Neil T. Spring,Neil Spring
Neil Dantam,Neil T. Dantam
Neil Bergmann,Neil W. Bergmann
Nelson Max,Nelson L. Max
Nelson L. S. Da Fonseca,Nelson Luis Saldanha da Fonseca
Nelson L. S. da Fonseca,Nelson Luis Saldanha da Fonseca
Nelson Maculan Filho,Nelson Maculan
Kayhan N. Batmanghelich,Nematollah Batmanghelich
Nematollah Kayhan Batmanghelich,Nematollah Batmanghelich
Neucimar Jerônimo Leite,Neucimar J. Leite
Neville I. Churcher,Neville Churcher
Nevin L. Zhang,Nevin Lianwen Zhang
Newton Vieira,Newton José Vieira
Ney Calazans,Ney Laert Vilar Calazans
Nicholas Matragkas,Nicholas Drivalos Matragkas
Nikolaos Drivalos Matragkas,Nicholas Drivalos Matragkas
Nikolaos Drivalos,Nicholas Drivalos Matragkas
Nikolas Drivalos Matragkas,Nicholas Drivalos Matragkas
Nikos Drivalos,Nicholas Drivalos Matragkas
Nicholas J. Hopper,Nicholas Hopper
Nicholas Scott Mattei,Nicholas Mattei
Nicholas Robert Jennings,Nicholas R. Jennings
Nick R. Jennings,Nicholas R. Jennings
Nikolai Gravin,Nick Gravin
Nick E. Pears,Nick Pears
Nick Scherbakov,Nick Scerbakov
Nikolai Scerbakov,Nick Scerbakov
N. H. G. Baken,Nico Baken
Nico Marcel Döttling,Nico Döttling
Nicola Lee Dell,Nicola Dell
Nicolas T. Courtois,Nicolas Courtois
Nicolas Edwin Gold,Nicolas E. Gold
Nicolas Gold,Nicolas E. Gold
Nikolaos Malevris,Nicos Malevris
Nigel R. Shadbolt,Nigel Shadbolt
Nihan K. Çiçekli,Nihan Kesim Cicekli
Nikil Dutt,Nikil D. Dutt
Nikos Hardavellas,Nikolaos Hardavellas
Nikolaos P. Papanikolopoulos,Nikolaos Papanikolopoulos
Nikos Papanikolopoulos,Nikolaos Papanikolopoulos
Nikos P. Chrisochoides,Nikos Chrisochoides
Nils Thuerey,Nils Thürey
Nina S. T. Hirata,Nina Sumiko Tomita Hirata
Nina Sumiko Tomita,Nina Sumiko Tomita Hirata
Nishant Ajay Mehta,Nishant A. Mehta
Alon Nilli,Noga Alon
Norman Fenton,Norman E. Fenton
Nuno João Neves Mamede,Nuno J. Mamede
Nuno Filipe Valentim Roma,Nuno Roma
Chad Jenkins,Odest Chadwicke Jenkins
Ofer Shtrichman,Ofer Strichman
Olav Wedege Bertelsen,Olav W. Bertelsen
Olga Mariño,Olga Marino Dews
Olga Sorkine,Olga Sorkine-Hornung
Oliver S. Cossairt,Oliver Cossairt
Oliver Yang,Oliver W. W. Yang
Oliver Matias van Kaick,Oliver van Kaick
Omar Badreddin,Omar Bahy Badreddin
Omar Paranaiba Vilela Neto,Omar P. Vilela Neto
Omid Abari,Omid Salehi-Abari
Oscar González-Rojas,Oscar González
Otfried Schwarzkopf,Otfried Cheong
Ming Ouhyoung,Ouhyoung Ming
Ouri E. Wolfson,Ouri Wolfson
Öznur Özkasap,Oznur Ozkasap
Polepalli Krishna Reddy,P. Krishna Reddy
Parthasarathy Madhusudan,P. Madhusudan
Partha Pratim Chakrabarti,P. P. Chakrabarti
Paolo Roberto Oliveira,P. Roberto Oliveira
Paulo Roberto Oliveira,P. Roberto Oliveira
Ponnuswamy Sadayappan,P. Sadayappan
Panayiotis Takis Mathiopoulos,P. Takis Mathiopoulos
Tom Fletcher,P. Thomas Fletcher
Pablo Figueroa,Pablo Alejandro Figueroa
Pablo Barceló Baeza,Pablo Barceló
Ben Li,Pak Ching Li
Pamela Karr Wisniewski,Pamela J. Wisniewski
Pamela Karr,Pamela J. Wisniewski
Pete Manolios,Panagiotis Manolios
Peter Manolios,Panagiotis Manolios
Pankaj Kumar Agarwal,Pankaj K. Agarwal
Panagiotis Rondogiannis,Panos Rondogiannis
Udaya Parampalli,Parampalli Udaya
Partha P. Talukdar,Partha Pratim Talukdar
Patrick M. Hanrahan,Pat Hanrahan
Patricia Bouyer-Decitre,Patricia Bouyer
Patricia Riddle,Patricia J. Riddle
Patrick Yin Chiang,Patrick Chiang
Patrick D. McDaniel,Patrick Drew McDaniel
Patrick McDaniel,Patrick Drew McDaniel
Patrick H. Winston,Patrick Henry Winston
Patrick Pak-Ching Lee,Patrick P. C. Lee
Patrick Eugster,Patrick Th. Eugster
P. Patrick van der Smagt,Patrick van der Smagt
Paul E. S. Dunne,Paul E. Dunne
Paul Newbury,Paul F. Newbury
Paul Pavlos Spirakis,Paul G. Spirakis
Paul V. Gratz,Paul Gratz
Paul D. H. Hines,Paul Hines
Paul John Lyons,Paul J. Lyons
Paul Tymann,Paul T. Tymann
Paulo J. F. Carreira,Paulo Carreira
Paulo Lilles Jorge Drews Junior,Paulo Drews Jr.
Paulo L. de Geus,Paulo Lício de Geus
Paulo S. L. Souza,Paulo Sergio Lopes de Souza
Paulo Jorge Esteves Veríssimo,Paulo Veríssimo
P. V. Skums,Pavel Skums
Pedro E. López-de-Teruel Alcolea,Pedro E. López-de-Teruel
Pedro Felipe Felzenszwalb,Pedro F. Felzenszwalb
Pedro J. de Rezende,Pedro Jussieu de Rezende
Pedro M. Ruiz-Martinez,Pedro M. Ruiz
Pedro Miguel Ruiz-Martinez,Pedro M. Ruiz
Pedro Olmo Stancioli Vaz de Melo,Pedro O. S. Vaz de Melo
Pedro Tiago Monteiro,Pedro T. Monteiro
Peter Brass,Peter Braß
Oscar Peter Buneman,Peter Buneman
Peter Graham,Peter C. J. Graham
Peter Strazdins,Peter E. Strazdins
Peter D. Grünwald,Peter Grünwald
Peter Grunwald,Peter Grünwald
Peter Rodgers 0001,Peter J. Rodgers
Peter Rodgers,Peter J. Rodgers
Peter James Stuckey,Peter J. Stuckey
Peter G. Jeavons,Peter Jeavons
Peter Michael Fischer,Peter M. Fischer 0001
Peter William Nightingale,Peter Nightingale
Peter Pietzuch,Peter R. Pietzuch
Peter M. Winkler,Peter Winkler 0001
Peter Ryan,Peter Y. A. Ryan
Phil Trinder,Philip W. Trinder
Philipp Wölfel,Philipp Woelfel
Philippe O. A. Navaux,Philippe Olivier Alexandre Navaux
Pieter J. Collins,Pieter Collins
Pieter Jelle Toussaint,Pieter J. Toussaint
Pieter H. M. Spronck,Pieter Spronck
Pinar Duygulu Sahin,Pinar Duygulu
Pinar Karagoz,Pinar Senkul
Pong Chi Yuen,Pong C. Yuen
Pourang P. Irani,Pourang Irani
Prabal K. Dutta,Prabal Dutta
Prashanth Lakshmanrao Ananthapadmanabharao,Prashanth L. A.
Prem K. Kalra,Prem Kumar Kalra
Prem Kalra,Prem Kumar Kalra
Preslav Ivanov Nakov,Preslav Nakov
Puru Kulkarni,Purushottam Kulkarni
Qi Rose Yu,Qi Yu
Qixing Huang,Qi-Xing Huang
Qianping Gu,Qian-Ping Gu
Qinfeng (Javen) Shi,Qinfeng Shi
Qing Charles Cao,Qing Cao
Michael Sheng,Quan Z. Sheng
Quinn O. Snell,Quinn Snell
Qutaibah Marwan Malluhi,Qutaibah M. Malluhi
Ramaswamy Govindarajan,R. Govindarajan
Lyndon While,R. Lyndon While
Richard Ryan Williams,R. Ryan Williams
Ryan Williams 0001,R. Ryan Williams
Ryan Williams,R. Ryan Williams
Rangarao Venkatesha Prasad,R. Venkatesha Prasad
Rada Flavia Mihalcea,Rada Mihalcea
Radu C. Calinescu,Radu Calinescu
Rafael Cabredo,Rafael A. Cabredo
Rafael Heitor Bordini,Rafael H. Bordini
Rafal K. Mantiuk,Rafal Mantiuk
Raj Rajkumar,Ragunathan Rajkumar
Raj K. Bhatnagar,Raj Bhatnagar
Dabbala Rajagopal Reddy,Raj Reddy
R. Jayakumar,Rajagopalan Jayakumar
Raj Sunderraman,Rajshekhar Sunderraman
Bapi Raju Surampudi,Raju S. Bapi
S. Bapi Raju,Raju S. Bapi
Surampudi Bapi Raju,Raju S. Bapi
Rakesh B. Bobba,Rakesh Bobba
Rakeshbabu Bobba,Rakesh Bobba
Rakesh Vohra,Rakesh V. Vohra
Ralph-Günther Holz,Ralph Holz
Raluca Ada Popa,Raluca A. Popa
R. V. Dantu,Ram Dantu
Ramalingam Chellappa,Rama Chellappa
Ram Nevatia,Ramakant Nevatia
Ramki Thurimella,Ramakrishna Thurimella
U. Ramakrishna,Ramakrishna Upadrasta
R. Mukundan,Ramakrishnan Mukundan
R. Chandrasekaran,Ramaswamy Chandrasekaran
Ramesh C. Jain,Ramesh Jain
Josep Ramon Morros,Ramon Morros
Ramyaa Ramyaa,Ramyaa
Randall A. Berry,Randall Berry
R. E. Ellis,Randy E. Ellis
Randy Howard Katz,Randy H. Katz
Raquel C. de Melo,Raquel Cardoso de Melo Minardi
Raquel O. Prates,Raquel Oliveira Prates
Raja Loganantharaj,Rasiah Loganantharaj
Ras Bodík,Rastislav Bodík
Ratan Guha,Ratan K. Guha
Ravi Sandhu,Ravi S. Sandhu
Ravi K. Iyer,Ravishankar K. Iyer
Rayford B. Vaughn Jr.,Rayford B. Vaughn
Beki Grinter,Rebecca E. Grinter
Rebecca M. Willett,Rebecca Willett
Inald Lagendijk,Reginald L. Lagendijk
Reihaneh Rabbany Khorasgani,Reihaneh Rabbany
Remzi H. Arpaci,Remzi H. Arpaci-Dusseau
Renata de Matos Galante,Renata Galante
Renata P. M. Fortes,Renata Pontin de Mattos Fortes
Renate Motschnig-Pitrik,Renate Motschnig
Renato M. Assunção,Renato Assunção
Renato Martins Assunção,Renato Assunção
Renato A. C. Ferreira,Renato Ferreira 0001
Renato Antônio Celso Ferreira,Renato Ferreira 0001
Renato C. Ferreira,Renato Ferreira 0001
Renee Elio,Renée Elio
Reynold Bailey,Reynold J. Bailey
Rezaul Chowdhury,Rezaul Alam Chowdhury
Ricardo A. L. Reis,Ricardo Augusto da Luz Reis
Ricardo Reis,Ricardo Augusto da Luz Reis
Ricardo José Gabrielli Barreto Campello,Ricardo J. G. B. Campello
Ricardo Guerra Marroquim,Ricardo Marroquim
Ricardo P. Jacobi,Ricardo Pezzuol Jacobi
Richard A. Peters II,Richard Alan Peters II
Richard A. Peters,Richard Alan Peters II
Richard Alan Peters,Richard Alan Peters II
Rick Alterman,Richard Alterman
Richard A. Bonneau,Richard Bonneau
Richard E. Newman-Wolfe,Richard E. Newman
Richard Jay Lipton,Richard J. Lipton
Richard Fujimoto,Richard M. Fujimoto
Rich Vuduc,Richard W. Vuduc
Rich Wolski,Richard Wolski
Rick Stevens,Rick L. Stevens
Rico Möckel,Rico Moeckel
Imre Risi Kondor,Risi Kondor
Rivalino Matias Jr.,Rivalino Matias
Rivalino Matias Júnior,Rivalino Matias
Riza Batista-Navarro,Riza Theresa Batista-Navarro
Robert C. Miller,Rob Miller 0001
Rob V. van Nieuwpoort,Rob van Nieuwpoort
Robert van Engelen,Robert A. van Engelen
Bob Fisher,Robert B. Fisher
Robby Bruce Findler,Robert Bruce Findler
Robert Craig Holte,Robert C. Holte
Robert Holte,Robert C. Holte
Robert Kleinberg,Robert D. Kleinberg
Rob van der Mei,Robert D. van der Mei
Robert Kraut,Robert E. Kraut
Robert Endre Tarjan,Robert E. Tarjan
Robert Gene Reynolds,Robert G. Reynolds
Robert Huijie Deng,Robert H. Deng
Bob McKay,Robert I. McKay
Robert Ian (Bob) McKay,Robert I. McKay
Robert L. (Scot) Drysdale III,Robert L. Scot Drysdale
Robert Martin Haralick,Robert M. Haralick
Mike Kirby,Robert Michael Kirby
Robert M. Kirby,Robert Michael Kirby
Robert N. Moll,Robert Moll
Robert D. Mullins,Robert Mullins
Robert Nicholas Maxwell Watson,Robert N. M. Watson
Robert Platt,Robert Platt Jr.
Bob Sedgewick,Robert Sedgewick
Robert D. Stevens,Robert Stevens 0001
Roberto M. Cesar,Roberto Marcondes Cesar Junior
Roberto Marcondes Cesar Jr.,Roberto Marcondes Cesar Junior
Robin Burke,Robin D. Burke
Robin Hillary Kravets,Robin Kravets
Robin Roberson Murphy,Robin R. Murphy
Roderick Paul Bloem,Roderick Bloem
Rodney Nielsen,Rodney D. Nielsen
Rodolfo Jardim de Azevedo,Rodolfo Azevedo
Rodolfo Ferreira Resende,Rodolfo F. Resende
Rodrigo Coelho Barros,Rodrigo C. Barros
Rodrigo D. Castro,Rodrigo Castro
Rodrigo C. Fonseca,Rodrigo Fonseca
Roeland M. H. Merks,Roeland Merks
Roger Dean Chamberlain,Roger D. Chamberlain
Roger David Hersch,Roger D. Hersch
Roman Belavkin,Roman V. Belavkin
Ronald L. Chrisley,Ron Chrisley
Ron K. Cytron,Ron Cytron
Ronald N. Goldman,Ron Goldman 0002
Ronald M. Baecker,Ronald Baecker
Ron Fedkiw,Ronald Fedkiw
Ron Brachman,Ronald J. Brachman
H. L. Graham,Ronald L. Graham
Robert L. Graham,Ronald L. Graham
Ron Graham,Ronald L. Graham
Ron Rivest,Ronald L. Rivest
Roni Rosenfeld,Ronald Rosenfeld
Ronaldo Alves Ferreira,Ronaldo A. Ferreira
Roni Tzvi Stern,Roni Stern
Rosa M. M. Leão,Rosa Maria Meri Leão
Rosa Maria Viccari,Rosa Maria Vicari
Rosa Vicari,Rosa Maria Vicari
Rosana T. Vaccare Braga,Rosana T. V. Braga
Rosana Teresinha Vaccare Braga,Rosana T. V. Braga
Roseli A. F. Romero,Roseli A. Francelin Romero
Roseli Aparecida Francelin Romero,Roseli A. Francelin Romero
Ross Anderson,Ross J. Anderson
Rowel Atienza,Rowel O. Atienza^M
Ruben A. Gamboa,Ruben Gamboa
Rudolph P. Darken,Rudy Darken
Rui Filipe Lima Maranhão de Abreu,Rui Abreu
Russ Greiner,Russell Greiner
Russell Highsmith Taylor,Russell H. Taylor
Russ Harmer,Russell Harmer
Ryan Hayward,Ryan B. Hayward
Ryan K. L. Ko,Ryan Kok Leong Ko
Ryan R. Newton,Ryan Newton
Rym Wenkstern,Rym Zalila-Wenkstern
Sivaramakrishnan Lakshmivarahan,S. Lakshmivarahan
S. Muthu Muthukrishnan,S. Muthukrishnan
Shankar S. Sastry,S. Shankar Sastry
Shankar Sastry,S. Shankar Sastry
S. S. Iyengar,S. Sitharama Iyengar
Srinivasa Rao Satti,S. Srinivasa Rao 0001
Vishy Vishwanathan,S. V. N. Vishwanathan
Subbayyan Venkatesan,S. Venkatesan
Sachin Rajsekhar Katti,Sachin Katti
S. J. Creese,Sadie Creese
Sahand N. Negahban,Sahand Negahban
Sahra Sedigh,Sahra Sedigh Sarvestani
Sahra Sedigh-Ali,Sahra Sedigh Sarvestani
Sai Kit Yeung,Sai-Kit Yeung
Norma Saiph Savage,Saiph Savage
Sajal Kumar Das,Sajal K. Das
Salil Kanhere,Salil S. Kanhere
Sami Sebastian Brandt,Sami S. Brandt
Samir R. Das,Samir Ranjan Das
Samuel J. Lomonaco Jr.,Samuel J. Lomonaco
Sam Madden,Samuel Madden
Samuel R. Madden,Samuel Madden
Sam Kamin,Samuel N. Kamin
Sam Buss,Samuel R. Buss
Samuel Talmadge King,Samuel T. King
Sandeep Kumar Shukla,Sandeep K. Shukla
Sandra Maria Aluísio,Sandra M. Aluísio
Sandra L. Mitchell,Sandra Mitchell Hedetniemi
Sandra Julieta Rueda,Sandra Rueda
Sanem Sariel Talay,Sanem Sariel
Sanjay K. Jha,Sanjay Jha
Sanjay Madria,Sanjay Kumar Madria
Sanjay Rajopadhye,Sanjay V. Rajopadhye
Sanjoy Baruah,Sanjoy K. Baruah
Santi Ontañón Villar,Santiago Ontañón
Santi Ontañón,Santiago Ontañón
Santosh Srinivas Vempala,Santosh Vempala
Sara Cordeiro Madeira,Sara C. Madeira
Sara Shurin,Sara Cohen
Jagannathan Sarangapani,Sarangapani Jagannathan
Sartaj K. Sahni,Sartaj Sahni
Satinder Pal Singh,Satinder P. Singh
Satinder Singh (Baveja),Satinder P. Singh
Saul Aaron Kripke,Saul Kripke
Scott L. Nykl,Scott Nykl
Hock Soon Seah,Seah Hock Soon
Sean Holden,Sean B. Holden
Sean Warnick,Sean C. Warnick
Sebastian Thore Erdweg,Sebastian Erdweg
Seda Ogrenci,Seda Ogrenci Memik
Sekou L. Remy,Sekou Remy
Sema F. Oktug,Sema Oktug
Sergei Bespamyatnikh,Sergey Bereg
Sergey Polyakovsky,Sergey Polyakovskiy
Sergio Alvarez Pardo,Sergio Alvarez
Sergiu Dascalu,Sergiu M. Dascalu
C. Seshadhri,Seshadhri Comandur
Seth Lewis Gilbert,Seth Gilbert
Seth Sanders,Seth R. Sanders
Seungryoul Maeng,Seung Ryoul Maeng
S. Hamed Hassani,Seyed Hamed Hassani
Seyed Hassan Mirian,Seyed-Hassan Mirian-Hosseinabadi
Shafiq Rayhan Joty,Shafiq R. Joty
Sham Kakade,Sham M. Kakade
Shambhu Upadhyaya,Shambhu J. Upadhyaya
Shazia W. Sadiq,Shazia Wasim Sadiq
Sheila Adele Greibach,Sheila A. Greibach
Sheila Carlyle-Greibach,Sheila A. Greibach
Xiang-Dong Tan,Sheldon X.-D. Tan
Furao Shen,Shen Furao
Sheng Li 0003,Sheng Li
Robert Shan,Shiguang Shan
Shih-wei Liao,Shih-Wei Liao
S. C. Cheung,Shing-Chi Cheung
Shi-Qiang Yang,Shiqiang Yang
Sean P. Engelson,Shlomo Argamon
Shlomo Argamon-Engelson,Shlomo Argamon
Muli Safra,Shmuel Safra
Mooly Sagiv,Shmuel Sagiv
Shmuel T. Klein,Shmuel Tomi Klein
Shou-de Lin,Shou-De Lin
Shrikanth Narayanan,Shrikanth S. Narayanan
Shuang (Sean) Luan,Shuang Luan
S.-H. Gary Chan,Shueng-Han Gary Chan
Shwetak Patel,Shwetak N. Patel
S. Q. Zheng,Si-Qing Zheng
Siamak Fayyaz Shahandashti,Siamak F. Shahandashti
Siamak (Moshen) Ravanbakhsh,Siamak Ravanbakhsh
Chi-Kin Chau,Sid Chi-Kin Chau
Silvia S. C. Botelho,Silvia Silva da Costa Botelho
Silvia Takahashi,Silvia Takahashi Rodríguez
Simon Julier,Simon J. Julier
Simon Justin Julier,Simon J. Julier
Simon J. Laing,Simon Laing
S. E. M. O'Keefe,Simon O'Keefe
Simone Anja Ludwig,Simone A. Ludwig
Simone Diniz Junqueira Barbosa,Simone D. J. Barbosa
Simone R. S. Souza,Simone do Rocio Senger de Souza
Siome Klein Goldenstein,Siome Goldenstein
Smruti Sarangi,Smruti R. Sarangi
Soheil Feizi-Khankandi,Soheil Feizi
Solange O. Rezende,Solange Oliveira Rezende
Somaya Ali Al-Máadeed,Somaya Al-Máadeed
Song Chun Zhu,Song-Chun Zhu
Soon Joo Hyun,Soon J. Hyun
Sotirios P. Chatzis,Sotirios Chatzis
Soumya Kanti Ghosh 0001,Soumya K. Ghosh
Spiros E. Papadimitriou,Spiros Papadimitriou
Sri Kurniawan,Sri Hastuti Kurniawan
Sridevan Parameswaran,Sri Parameswaran
Sampalli Srinivas,Srinivas Sampalli
Stacy C. Marsella,Stacy Marsella
Stanislaw Szpakowicz,Stan Szpakowicz
Stan Zdonik,Stanley B. Zdonik
Stan Ahalt,Stanley C. Ahalt
Stefan M. Schmid,Stefan Schmid 0001
Stefanie Sabrina Jegelka,Stefanie Jegelka
Stefanie Mueller 0001,Stefanie Müller 0001
Stefanie Rinderle,Stefanie Rinderle-Ma
Stefanos P. Zafeiriou,Stefanos Zafeiriou
Stenio Fernandes,Stenio F. L. Fernandes
Steve B. Furber,Stephen B. Furber
Steve Furber,Stephen B. Furber
Stephen Brookes,Stephen D. Brookes
Stephen Pulman,Stephen G. Pulman
Stephen T. Gilmore,Stephen Gilmore
Stephen Blackburn,Stephen M. Blackburn
Steve Blackburn,Stephen M. Blackburn
Stephen H. Muggleton,Stephen Muggleton
Stephen Marsland,Stephen R. Marsland
Steve Schneider,Steve A. Schneider
Steve H. Harrison,Steve Harrison
Steve Easterbrook,Steve M. Easterbrook
Stephen R. Marschner,Steve Marschner
Stephen Pettifer,Steve Pettifer
Stephen Robert Pettifer,Steve Pettifer
Stephen Renals,Steve Renals
Steven Chu-Hong Hoi,Steven C. H. Hoi
Steven P. Dow,Steven Dow
Euijong Whang,Steven Euijong Whang
Steven Whang,Steven Euijong Whang
Steven Feiner,Steven K. Feiner
Steven M. Kelk,Steven Kelk
Steve Tanimoto,Steven L. Tanimoto
Steve Bellovin,Steven M. Bellovin
Steven A. Myers,Steven Myers
Steven Lumetta,Steven S. Lumetta
Efstratios Viglas,Stratis Viglas
Stratis D. Viglas,Stratis Viglas
Stuart Russell,Stuart J. Russell
Stéphane Sotèg Somé,Stéphane S. Somé
S. C. Mukhopadhyay,Subhas Mukhopadhyay
Subhas C. Mukhopadhyay,Subhas Mukhopadhyay
Subhas Chandra Mukhopadhyay,Subhas Mukhopadhyay
Subodh Vishnu Sharma,Subodh Sharma
Ramanathan Subramanian,Subramanian Ramanathan
S. R. S. Iyengar,Sudarshan Iyengar
Sue B. Moon,Sue Moon
Sukhvinder Hara,Sukhvinder K. Hara
Sule Gündüz,Sule Gündüz Ögüdücü
Sumitra M. Mukherjee,Sumitra Mukherjee
Sunil Easaw Simon,Sunil Simon
Susan Weber McRoy,Susan McRoy
Susan M. Üsküdarli,Suzan Üsküdarli
S. A. Puzynina,Svetlana Puzynina
Sérgio C. B. Soares,Sérgio Soares
Cenk S. Sahinalp,Süleyman Cenk Sahinalp
Dean Hendrix,T. Dean Hendrix
Tevfik Metin Sezgin,T. Metin Sezgin
Thomas S. E. Maibaum,T. S. E. Maibaum
Thomas Stephen Edward Maibaum,T. S. E. Maibaum
Tom Maibaum,T. S. E. Maibaum
Tze Sing Eugene Ng,T. S. Eugene Ng
Tat Yung Kong,T. Yung Kong
Taieb F. Znati,Taieb Znati
Tajana Rosing,Tajana Simunic
Tajana S. Rosing,Tajana Simunic
Tajana Simunic Rosing,Tajana Simunic
Tamal Krishna Dey,Tamal K. Dey
Md. Tamjidul Hoque,Tamjidul Hoque
Bheemarjuna Reddy Tamma,Tamma Bheemarjuna Reddy
T. D. Gedeon,Tamás D. Gedeon
Tom Gedeon,Tamás D. Gedeon
Tanir Özçelebi,Tanir Ozcelebi
Tariq O. Andersen,Tariq Andersen
Cham Tat Jen,Tat-Jen Cham
Tawanna R. Dillahunt,Tawanna Dillahunt
Taylor Johnson,Taylor T. Johnson
Edward John Briscoe,Ted Briscoe
Taekyoung Kwon,Ted Taekyoung Kwon
Ted Kwon,Ted Taekyoung Kwon
Terry Soule,Terence Soule
Teresa Maria Sa Ferreira Vazão Vasques,Teresa Maria Vazão
Teresa K. Attwood,Terri K. Attwood
Teofilo de Campos,Teófilo Emídio de Campos
T. E. Starner,Thad Starner
Thad E. Starner,Thad Starner
ThanhVu H. Nguyen,ThanhVu Nguyen
T. Kesavadas,Thenkurussi Kesavadas
T. Z. Kalamboukis,Theodore Kalamboukis
Theodore Ted S. Rappaport,Theodore S. Rappaport
Theo Tryfonas,Theodore Tryfonas
Tom Williams 0001,Thomas Emrys Williams
Tom La Porta,Thomas F. La Porta
Tom Melham,Thomas F. Melham
Thomas K. Huckle,Thomas Huckle
Thomas Lawrence Sterling,Thomas L. Sterling
Thomas Martin Deserno,Thomas M. Deserno
Thomas Martin Lehmann,Thomas M. Deserno
Tom Hayes,Thomas P. Hayes
Thomas Ploetz,Thomas Plötz
Thomas Rothvoss,Thomas Rothvoß
Tom Shrimpton,Thomas Shrimpton
Thomas Troels Hildebrandt,Thomas T. Hildebrandt
Thu Duc Nguyen,Thu D. Nguyen
Tiago Ferreto,Tiago C. Ferreto
Tien Dai Bui,Tien D. Bui
T. N. Tan,Tieniu Tan
Hsiang-Ting Chen,Tim Chen
Timothy Stewart French,Tim French
Tim Erhan Güneysu,Tim Güneysu
Tim P. Kelly,Tim Kelly
Timothy Storer,Tim Storer
Tim Wilhelm Nattkemper,Tim W. Nattkemper
Tim Bell,Timothy C. Bell
Timothy Griffin,Timothy G. Griffin
Timothy C. Lethbridge,Timothy Lethbridge
Tim Sherwood,Timothy Sherwood
Tim Finin,Timothy W. Finin
Tin Nguyen,Tin Chi Nguyen
Toacy C. Oliveira,Toacy Cavalcante de Oliveira
Thomas A. Goldstein,Tom Goldstein
Thomas Goldstein,Tom Goldstein
Tom Michael Mitchell,Tom M. Mitchell
Weidong Cai,Tom Weidong Cai
Tomasz Pawel Michalak,Tomasz P. Michalak
A. J. Field,Tony Field
Anthony J. Field,Tony Field
Torben Amtoft Hansen,Torben Amtoft
Torben Ægidius Mogensen,Torben Æ. Mogensen
Torsten Ingo Braun,Torsten Braun
Torsten Höfler,Torsten Hoefler
Torsten Kroeger,Torsten Kröger
Torsten W. Kuhlen,Torsten Kuhlen
Torsten Wolfgang Kuhlen,Torsten Kuhlen
Tracy Hammond,Tracy Anne Hammond
Trevor Alexander Brown,Trevor Brown 0001
Trevor Anthony Cohn,Trevor Cohn
Trevor E. Carlson,Trevor Erik Carlson
Troels Bjerre Sørensen,Troels Bjerre Lund
Truong X. Nghiem,Truong Nghiem
Tse-Hsun Chen,Tse-Hsun (Peter) Chen
Tucker Balch,Tucker R. Balch
Tunga Gungor,Tunga Güngör
Ueli M. Maurer,Ueli Maurer
Uli Sorger,Ulrich K. Sorger
Ulrich Sorger,Ulrich K. Sorger
Ulrich Günther,Ulrich Speidel
Uli Sattler,Ulrike Sattler
Uluç Saranli,Uluc Saranli
Ulugbek S. Kamilov,Ulugbek Kamilov
Uvais Qidwai,Uvais A. Qidwai
Uwe Assmann,Uwe Aßmann
Venkat N. Venkatakrishnan,V. N. Venkatakrishnan
Vagner S. Rosa,Vagner Santos Da Rosa
Val Breazu-Tannen,Val Tannen
Valeriu Breazu,Val Tannen
Valmir C. Barbosa,Valmir Carneiro Barbosa
Vanessa Braganholo Murta,Vanessa Braganholo
Vanessa P. Braganholo,Vanessa Braganholo
Vanessa de Paula Braganholo,Vanessa Braganholo
Vashek Matyás,Vashek Matyas
Venkatachalam Anantharam,Venkat Anantharam
Venkatesh-Prasad Ranganath,Venkatesh Prasad Ranganath
Venugopal Govindaraju,Venu Govindaraju
Vasiliki Kantere,Verena Kantere
Verena Vanessa Hafner,Verena V. Hafner
Veronika A. Vanden Abeele,Vero Vanden Abeele
Vicente Ordóñez Román,Vicente Ordonez
Vic Ciesielski,Victor Ciesielski
Victor Milenkovic,Victor J. Milenkovic
Victor Frost,Victor S. Frost
V. Wiktor Marek,Victor W. Marek
Victor Pan,Victor Y. Pan
Victor W. Zue,Victor Zue
V. K. Prasanna Kumar,Viktor K. Prasanna
Victor de Boer,Viktor de Boer
Viktoria Pammer,Viktoria Pammer-Schindler
Vinayak Naik,Vinayak S. Naik
Vincent A. W. M. M. Aleven,Vincent Aleven
Vincent C. S. Lee,Vincent Cheng-Siong Lee
Vincent Y. Shen,Vincent Yun Shen
Vineeth Nallure Balasubramanian,Vineeth N. Balasubramanian
Vinhthuy Phan,Vinhthuy T. Phan
Vinicius C. Garcia,Vinicius Cardoso Garcia
V. Vinod,Vinod Vaikuntanathan
Viorica Sofronie,Viorica Sofronie-Stokkermans
Vir Virander Phoha,Vir V. Phoha
Virendra C. Bhavsar,Virendrakumar C. Bhavsar
Virginia Vassilevska,Virginia Vassilevska Williams
Virgílio Augusto Fernandes Almeida,Virgílio A. F. Almeida
Viviane Moreira Orengo,Viviane Pereira Moreira
Vladimir I. Pavlovic,Vladimir Pavlovic
Vladimir Marko Stojanovic,Vladimir Stojanovic
Voicu Z. Groza,Voicu Groza
Volker P. Brendel,Volker Brendel
Vaclav Rajlich,Václav Rajlich
Willem B. Kleijn,W. Bastiaan Kleijn
Williams B. Seales,W. Brent Seales
Wm. Randolph Franklin,W. Randolph Franklin
Walter Tichy,Walter F. Tichy
Walter Stephen Lasecki,Walter S. Lasecki
Wan J. Fokkink,Wan Fokkink
Wanchun Dou,Wan-Chun Dou
Wang-Chiew Tan,Wang Chiew Tan
Warren Buckler Powell,Warren B. Powell
Wayne M. Eberly,Wayne Eberly
Wayne Enright,Wayne H. Enright
Webb C. Miller,Webb Miller
Wei Vivian Liu,Wei Liu 0006
Li Weigang,Weigang Li
Wen-mei Hwu,Wen-mei W. Hwu
Wendi Beth Heinzelman,Wendi B. Heinzelman
Wendi Rabiner Heinzelman,Wendi B. Heinzelman
Wendi Rabiner,Wendi B. Heinzelman
Hui Wang 0013,Wendy Hui Wang
Werner Michael Dietl,Werner Dietl
Wilhelm R. Rossak,Wilhelm Rossak
Bill Barrett,William A. Barrett
William Hoff,William A. Hoff
Bill Aiello,William Aiello
William F. Punch III,William F. Punch
Bill Gropp,William Gropp
William D. Gropp,William Gropp
William John Knottenbelt,William J. Knottenbelt
William L. Kocay,William Kocay
Kwok-Wai Cheung,William Kwok-Wai Cheung
William K. Cheung,William Kwok-Wai Cheung
Bill Scherlis,William L. Scherlis
Nick Sumner,William N. Sumner
Bill Freeman,William T. Freeman
Red Whittaker,William Whittaker
William L. Whittaker,William Whittaker
Ken Wing-Kin Sung,Wing-Kin Sung
Winston K. G. Seah,Winston Khoon Guan Seah
Winston Seah,Winston Khoon Guan Seah
WonGyu Lee,Won-Gyu Lee
Wooi Boon Goh,Wooi-Boon Goh
Wray Lindsay Buntine,Wray L. Buntine
Xianping Tao,XianPing Tao
Xianfeng David Gu,Xianfeng Gu
Xiang-Dong Zhou,Xiangdong Zhou
Xiaodan Zhu,Xiao-Dan Zhu
Xiao Shaun Wang,Xiao Wang 0012
XiaoFeng Wang 0006,XiaoFeng Wang 0001
Xiaobo Hu,Xiaobo Sharon Hu
Xiaohong Gao,Xiaohong W. Gao
Xiaojin (Jerry) Zhu,Xiaojin Zhu 0001
Xiaoli Fern,Xiaoli Z. Fern
Xiaoli Zhang Fern,Xiaoli Z. Fern
Xiaodong Li,Xiaong-Dong Li
X. Sean Wang,Xiaoyang Sean Wang
Xinming Simon Ou,Xinming Ou
Tony He,Xue-Zhong He
Xue-wen (William) Chen,Xue-wen Chen 0001
Yong Chiang Tay,Y. C. Tay
Yu Charlie Hu,Y. Charlie Hu
Yadati Narahari,Y. Narahari
Raghu Reddy,Y. Raghu Reddy
Kobi Gal,Ya'akov Gal
Ya'akov (Kobi) Gal,Ya'akov Gal
Yan (Michael) Zhang,Yan Zhang 0004
Young Cao,Yang Cao 0001
Yangdong Steve Deng,Yangdong Deng
John Yiannis Cotronis,Yannis Cotronis
Yiannis Cotronis,Yannis Cotronis
Yan-Qing Zhang,Yanqing Zhang
Yaser Pourmohammadi Fallah,Yaser P. Fallah
Yaser Pourmohammadi,Yaser P. Fallah
Ya-sha Wang,Yasha Wang
Hezy Yeshurun,Yehezkel Yeshurun
Yicheng Tu,Yi-Cheng Tu
John Aloimonos,Yiannis Aloimonos
Yitzhak (Tsahi) Birk,Yitzhak Birk
Yiu-Kai Dennis Ng,Yiu-Kai Ng
Yiying Zhang,Yiying Zhang 0005
Youcef Saad,Yousef Saad
Yuanshun Dai,Yuan-Shun Dai
Yuanyuan Zhou 0001,Yuanyuan Zhou
Yücel Yemez,Yucel Yemez
Yuezhi Zhou,Yue-Zhi Zhou
Yufeng Jane Tseng,Yufeng J. Tseng
Yuliya Babovich,Yuliya Lierler
Yuliya Babovich-Lierler,Yuliya Lierler
Y. Murat Erten,Yusuf Murat Erten
Yvonne J. F. M. Jansen,Yvonne Jansen
Zehra Meral Özsoyoglu,Z. Meral Özsoyoglu
Zac Friggstad,Zachary Friggstad
Zack Butler,Zack J. Butler
Zehra Çataltepe,Zehra Cataltepe
Zeki Erkin,Zekeriya Erkin
Zhijie Shi,Zhijie Jerry Shi
Zhongfei (Mark) Zhang,Zhongfei Zhang
Zi Helen Huang,Zi Huang
Z. Cihan Taysi,Ziya Cihan Taysi
M. Zubair Shafiq,Zubair Shafiq
Muhammad Zubair Shafiq,Zubair Shafiq
Álvaro Freitas Moreira,Álvaro F. Moreira
Ítalo Cunha,Ítalo S. Cunha
Oscar Cánovas Reverte,Óscar Cánovas Reverte
Óscar Cánovas,Óscar Cánovas Reverte
Oznur Tastan,Öznur Tastan
Flora D. Salim,Flora Dilys Salim
Adam Bates,Adam M. Bates 0001
