name,affiliation,homepage,scholarid
Manuela M. Veloso,Carnegie Mellon University,https://www.cs.cmu.edu/~mmv/,2FbkAzYAAAAJ
Luke S. Zettlemoyer,University of Washington,https://www.cs.washington.edu/people/faculty/lsz/,UjpbO6IAAAAJ
Luke Zettlemoyer,University of Washington,https://www.cs.washington.edu/people/faculty/lsz/,UjpbO6IAAAAJ
Abhinav Gupta,Carnegie Mellon University,http://www.cs.cmu.edu/~abhinavg/,bqL73OkAAAAJ
Jessica K. Hodgins,Carnegie Mellon University,http://www.cs.cmu.edu/~jkh/,vswo4rQAAAAJ
Noah A. Smith,University of Washington,https://www.cs.washington.edu/people/faculty/nasmith/,TjdFs3EAAAAJ
Yejin Choi,University of Washington,http://homes.cs.washington.edu/~yejin/,vhP-tlcAAAAJ
Pascal Vincent,University of Montreal,https://www.iro.umontreal.ca/~vincentp/,WBCKQMsAAAAJ
Lior Wolf,Tel Aviv University,http://www.cs.tau.ac.il/~wolf/,UbFrXTsAAAAJ
Robert Fergus,New York University,http://cs.nyu.edu/fergus/,GgQ9GEkAAAAJ
KyungHyun Cho,New York University,http://www.kyunghyuncho.me/,0RAmmIAAAAAJ
Kyunghyun Cho,New York University,http://www.kyunghyuncho.me/,0RAmmIAAAAAJ
Kyunghyuns Cho,New York University,http://www.kyunghyuncho.me/,0RAmmIAAAAAJ
Landon P. Cox,Duke University,https://users.cs.duke.edu/~lpcox/,zoBGvW4AAAAJ
Paul E. Debevec,University of Southern California,http://www.pauldebevec.com/,rukYqhAAAAAJ
Ben Bederson,University of Maryland - College Park,http://www.cs.umd.edu/~bederson/,IcW1vJEAAAAJ
Benjamin B. Bederson,University of Maryland - College Park,http://www.cs.umd.edu/~bederson/,IcW1vJEAAAAJ
Minaxi Gupta,Indiana University,http://www.cs.indiana.edu/~minaxi/,NOSCHOLARPAGE
Steven Myers,Indiana University,http://wphomes.soic.indiana.edu/samyers/,SQnCsswAAAAJ
Benjamin Livshits,Imperial College London,http://www3.imperial.ac.uk/portal/page/portallive/0CC35F0D599A9668E050C69B473942D5/,jaITaUcAAAAJ
Dieter Fox,University of Washington,http://homes.cs.washington.edu/~fox/,DqXsbPAAAAAJ
V. Benjamin Livshits,Imperial College London,http://www.imperial.ac.uk/computing/people/alphabetical/academic-staff/,jaITaUcAAAAJ
Hao Li,University of Southern California,http://www.hao-li.com/,pPutNUwAAAAJ
J. Zico Kolter,Carnegie Mellon University,http://www.zicokolter.com/,NOSCHOLARPAGE
Raquel Urtasun,University of Toronto,http://www.cs.toronto.edu/~urtasun/,jyxO2akAAAAJ
Akshay Krishnamurthy,University of Massachusetts Amherst,https://www.cics.umass.edu/~akshay/,K0kaNvkAAAAJ
Andrew Warfield,University of British Columbia,http://www.cs.ubc.ca/~andy/,0YpfgJ8AAAAJ
Peter Bailis,Stanford University,http://www.bailis.org/,qG1LVpQAAAAJ
Alastair F. Donaldson,Imperial College London,http://multicore.doc.ic.ac.uk/,ZIUuqNwAAAAJ
Ariel J. Feldman,University of Chicago,https://arifeldman.com/,471mb4wAAAAJ
Kenneth O. Stanley,University of Central Florida,http://www.cs.ucf.edu/~kstanley,6Q6oO1MAAAAJ
Ruslan Salakhutdinov,Carnegie Mellon University,http://www.cs.cmu.edu/~rsalakhu,ITZ1e7MAAAAJ
Stefano Soatto,University of California - Los Angeles,http://www.cs.ucla.edu/~soatto,lH1PdF8AAAAJ
Mark Harman,University College London,http://www0.cs.ucl.ac.uk/staff/M.Harman,IwSN8IgAAAAJ
Siddhartha S. Srinivasa,University of Washington,http://www.cs.cmu.edu/~siddh,RCi98EAAAAAJ
Siddhartha Srinivasa,University of Washington,http://www.cs.cmu.edu/~siddh,RCi98EAAAAAJ
Jean Yang 0001,Carnegie Mellon University,https://www.cs.cmu.edu/~jyang2,RQGtMhoAAAAJ
Pedro M. Domingos,University of Washington,http://homes.cs.washington.edu/~pedrod,InHFk68AAAAJ
David L. Dill,Stanford University,https://profiles.stanford.edu/david-dill,qHkTTf4AAAAJ
Xue (Steve) Liu,McGill University,http://www.cs.mcgill.ca/~xueliu,rfLIRakAAAAJ
Xue Liu 0001,McGill University,http://www.cs.mcgill.ca/~xueliu,rfLIRakAAAAJ
